customer_id,signup_date,acquisition_channel,customer_email,country,city
C00001,2023-03-25,Direct,cust1@example.com,US,Delhi
C00002,2024-03-30,Email,cust2@example.com,UK,Sydney
C00003,2024-06-05,Paid Search,cust3@example.com,IN,London
C00004,2024-09-21,Email,cust4@example.com,US,London
C00005,2024-02-29,Organic Search,cust5@example.com,IN,Sydney
C00006,2023-12-08,Direct,cust6@example.com,UK,Toronto
C00007,2024-09-19,Organic Search,cust7@example.com,IN,Bangalore
C00008,2024-11-29,Direct,cust8@example.com,CA,Sydney
C00009,2024-07-25,Paid Search,cust9@example.com,US,Mumbai
C00010,2024-05-17,Email,cust10@example.com,AU,NYC
C00011,2023-05-11,Paid Search,cust11@example.com,US,Mumbai
C00012,2024-01-06,Influencer,cust12@example.com,IN,London
C00013,2023-04-19,Email,cust13@example.com,IN,Pune
C00014,2023-11-14,Email,cust14@example.com,IN,Toronto
C00015,2024-07-20,Paid Search,cust15@example.com,UK,Delhi
C00016,2023-11-28,Email,cust16@example.com,IN,NYC
C00017,2024-08-04,Social Ads,cust17@example.com,UK,Mumbai
C00018,2023-05-24,Paid Search,cust18@example.com,UK,Bangalore
C00019,2024-08-12,Organic Search,cust19@example.com,IN,London
C00020,2024-07-31,Organic Search,cust20@example.com,US,London
C00021,2023-09-09,Direct,cust21@example.com,UK,Sydney
C00022,2024-05-14,Direct,cust22@example.com,US,Sydney
C00023,2023-12-18,Organic Search,cust23@example.com,IN,London
C00024,2023-02-16,Organic Search,cust24@example.com,IN,Delhi
C00025,2024-03-15,Paid Search,cust25@example.com,UK,NYC
C00026,2023-12-13,Influencer,cust26@example.com,CA,Mumbai
C00027,2023-08-07,Organic Search,cust27@example.com,IN,London
C00028,2024-05-14,Email,cust28@example.com,IN,NYC
C00029,2023-03-19,Direct,cust29@example.com,IN,NYC
C00030,2024-01-13,Email,cust30@example.com,UK,Delhi
C00031,2024-03-24,Influencer,cust31@example.com,IN,NYC
C00032,2024-08-01,Social Ads,cust32@example.com,IN,Sydney
C00033,2023-11-20,Social Ads,cust33@example.com,US,London
C00034,2023-03-12,Paid Search,cust34@example.com,US,Bangalore
C00035,2024-01-31,Influencer,cust35@example.com,UK,Pune
C00036,2024-06-23,Paid Search,cust36@example.com,IN,London
C00037,2024-10-16,Social Ads,cust37@example.com,IN,NYC
C00038,2023-04-26,Organic Search,cust38@example.com,IN,London
C00039,2023-12-30,Email,cust39@example.com,IN,Mumbai
C00040,2023-05-24,Direct,cust40@example.com,IN,Bangalore
C00041,2024-01-12,Social Ads,cust41@example.com,IN,Pune
C00042,2024-10-04,Email,cust42@example.com,CA,London
C00043,2023-05-04,Email,cust43@example.com,CA,Mumbai
C00044,2024-06-30,Paid Search,cust44@example.com,IN,Mumbai
C00045,2023-05-05,Social Ads,cust45@example.com,IN,Bangalore
C00046,2024-01-10,Organic Search,cust46@example.com,IN,London
C00047,2024-06-08,Organic Search,cust47@example.com,IN,NYC
C00048,2024-03-13,Paid Search,cust48@example.com,US,Mumbai
C00049,2024-06-26,Email,cust49@example.com,IN,Pune
C00050,2023-12-14,Direct,cust50@example.com,IN,Sydney
C00051,2024-10-24,Paid Search,cust51@example.com,US,Bangalore
C00052,2024-07-14,Social Ads,cust52@example.com,AU,Toronto
C00053,2023-01-19,Organic Search,cust53@example.com,US,NYC
C00054,2024-02-21,Paid Search,cust54@example.com,AU,Bangalore
C00055,2023-06-16,Organic Search,cust55@example.com,UK,Toronto
C00056,2024-07-18,Social Ads,cust56@example.com,IN,London
C00057,2023-07-25,Direct,,IN,Sydney
C00058,2024-08-16,Organic Search,cust58@example.com,US,Pune
C00059,2024-09-16,Direct,cust59@example.com,IN,Pune
C00060,2023-09-12,Organic Search,cust60@example.com,IN,Toronto
C00061,2024-01-22,Paid Search,cust61@example.com,CA,London
C00062,2024-06-29,Organic Search,cust62@example.com,CA,Sydney
C00063,2024-07-13,Paid Search,cust63@example.com,IN,Toronto
C00064,2024-05-04,Paid Search,cust64@example.com,US,London
C00065,2024-11-20,Email,cust65@example.com,IN,Delhi
C00066,2024-07-29,Email,cust66@example.com,US,Pune
C00067,2024-01-23,Influencer,cust67@example.com,IN,Pune
C00068,2023-04-09,Paid Search,cust68@example.com,UK,Pune
C00069,2024-02-25,Influencer,cust69@example.com,CA,Pune
C00070,2023-10-11,Direct,cust70@example.com,IN,London
C00071,2024-05-31,Organic Search,cust71@example.com,IN,NYC
C00072,2024-08-08,Paid Search,cust72@example.com,UK,Toronto
C00073,2024-02-01,Email,cust73@example.com,CA,NYC
C00074,2023-12-05,Paid Search,cust74@example.com,IN,Bangalore
C00075,2023-02-05,Email,cust75@example.com,IN,Pune
C00076,2023-11-28,Paid Search,cust76@example.com,IN,NYC
C00077,2024-04-26,Paid Search,cust77@example.com,UK,NYC
C00078,2023-01-02,Social Ads,,IN,NYC
C00079,2023-03-06,Social Ads,cust79@example.com,CA,Sydney
C00080,2023-12-31,Organic Search,cust80@example.com,UK,Sydney
C00081,2024-07-18,Influencer,cust81@example.com,AU,Mumbai
C00082,2024-09-24,Influencer,cust82@example.com,IN,Pune
C00083,2023-01-28,Influencer,cust83@example.com,IN,NYC
C00084,2023-11-28,Paid Search,cust84@example.com,UK,Delhi
C00085,2024-10-09,Social Ads,cust85@example.com,US,London
C00086,2023-02-08,Email,cust86@example.com,US,London
C00087,2024-02-22,Organic Search,cust87@example.com,IN,NYC
C00088,2024-01-07,Paid Search,cust88@example.com,US,Toronto
C00089,2024-01-13,Direct,cust89@example.com,US,Toronto
C00090,2023-10-26,Direct,cust90@example.com,US,Pune
C00091,2023-01-15,Direct,cust91@example.com,CA,Delhi
C00092,2023-02-19,Organic Search,cust92@example.com,IN,London
C00093,2023-12-02,Email,cust93@example.com,CA,Pune
C00094,2023-03-06,Paid Search,cust94@example.com,UK,Mumbai
C00095,2023-03-19,Paid Search,cust95@example.com,IN,London
C00096,2024-02-17,Paid Search,cust96@example.com,IN,Sydney
C00097,2023-09-27,Influencer,cust97@example.com,CA,NYC
C00098,2023-07-01,Email,cust98@example.com,AU,Toronto
C00099,2023-11-24,Email,cust99@example.com,CA,Delhi
C00100,2023-10-09,Direct,cust100@example.com,AU,London
C00101,2023-06-11,Organic Search,cust101@example.com,IN,Delhi
C00102,2024-08-01,Direct,cust102@example.com,IN,Mumbai
C00103,2024-10-11,Social Ads,cust103@example.com,IN,Pune
C00104,2023-12-10,Social Ads,cust104@example.com,US,NYC
C00105,2023-06-06,Email,cust105@example.com,US,Pune
C00106,2023-11-17,Paid Search,cust106@example.com,US,Delhi
C00107,2024-10-30,Direct,cust107@example.com,US,NYC
C00108,2024-05-29,Paid Search,cust108@example.com,IN,Delhi
C00109,2024-05-21,Email,cust109@example.com,IN,NYC
C00110,2024-09-18,Social Ads,cust110@example.com,AU,London
C00111,2024-02-19,Direct,cust111@example.com,US,Delhi
C00112,2024-08-28,Influencer,cust112@example.com,AU,Bangalore
C00113,2024-08-18,Direct,cust113@example.com,AU,Mumbai
C00114,2024-10-13,Organic Search,cust114@example.com,IN,NYC
C00115,2024-09-08,Direct,cust115@example.com,AU,Pune
C00116,2024-07-27,Organic Search,cust116@example.com,IN,Pune
C00117,2024-08-05,Email,,IN,London
C00118,2023-08-17,Email,cust118@example.com,IN,Toronto
C00119,2024-01-13,Direct,cust119@example.com,UK,Pune
C00120,2023-10-30,Direct,cust120@example.com,IN,NYC
C00121,2023-03-13,Social Ads,cust121@example.com,IN,Delhi
C00122,2023-04-27,Direct,cust122@example.com,US,London
C00123,2024-03-10,Organic Search,cust123@example.com,CA,NYC
C00124,2023-11-09,Influencer,cust124@example.com,IN,NYC
C00125,2023-01-16,Paid Search,cust125@example.com,UK,Pune
C00126,2023-01-01,Organic Search,cust126@example.com,CA,Delhi
C00127,2023-11-12,Organic Search,cust127@example.com,US,Bangalore
C00128,2024-08-10,Direct,cust128@example.com,IN,Delhi
C00129,2024-10-27,Organic Search,cust129@example.com,CA,Toronto
C00130,2024-08-23,Social Ads,cust130@example.com,IN,Delhi
C00131,2023-10-14,Direct,cust131@example.com,IN,Toronto
C00132,2024-08-30,Influencer,cust132@example.com,US,Delhi
C00133,2024-11-08,Organic Search,cust133@example.com,UK,Sydney
C00134,2023-11-14,Email,,UK,Bangalore
C00135,2023-01-23,Social Ads,cust135@example.com,UK,Mumbai
C00136,2023-01-01,Email,cust136@example.com,IN,Mumbai
C00137,2023-05-21,Email,cust137@example.com,US,NYC
C00138,2024-02-18,Paid Search,cust138@example.com,IN,NYC
C00139,2023-02-20,Paid Search,cust139@example.com,US,Toronto
C00140,2024-04-04,Direct,cust140@example.com,CA,Delhi
C00141,2023-12-03,Organic Search,cust141@example.com,CA,Toronto
C00142,2023-01-13,Email,cust142@example.com,IN,Toronto
C00143,2023-01-07,Paid Search,cust143@example.com,IN,NYC
C00144,2023-02-27,Direct,cust144@example.com,IN,London
C00145,2024-02-02,Influencer,cust145@example.com,IN,Sydney
C00146,2024-04-14,Social Ads,cust146@example.com,AU,Mumbai
C00147,2024-10-17,Organic Search,cust147@example.com,UK,Toronto
C00148,2024-10-25,Email,cust148@example.com,US,Sydney
C00149,2023-02-26,Direct,cust149@example.com,UK,Pune
C00150,2023-12-03,Organic Search,cust150@example.com,IN,Pune
C00151,2023-02-12,Organic Search,cust151@example.com,AU,Pune
C00152,2023-08-19,Email,cust152@example.com,AU,NYC
C00153,2024-04-06,Email,cust153@example.com,UK,London
C00154,2023-08-21,Email,cust154@example.com,IN,Delhi
C00155,2024-04-21,Organic Search,cust155@example.com,IN,Bangalore
C00156,2023-05-02,Social Ads,cust156@example.com,AU,NYC
C00157,2023-08-31,Paid Search,cust157@example.com,IN,Mumbai
C00158,2023-12-26,Email,cust158@example.com,IN,Bangalore
C00159,2024-09-03,Social Ads,cust159@example.com,IN,Delhi
C00160,2023-07-18,Paid Search,cust160@example.com,US,NYC
C00161,2024-05-28,Organic Search,cust161@example.com,CA,Sydney
C00162,2024-03-18,Paid Search,cust162@example.com,IN,London
C00163,2023-12-11,Organic Search,cust163@example.com,IN,Toronto
C00164,2024-02-10,Influencer,cust164@example.com,US,Mumbai
C00165,2024-11-09,Paid Search,cust165@example.com,IN,Toronto
C00166,2024-02-24,Paid Search,cust166@example.com,IN,Pune
C00167,2023-02-21,Organic Search,cust167@example.com,IN,London
C00168,2023-04-13,Paid Search,cust168@example.com,CA,Mumbai
C00169,2023-04-27,Organic Search,cust169@example.com,UK,NYC
C00170,2024-01-09,Direct,cust170@example.com,IN,Sydney
C00171,2024-08-30,Organic Search,cust171@example.com,IN,Pune
C00172,2023-03-28,Organic Search,cust172@example.com,US,Delhi
C00173,2023-11-13,Social Ads,cust173@example.com,US,London
C00174,2024-04-26,Paid Search,cust174@example.com,US,London
C00175,2024-10-28,Influencer,cust175@example.com,US,Sydney
C00176,2024-01-01,Paid Search,cust176@example.com,IN,London
C00177,2023-08-04,Influencer,cust177@example.com,US,Pune
C00178,2023-05-12,Influencer,cust178@example.com,IN,Sydney
C00179,2023-05-05,Influencer,cust179@example.com,CA,Pune
C00180,2023-01-13,Organic Search,cust180@example.com,AU,Mumbai
C00181,2023-01-22,Social Ads,cust181@example.com,US,Delhi
C00182,2024-10-20,Direct,cust182@example.com,US,London
C00183,2024-04-05,Social Ads,cust183@example.com,CA,Mumbai
C00184,2024-11-26,Direct,cust184@example.com,IN,Delhi
C00185,2024-09-06,Paid Search,cust185@example.com,US,London
C00186,2024-09-22,Direct,cust186@example.com,AU,Mumbai
C00187,2023-03-26,Email,,IN,Bangalore
C00188,2024-03-02,Email,cust188@example.com,US,Mumbai
C00189,2023-06-16,Paid Search,cust189@example.com,IN,Delhi
C00190,2023-04-28,Influencer,cust190@example.com,US,NYC
C00191,2024-08-27,Email,cust191@example.com,IN,Pune
C00192,2023-03-18,Organic Search,cust192@example.com,IN,Bangalore
C00193,2024-03-01,Direct,cust193@example.com,UK,Delhi
C00194,2023-12-31,Direct,cust194@example.com,AU,NYC
C00195,2024-09-20,Organic Search,cust195@example.com,IN,NYC
C00196,2023-12-02,Organic Search,cust196@example.com,US,NYC
C00197,2023-07-19,Paid Search,cust197@example.com,US,Toronto
C00198,2023-03-04,Influencer,cust198@example.com,CA,Pune
C00199,2023-03-27,Organic Search,cust199@example.com,IN,NYC
C00200,2023-05-10,Paid Search,cust200@example.com,IN,Toronto
C00201,2024-11-05,Email,cust201@example.com,US,Toronto
C00202,2024-01-04,Organic Search,,US,NYC
C00203,2024-09-10,Organic Search,cust203@example.com,US,Pune
C00204,2023-09-10,Social Ads,cust204@example.com,US,Delhi
C00205,2024-06-30,Paid Search,cust205@example.com,IN,Pune
C00206,2024-07-20,Direct,cust206@example.com,IN,NYC
C00207,2023-04-28,Influencer,cust207@example.com,IN,Mumbai
C00208,2023-05-05,Paid Search,cust208@example.com,IN,Delhi
C00209,2023-06-12,Paid Search,cust209@example.com,US,Pune
C00210,2023-07-12,Email,cust210@example.com,IN,NYC
C00211,2024-05-17,Influencer,cust211@example.com,IN,Delhi
C00212,2024-02-27,Paid Search,cust212@example.com,UK,Bangalore
C00213,2023-03-01,Direct,cust213@example.com,IN,Delhi
C00214,2023-08-29,Email,cust214@example.com,AU,Bangalore
C00215,2024-07-14,Organic Search,cust215@example.com,AU,Pune
C00216,2024-04-21,Organic Search,cust216@example.com,IN,Pune
C00217,2024-11-26,Influencer,cust217@example.com,UK,London
C00218,2023-08-22,Email,cust218@example.com,CA,NYC
C00219,2024-04-28,Organic Search,cust219@example.com,IN,Mumbai
C00220,2024-07-29,Organic Search,cust220@example.com,CA,Delhi
C00221,2024-10-11,Organic Search,cust221@example.com,IN,NYC
C00222,2024-05-31,Direct,cust222@example.com,US,Bangalore
C00223,2024-03-12,Organic Search,cust223@example.com,IN,Toronto
C00224,2023-12-21,Organic Search,cust224@example.com,IN,Sydney
C00225,2023-07-04,Paid Search,cust225@example.com,CA,Mumbai
C00226,2023-12-23,Direct,cust226@example.com,CA,Pune
C00227,2023-12-27,Social Ads,cust227@example.com,CA,NYC
C00228,2023-10-01,Email,cust228@example.com,US,NYC
C00229,2023-09-24,Direct,cust229@example.com,UK,Toronto
C00230,2023-05-29,Direct,cust230@example.com,IN,Delhi
C00231,2024-05-01,Paid Search,cust231@example.com,US,Mumbai
C00232,2024-02-07,Email,cust232@example.com,US,Mumbai
C00233,2024-02-29,Direct,cust233@example.com,US,Mumbai
C00234,2024-07-31,Influencer,cust234@example.com,US,Bangalore
C00235,2023-04-05,Social Ads,cust235@example.com,CA,Toronto
C00236,2024-02-21,Social Ads,cust236@example.com,IN,Sydney
C00237,2024-03-24,Organic Search,cust237@example.com,US,Delhi
C00238,2023-09-28,Email,cust238@example.com,IN,London
C00239,2024-11-27,Organic Search,cust239@example.com,CA,Delhi
C00240,2023-04-30,Organic Search,cust240@example.com,IN,Sydney
C00241,2024-04-29,Organic Search,cust241@example.com,CA,Mumbai
C00242,2023-06-12,Organic Search,cust242@example.com,US,London
C00243,2023-10-26,Organic Search,cust243@example.com,IN,NYC
C00244,2023-09-05,Email,cust244@example.com,IN,NYC
C00245,2024-06-22,Organic Search,cust245@example.com,US,London
C00246,2024-07-07,Email,cust246@example.com,IN,NYC
C00247,2023-05-31,Organic Search,cust247@example.com,CA,Pune
C00248,2023-02-15,Organic Search,cust248@example.com,IN,Delhi
C00249,2023-11-15,Direct,cust249@example.com,US,Bangalore
C00250,2024-08-28,Organic Search,cust250@example.com,UK,NYC
C00251,2023-10-04,Email,cust251@example.com,AU,Mumbai
C00252,2023-03-13,Influencer,cust252@example.com,UK,Toronto
C00253,2023-06-28,Direct,cust253@example.com,CA,NYC
C00254,2024-07-31,Email,cust254@example.com,US,Mumbai
C00255,2024-03-05,Organic Search,cust255@example.com,IN,Toronto
C00256,2024-11-22,Paid Search,cust256@example.com,IN,Sydney
C00257,2024-05-16,Organic Search,cust257@example.com,IN,NYC
C00258,2023-12-23,Paid Search,cust258@example.com,CA,Bangalore
C00259,2024-06-26,Influencer,cust259@example.com,IN,NYC
C00260,2024-01-20,Direct,cust260@example.com,IN,Sydney
C00261,2023-02-27,Social Ads,cust261@example.com,UK,Mumbai
C00262,2024-11-14,Influencer,,IN,Bangalore
C00263,2024-06-26,Influencer,cust263@example.com,IN,Pune
C00264,2023-08-14,Organic Search,cust264@example.com,IN,NYC
C00265,2024-02-12,Influencer,cust265@example.com,US,Delhi
C00266,2023-01-31,Organic Search,cust266@example.com,IN,Toronto
C00267,2023-10-30,Paid Search,cust267@example.com,CA,London
C00268,2024-10-11,Influencer,cust268@example.com,IN,NYC
C00269,2023-07-20,Direct,cust269@example.com,AU,Mumbai
C00270,2024-01-16,Influencer,cust270@example.com,CA,London
C00271,2024-05-24,Direct,cust271@example.com,IN,London
C00272,2024-06-11,Paid Search,cust272@example.com,UK,Pune
C00273,2023-04-03,Influencer,cust273@example.com,IN,Delhi
C00274,2023-04-16,Paid Search,cust274@example.com,UK,Mumbai
C00275,2023-12-22,Paid Search,cust275@example.com,US,Sydney
C00276,2024-02-09,Direct,cust276@example.com,IN,Pune
C00277,2023-01-07,Organic Search,cust277@example.com,CA,Toronto
C00278,2023-05-16,Direct,cust278@example.com,IN,NYC
C00279,2024-05-28,Email,cust279@example.com,IN,NYC
C00280,2024-01-13,Email,cust280@example.com,AU,Bangalore
C00281,2024-06-06,Organic Search,cust281@example.com,IN,Delhi
C00282,2024-06-13,Direct,cust282@example.com,US,Pune
C00283,2023-09-15,Paid Search,cust283@example.com,AU,Delhi
C00284,2023-04-07,Influencer,,IN,Pune
C00285,2024-03-09,Paid Search,cust285@example.com,IN,Sydney
C00286,2024-09-03,Email,cust286@example.com,IN,Pune
C00287,2024-01-29,Email,cust287@example.com,US,Pune
C00288,2024-02-26,Organic Search,cust288@example.com,US,Delhi
C00289,2023-02-10,Paid Search,cust289@example.com,UK,Sydney
C00290,2024-07-31,Email,cust290@example.com,IN,Mumbai
C00291,2023-10-31,Organic Search,cust291@example.com,US,Delhi
C00292,2024-06-20,Influencer,cust292@example.com,IN,London
C00293,2024-03-21,Direct,cust293@example.com,IN,London
C00294,2024-06-07,Influencer,cust294@example.com,IN,Bangalore
C00295,2023-09-11,Paid Search,cust295@example.com,IN,London
C00296,2024-02-15,Influencer,cust296@example.com,UK,Delhi
C00297,2023-07-01,Paid Search,cust297@example.com,AU,NYC
C00298,2023-12-03,Paid Search,cust298@example.com,UK,Pune
C00299,2023-02-26,Influencer,cust299@example.com,IN,Mumbai
C00300,2023-01-05,Organic Search,cust300@example.com,IN,Mumbai
C00301,2024-06-09,Influencer,cust301@example.com,IN,Bangalore
C00302,2023-02-01,Organic Search,cust302@example.com,IN,London
C00303,2023-06-24,Paid Search,cust303@example.com,IN,NYC
C00304,2023-07-07,Organic Search,cust304@example.com,IN,Pune
C00305,2024-09-26,Organic Search,cust305@example.com,IN,Sydney
C00306,2023-03-02,Organic Search,cust306@example.com,US,Toronto
C00307,2024-01-28,Social Ads,cust307@example.com,IN,Toronto
C00308,2024-03-13,Email,cust308@example.com,IN,Sydney
C00309,2023-05-19,Email,cust309@example.com,CA,Toronto
C00310,2024-11-08,Organic Search,cust310@example.com,UK,Sydney
C00311,2023-06-25,Direct,cust311@example.com,US,NYC
C00312,2023-06-09,Paid Search,cust312@example.com,UK,Mumbai
C00313,2024-01-16,Organic Search,cust313@example.com,US,NYC
C00314,2023-04-09,Influencer,cust314@example.com,IN,Toronto
C00315,2023-10-16,Influencer,cust315@example.com,IN,Toronto
C00316,2023-03-20,Paid Search,cust316@example.com,UK,Mumbai
C00317,2023-05-21,Paid Search,cust317@example.com,IN,London
C00318,2024-06-11,Organic Search,cust318@example.com,US,Bangalore
C00319,2024-09-01,Organic Search,cust319@example.com,CA,Pune
C00320,2024-01-26,Email,cust320@example.com,IN,Bangalore
C00321,2024-01-13,Email,cust321@example.com,US,Mumbai
C00322,2023-10-06,Organic Search,cust322@example.com,IN,Bangalore
C00323,2024-01-02,Paid Search,cust323@example.com,US,NYC
C00324,2023-08-07,Influencer,cust324@example.com,AU,Pune
C00325,2023-04-21,Influencer,cust325@example.com,IN,Delhi
C00326,2023-09-12,Direct,cust326@example.com,US,Bangalore
C00327,2023-05-22,Organic Search,cust327@example.com,US,Delhi
C00328,2023-08-08,Direct,cust328@example.com,AU,Mumbai
C00329,2024-07-16,Email,cust329@example.com,IN,Sydney
C00330,2023-03-27,Influencer,cust330@example.com,CA,Pune
C00331,2023-10-27,Organic Search,,US,Mumbai
C00332,2023-01-21,Direct,cust332@example.com,IN,Delhi
C00333,2023-05-12,Direct,cust333@example.com,US,Delhi
C00334,2024-06-15,Social Ads,cust334@example.com,US,Mumbai
C00335,2023-09-08,Email,cust335@example.com,IN,Pune
C00336,2023-06-21,Organic Search,cust336@example.com,UK,Delhi
C00337,2023-04-10,Paid Search,cust337@example.com,UK,Mumbai
C00338,2023-11-01,Email,cust338@example.com,UK,London
C00339,2024-11-16,Influencer,cust339@example.com,US,Pune
C00340,2023-08-09,Organic Search,cust340@example.com,IN,Bangalore
C00341,2023-06-09,Direct,cust341@example.com,US,Bangalore
C00342,2024-08-29,Organic Search,cust342@example.com,IN,Mumbai
C00343,2023-08-01,Influencer,cust343@example.com,AU,Sydney
C00344,2024-07-19,Organic Search,cust344@example.com,US,London
C00345,2024-04-14,Email,cust345@example.com,IN,London
C00346,2023-06-08,Paid Search,cust346@example.com,IN,Sydney
C00347,2023-03-19,Paid Search,cust347@example.com,UK,Pune
C00348,2024-11-07,Organic Search,cust348@example.com,CA,Delhi
C00349,2024-06-11,Direct,,CA,Sydney
C00350,2024-01-27,Email,cust350@example.com,US,Bangalore
C00351,2023-03-20,Influencer,cust351@example.com,IN,London
C00352,2023-02-02,Email,cust352@example.com,AU,NYC
C00353,2023-07-28,Paid Search,cust353@example.com,IN,Bangalore
C00354,2024-09-06,Direct,cust354@example.com,IN,Toronto
C00355,2023-05-10,Organic Search,cust355@example.com,UK,London
C00356,2023-10-28,Paid Search,cust356@example.com,US,NYC
C00357,2023-02-14,Direct,cust357@example.com,IN,NYC
C00358,2024-01-03,Organic Search,cust358@example.com,IN,Toronto
C00359,2024-02-05,Email,cust359@example.com,IN,Bangalore
C00360,2023-11-22,Organic Search,cust360@example.com,IN,London
C00361,2024-02-29,Influencer,cust361@example.com,UK,Bangalore
C00362,2024-04-18,Organic Search,cust362@example.com,UK,Delhi
C00363,2024-04-01,Social Ads,cust363@example.com,UK,Mumbai
C00364,2023-07-08,Paid Search,cust364@example.com,IN,NYC
C00365,2023-11-27,Organic Search,cust365@example.com,IN,Mumbai
C00366,2023-11-12,Email,cust366@example.com,US,Toronto
C00367,2023-07-16,Organic Search,cust367@example.com,IN,London
C00368,2023-02-04,Direct,cust368@example.com,IN,Sydney
C00369,2024-07-15,Email,cust369@example.com,IN,London
C00370,2023-07-14,Direct,cust370@example.com,UK,NYC
C00371,2023-08-30,Email,cust371@example.com,US,Delhi
C00372,2023-02-01,Email,cust372@example.com,IN,Toronto
C00373,2023-10-23,Paid Search,cust373@example.com,UK,Bangalore
C00374,2024-04-17,Paid Search,cust374@example.com,CA,NYC
C00375,2023-01-02,Influencer,cust375@example.com,IN,Sydney
C00376,2023-01-29,Direct,cust376@example.com,US,Mumbai
C00377,2023-11-16,Paid Search,cust377@example.com,IN,Bangalore
C00378,2024-09-22,Paid Search,cust378@example.com,UK,Pune
C00379,2024-04-13,Influencer,cust379@example.com,US,Pune
C00380,2023-12-18,Organic Search,cust380@example.com,IN,Delhi
C00381,2024-05-21,Organic Search,cust381@example.com,IN,Toronto
C00382,2024-11-24,Direct,cust382@example.com,US,Delhi
C00383,2023-12-07,Email,cust383@example.com,IN,Mumbai
C00384,2023-06-01,Email,cust384@example.com,IN,NYC
C00385,2024-04-29,Paid Search,cust385@example.com,IN,NYC
C00386,2024-08-26,Email,cust386@example.com,IN,Delhi
C00387,2024-08-23,Social Ads,cust387@example.com,IN,Toronto
C00388,2023-01-09,Paid Search,cust388@example.com,IN,Toronto
C00389,2023-09-20,Organic Search,cust389@example.com,IN,Toronto
C00390,2024-06-17,Social Ads,cust390@example.com,US,Pune
C00391,2024-03-21,Paid Search,cust391@example.com,IN,Mumbai
C00392,2023-03-12,Direct,cust392@example.com,AU,Toronto
C00393,2024-11-22,Email,cust393@example.com,IN,NYC
C00394,2023-06-09,Social Ads,cust394@example.com,IN,Pune
C00395,2023-01-28,Organic Search,cust395@example.com,IN,Pune
C00396,2023-08-08,Organic Search,cust396@example.com,IN,Pune
C00397,2023-03-23,Social Ads,cust397@example.com,AU,Bangalore
C00398,2024-11-27,Email,cust398@example.com,US,London
C00399,2023-09-30,Paid Search,cust399@example.com,US,NYC
C00400,2023-12-01,Email,cust400@example.com,IN,Sydney
C00401,2023-11-05,Paid Search,cust401@example.com,IN,Mumbai
C00402,2023-12-22,Influencer,cust402@example.com,AU,Bangalore
C00403,2023-09-01,Email,cust403@example.com,IN,Sydney
C00404,2024-07-25,Organic Search,cust404@example.com,UK,Pune
C00405,2024-03-12,Email,cust405@example.com,IN,NYC
C00406,2023-04-14,Direct,cust406@example.com,CA,Sydney
C00407,2024-11-05,Social Ads,cust407@example.com,US,Bangalore
C00408,2023-01-27,Influencer,cust408@example.com,IN,Toronto
C00409,2023-07-13,Direct,cust409@example.com,IN,Delhi
C00410,2023-12-26,Organic Search,cust410@example.com,US,Sydney
C00411,2023-09-20,Paid Search,cust411@example.com,UK,Sydney
C00412,2024-02-29,Social Ads,cust412@example.com,UK,NYC
C00413,2024-11-17,Paid Search,cust413@example.com,UK,Bangalore
C00414,2024-07-18,Email,cust414@example.com,IN,NYC
C00415,2023-11-04,Direct,cust415@example.com,IN,London
C00416,2023-06-29,Organic Search,cust416@example.com,IN,Sydney
C00417,2023-01-14,Email,cust417@example.com,UK,London
C00418,2024-01-05,Influencer,cust418@example.com,UK,Mumbai
C00419,2023-07-15,Organic Search,cust419@example.com,IN,Delhi
C00420,2023-05-21,Social Ads,cust420@example.com,IN,Delhi
C00421,2024-05-31,Direct,cust421@example.com,IN,Toronto
C00422,2024-10-17,Direct,cust422@example.com,AU,Delhi
C00423,2024-03-05,Organic Search,cust423@example.com,IN,Toronto
C00424,2024-04-26,Organic Search,cust424@example.com,US,London
C00425,2024-07-19,Social Ads,cust425@example.com,CA,Delhi
C00426,2024-08-31,Influencer,cust426@example.com,AU,Bangalore
C00427,2024-05-09,Organic Search,cust427@example.com,IN,Sydney
C00428,2023-05-28,Direct,cust428@example.com,IN,Toronto
C00429,2023-10-11,Social Ads,cust429@example.com,US,Mumbai
C00430,2024-01-20,Organic Search,cust430@example.com,IN,Delhi
C00431,2024-03-29,Organic Search,cust431@example.com,US,London
C00432,2023-11-14,Direct,cust432@example.com,US,Pune
C00433,2023-06-19,Influencer,cust433@example.com,UK,London
C00434,2024-01-30,Organic Search,cust434@example.com,UK,Bangalore
C00435,2023-12-14,Paid Search,cust435@example.com,US,Delhi
C00436,2023-07-10,Paid Search,cust436@example.com,IN,NYC
C00437,2023-02-02,Paid Search,cust437@example.com,IN,Pune
C00438,2023-11-23,Paid Search,cust438@example.com,IN,Bangalore
C00439,2023-03-13,Paid Search,cust439@example.com,AU,Bangalore
C00440,2024-02-05,Social Ads,cust440@example.com,IN,London
C00441,2023-09-22,Social Ads,cust441@example.com,US,Pune
C00442,2024-01-31,Social Ads,cust442@example.com,US,Sydney
C00443,2023-04-27,Influencer,cust443@example.com,CA,Bangalore
C00444,2023-04-01,Influencer,cust444@example.com,IN,Bangalore
C00445,2024-07-01,Influencer,cust445@example.com,IN,Toronto
C00446,2023-09-27,Direct,cust446@example.com,IN,Toronto
C00447,2023-09-16,Paid Search,cust447@example.com,UK,Pune
C00448,2024-01-22,Paid Search,cust448@example.com,IN,London
C00449,2023-11-27,Direct,cust449@example.com,US,NYC
C00450,2023-01-26,Paid Search,cust450@example.com,IN,Delhi
C00451,2023-08-09,Influencer,cust451@example.com,UK,London
C00452,2024-02-10,Organic Search,cust452@example.com,US,Mumbai
C00453,2023-03-20,Email,cust453@example.com,AU,London
C00454,2023-06-19,Social Ads,cust454@example.com,UK,London
C00455,2023-10-17,Email,cust455@example.com,US,London
C00456,2023-07-06,Influencer,cust456@example.com,IN,Pune
C00457,2024-04-19,Paid Search,cust457@example.com,UK,Toronto
C00458,2023-04-03,Direct,cust458@example.com,IN,Sydney
C00459,2024-07-19,Organic Search,cust459@example.com,IN,NYC
C00460,2023-08-28,Influencer,cust460@example.com,US,Bangalore
C00461,2023-01-01,Paid Search,cust461@example.com,CA,Sydney
C00462,2024-04-17,Email,cust462@example.com,US,Toronto
C00463,2023-11-17,Paid Search,cust463@example.com,IN,Mumbai
C00464,2024-10-18,Email,cust464@example.com,IN,Bangalore
C00465,2023-02-10,Social Ads,cust465@example.com,UK,Toronto
C00466,2024-03-31,Influencer,cust466@example.com,UK,Mumbai
C00467,2023-06-07,Organic Search,cust467@example.com,US,Pune
C00468,2023-08-09,Paid Search,cust468@example.com,US,Bangalore
C00469,2023-09-29,Influencer,cust469@example.com,IN,Bangalore
C00470,2023-08-25,Influencer,cust470@example.com,IN,London
C00471,2023-02-13,Organic Search,,US,Delhi
C00472,2023-02-01,Paid Search,cust472@example.com,UK,Toronto
C00473,2023-12-17,Influencer,cust473@example.com,IN,London
C00474,2024-06-16,Email,cust474@example.com,US,Delhi
C00475,2023-04-27,Paid Search,cust475@example.com,IN,Mumbai
C00476,2023-04-06,Social Ads,cust476@example.com,IN,Bangalore
C00477,2024-11-03,Organic Search,cust477@example.com,CA,Toronto
C00478,2024-10-29,Email,cust478@example.com,US,Pune
C00479,2024-02-20,Organic Search,cust479@example.com,CA,Bangalore
C00480,2024-08-03,Influencer,cust480@example.com,US,Delhi
C00481,2024-01-01,Social Ads,cust481@example.com,IN,Toronto
C00482,2024-06-25,Paid Search,cust482@example.com,US,Mumbai
C00483,2023-04-24,Email,cust483@example.com,US,Mumbai
C00484,2024-08-07,Direct,cust484@example.com,US,Sydney
C00485,2024-03-20,Organic Search,cust485@example.com,AU,Toronto
C00486,2024-07-19,Paid Search,cust486@example.com,IN,Bangalore
C00487,2024-04-08,Organic Search,cust487@example.com,IN,Delhi
C00488,2024-10-30,Email,cust488@example.com,US,Delhi
C00489,2023-10-02,Direct,cust489@example.com,CA,Delhi
C00490,2023-07-12,Email,cust490@example.com,IN,NYC
C00491,2023-09-09,Influencer,cust491@example.com,IN,NYC
C00492,2024-11-13,Organic Search,cust492@example.com,UK,NYC
C00493,2023-01-26,Organic Search,cust493@example.com,IN,NYC
C00494,2023-10-29,Influencer,cust494@example.com,IN,Bangalore
C00495,2024-06-15,Paid Search,cust495@example.com,AU,Sydney
C00496,2024-08-15,Paid Search,cust496@example.com,AU,Bangalore
C00497,2023-12-15,Organic Search,cust497@example.com,IN,Delhi
C00498,2024-02-20,Organic Search,cust498@example.com,IN,Pune
C00499,2024-10-20,Email,cust499@example.com,UK,Toronto
C00500,2023-02-03,Influencer,cust500@example.com,IN,Bangalore
C00501,2023-04-17,Direct,cust501@example.com,IN,Sydney
C00502,2024-10-13,Paid Search,cust502@example.com,US,NYC
C00503,2023-10-19,Email,cust503@example.com,CA,Sydney
C00504,2023-05-23,Organic Search,cust504@example.com,AU,London
C00505,2024-05-25,Social Ads,cust505@example.com,US,Sydney
C00506,2023-10-19,Direct,cust506@example.com,AU,NYC
C00507,2024-05-13,Direct,cust507@example.com,IN,Delhi
C00508,2024-11-30,Paid Search,cust508@example.com,UK,London
C00509,2024-02-18,Influencer,cust509@example.com,US,Pune
C00510,2023-01-15,Paid Search,cust510@example.com,IN,Toronto
C00511,2023-01-30,Paid Search,cust511@example.com,IN,Mumbai
C00512,2023-04-01,Email,cust512@example.com,UK,Delhi
C00513,2023-09-16,Social Ads,cust513@example.com,US,Toronto
C00514,2023-03-10,Direct,cust514@example.com,IN,NYC
C00515,2024-08-26,Paid Search,cust515@example.com,IN,NYC
C00516,2023-05-30,Influencer,cust516@example.com,IN,Mumbai
C00517,2024-05-23,Email,cust517@example.com,US,Delhi
C00518,2023-12-04,Email,cust518@example.com,CA,Mumbai
C00519,2023-01-18,Direct,,UK,London
C00520,2024-08-13,Organic Search,cust520@example.com,US,London
C00521,2024-01-18,Social Ads,cust521@example.com,US,Delhi
C00522,2023-12-04,Organic Search,cust522@example.com,UK,Delhi
C00523,2023-10-05,Organic Search,cust523@example.com,IN,Bangalore
C00524,2024-03-13,Paid Search,cust524@example.com,US,Toronto
C00525,2023-06-25,Email,cust525@example.com,AU,Delhi
C00526,2024-03-15,Organic Search,cust526@example.com,IN,Bangalore
C00527,2023-07-21,Paid Search,cust527@example.com,US,Mumbai
C00528,2023-10-29,Direct,cust528@example.com,IN,Mumbai
C00529,2023-07-20,Paid Search,cust529@example.com,IN,Pune
C00530,2023-05-24,Paid Search,cust530@example.com,UK,Sydney
C00531,2024-03-18,Organic Search,cust531@example.com,UK,Toronto
C00532,2024-11-24,Paid Search,cust532@example.com,CA,Toronto
C00533,2023-02-17,Email,cust533@example.com,CA,NYC
C00534,2024-11-16,Email,cust534@example.com,US,Mumbai
C00535,2023-08-31,Paid Search,cust535@example.com,IN,Mumbai
C00536,2024-06-02,Influencer,cust536@example.com,US,Pune
C00537,2024-02-27,Organic Search,cust537@example.com,CA,Delhi
C00538,2023-10-29,Influencer,cust538@example.com,IN,Pune
C00539,2023-07-07,Organic Search,cust539@example.com,IN,Pune
C00540,2023-11-12,Influencer,cust540@example.com,US,Delhi
C00541,2024-02-23,Direct,cust541@example.com,IN,Pune
C00542,2024-03-04,Organic Search,cust542@example.com,IN,Toronto
C00543,2024-02-16,Influencer,cust543@example.com,IN,Mumbai
C00544,2023-09-27,Social Ads,cust544@example.com,CA,Pune
C00545,2023-10-07,Direct,cust545@example.com,US,Toronto
C00546,2024-04-10,Email,cust546@example.com,IN,Bangalore
C00547,2024-06-07,Social Ads,cust547@example.com,IN,NYC
C00548,2023-12-25,Paid Search,cust548@example.com,IN,Delhi
C00549,2024-03-22,Organic Search,cust549@example.com,IN,Mumbai
C00550,2024-07-26,Organic Search,cust550@example.com,IN,Mumbai
C00551,2023-05-31,Paid Search,cust551@example.com,IN,NYC
C00552,2023-10-25,Organic Search,cust552@example.com,US,London
C00553,2024-10-28,Direct,cust553@example.com,AU,Delhi
C00554,2023-07-18,Direct,cust554@example.com,US,Sydney
C00555,2024-05-31,Email,cust555@example.com,IN,Mumbai
C00556,2023-05-25,Direct,cust556@example.com,AU,Mumbai
C00557,2024-09-18,Influencer,cust557@example.com,US,NYC
C00558,2024-09-03,Influencer,cust558@example.com,US,Pune
C00559,2024-03-30,Social Ads,cust559@example.com,AU,London
C00560,2024-07-03,Email,cust560@example.com,US,Sydney
C00561,2023-02-09,Email,cust561@example.com,IN,Sydney
C00562,2024-05-14,Organic Search,cust562@example.com,CA,NYC
C00563,2023-04-23,Organic Search,cust563@example.com,US,Sydney
C00564,2024-05-19,Direct,cust564@example.com,UK,Mumbai
C00565,2023-08-05,Organic Search,cust565@example.com,US,NYC
C00566,2024-06-03,Organic Search,cust566@example.com,AU,London
C00567,2024-10-01,Social Ads,cust567@example.com,IN,Pune
C00568,2023-07-10,Organic Search,cust568@example.com,CA,London
C00569,2024-01-23,Email,cust569@example.com,AU,Pune
C00570,2024-09-11,Paid Search,cust570@example.com,IN,Sydney
C00571,2024-03-03,Organic Search,cust571@example.com,IN,London
C00572,2023-09-27,Email,cust572@example.com,UK,NYC
C00573,2024-05-18,Influencer,cust573@example.com,IN,Mumbai
C00574,2023-08-30,Paid Search,cust574@example.com,AU,Pune
C00575,2023-09-05,Organic Search,cust575@example.com,US,Bangalore
C00576,2023-08-06,Organic Search,cust576@example.com,IN,London
C00577,2023-06-03,Social Ads,cust577@example.com,US,Sydney
C00578,2024-06-11,Direct,cust578@example.com,IN,Pune
C00579,2023-05-01,Email,cust579@example.com,AU,Pune
C00580,2023-01-16,Social Ads,cust580@example.com,US,NYC
C00581,2023-08-25,Organic Search,cust581@example.com,IN,NYC
C00582,2024-06-19,Influencer,cust582@example.com,CA,Mumbai
C00583,2023-01-13,Direct,cust583@example.com,US,Sydney
C00584,2024-09-11,Organic Search,cust584@example.com,AU,London
C00585,2024-05-21,Email,cust585@example.com,AU,Toronto
C00586,2023-05-23,Organic Search,cust586@example.com,US,NYC
C00587,2023-05-09,Direct,cust587@example.com,US,NYC
C00588,2023-10-14,Influencer,,IN,Pune
C00589,2023-02-16,Direct,cust589@example.com,US,Bangalore
C00590,2024-08-16,Email,cust590@example.com,US,NYC
C00591,2024-07-16,Paid Search,cust591@example.com,US,NYC
C00592,2023-11-09,Organic Search,cust592@example.com,US,Sydney
C00593,2023-09-16,Email,cust593@example.com,US,Delhi
C00594,2024-10-12,Paid Search,cust594@example.com,AU,Mumbai
C00595,2023-01-04,Direct,cust595@example.com,US,Mumbai
C00596,2024-02-11,Paid Search,cust596@example.com,US,London
C00597,2024-07-16,Email,cust597@example.com,US,Toronto
C00598,2024-05-14,Paid Search,cust598@example.com,IN,London
C00599,2024-06-08,Social Ads,cust599@example.com,US,Toronto
C00600,2024-06-26,Direct,cust600@example.com,UK,Bangalore
C00601,2023-11-28,Influencer,cust601@example.com,IN,Delhi
C00602,2023-05-10,Email,cust602@example.com,AU,Pune
C00603,2023-12-21,Organic Search,cust603@example.com,US,Bangalore
C00604,2023-11-07,Email,cust604@example.com,IN,London
C00605,2024-04-29,Paid Search,cust605@example.com,US,Mumbai
C00606,2024-01-06,Direct,cust606@example.com,IN,Delhi
C00607,2024-02-21,Paid Search,cust607@example.com,UK,Bangalore
C00608,2023-11-20,Social Ads,cust608@example.com,UK,Bangalore
C00609,2023-09-15,Paid Search,cust609@example.com,IN,London
C00610,2023-10-18,Direct,cust610@example.com,US,London
C00611,2024-04-11,Paid Search,cust611@example.com,AU,Toronto
C00612,2024-05-30,Paid Search,cust612@example.com,IN,Toronto
C00613,2023-06-24,Email,cust613@example.com,IN,Bangalore
C00614,2024-09-24,Social Ads,cust614@example.com,US,Delhi
C00615,2024-11-29,Organic Search,cust615@example.com,IN,Mumbai
C00616,2024-11-03,Direct,cust616@example.com,IN,London
C00617,2023-08-07,Influencer,cust617@example.com,IN,London
C00618,2024-10-03,Influencer,cust618@example.com,IN,Toronto
C00619,2024-03-09,Email,cust619@example.com,AU,Pune
C00620,2023-10-01,Organic Search,cust620@example.com,UK,Pune
C00621,2024-05-10,Paid Search,cust621@example.com,US,Toronto
C00622,2023-09-23,Paid Search,cust622@example.com,US,NYC
C00623,2024-11-27,Social Ads,cust623@example.com,UK,Bangalore
C00624,2024-10-19,Email,cust624@example.com,AU,Delhi
C00625,2024-04-19,Paid Search,cust625@example.com,IN,NYC
C00626,2023-02-08,Influencer,cust626@example.com,IN,London
C00627,2023-04-20,Influencer,cust627@example.com,IN,Bangalore
C00628,2023-01-30,Email,cust628@example.com,CA,Pune
C00629,2023-01-14,Direct,cust629@example.com,US,Bangalore
C00630,2023-11-15,Influencer,cust630@example.com,US,Pune
C00631,2023-10-09,Organic Search,cust631@example.com,IN,Bangalore
C00632,2023-02-24,Influencer,cust632@example.com,US,Bangalore
C00633,2023-01-23,Paid Search,cust633@example.com,US,Bangalore
C00634,2023-06-22,Influencer,cust634@example.com,US,Delhi
C00635,2024-09-12,Organic Search,cust635@example.com,IN,Sydney
C00636,2023-03-29,Organic Search,cust636@example.com,US,Sydney
C00637,2024-11-12,Email,cust637@example.com,IN,Bangalore
C00638,2023-09-01,Paid Search,cust638@example.com,US,Pune
C00639,2024-10-18,Organic Search,cust639@example.com,IN,Bangalore
C00640,2023-04-28,Email,cust640@example.com,CA,Toronto
C00641,2023-04-28,Organic Search,cust641@example.com,UK,Toronto
C00642,2023-03-22,Organic Search,cust642@example.com,IN,Toronto
C00643,2023-07-29,Organic Search,cust643@example.com,IN,Mumbai
C00644,2023-09-05,Paid Search,cust644@example.com,IN,Bangalore
C00645,2023-04-13,Paid Search,cust645@example.com,IN,Sydney
C00646,2023-03-11,Direct,cust646@example.com,US,London
C00647,2023-04-07,Email,cust647@example.com,IN,Delhi
C00648,2023-01-03,Organic Search,cust648@example.com,IN,Sydney
C00649,2023-08-03,Direct,cust649@example.com,IN,Mumbai
C00650,2023-05-14,Paid Search,cust650@example.com,CA,Mumbai
C00651,2024-08-26,Paid Search,cust651@example.com,AU,Mumbai
C00652,2024-06-19,Social Ads,,US,NYC
C00653,2024-06-03,Email,cust653@example.com,AU,Sydney
C00654,2023-03-23,Direct,cust654@example.com,US,Delhi
C00655,2024-06-17,Organic Search,cust655@example.com,CA,NYC
C00656,2023-12-24,Influencer,cust656@example.com,AU,London
C00657,2023-06-10,Email,cust657@example.com,US,London
C00658,2023-04-03,Direct,cust658@example.com,AU,Delhi
C00659,2023-05-08,Direct,cust659@example.com,CA,Toronto
C00660,2024-01-27,Paid Search,cust660@example.com,IN,Pune
C00661,2023-09-15,Organic Search,cust661@example.com,AU,Sydney
C00662,2023-08-25,Social Ads,cust662@example.com,IN,NYC
C00663,2024-09-03,Organic Search,cust663@example.com,IN,Sydney
C00664,2024-02-25,Organic Search,cust664@example.com,IN,Bangalore
C00665,2023-11-17,Paid Search,cust665@example.com,US,Pune
C00666,2024-10-25,Social Ads,cust666@example.com,CA,Sydney
C00667,2024-09-27,Email,cust667@example.com,UK,Toronto
C00668,2024-03-06,Direct,cust668@example.com,UK,NYC
C00669,2024-06-22,Paid Search,cust669@example.com,IN,NYC
C00670,2024-06-18,Organic Search,cust670@example.com,IN,Sydney
C00671,2024-09-29,Email,cust671@example.com,IN,Bangalore
C00672,2023-07-14,Direct,cust672@example.com,CA,Bangalore
C00673,2023-01-18,Paid Search,cust673@example.com,IN,Mumbai
C00674,2024-06-25,Social Ads,cust674@example.com,CA,Bangalore
C00675,2023-09-23,Direct,cust675@example.com,UK,Delhi
C00676,2024-04-01,Organic Search,cust676@example.com,AU,Toronto
C00677,2024-10-12,Paid Search,cust677@example.com,IN,Toronto
C00678,2023-10-29,Organic Search,cust678@example.com,IN,Toronto
C00679,2023-01-22,Social Ads,cust679@example.com,CA,Bangalore
C00680,2024-02-23,Influencer,cust680@example.com,IN,London
C00681,2024-10-25,Direct,cust681@example.com,IN,Delhi
C00682,2023-08-26,Email,cust682@example.com,US,Bangalore
C00683,2024-03-11,Social Ads,cust683@example.com,IN,Toronto
C00684,2023-08-08,Direct,cust684@example.com,CA,Mumbai
C00685,2024-10-16,Organic Search,cust685@example.com,CA,Bangalore
C00686,2023-04-26,Organic Search,cust686@example.com,IN,Sydney
C00687,2024-11-08,Paid Search,cust687@example.com,IN,London
C00688,2023-02-12,Social Ads,cust688@example.com,IN,Delhi
C00689,2024-09-25,Direct,cust689@example.com,IN,Sydney
C00690,2023-11-20,Direct,cust690@example.com,UK,Sydney
C00691,2024-09-11,Direct,cust691@example.com,IN,Sydney
C00692,2023-03-16,Paid Search,cust692@example.com,CA,NYC
C00693,2023-10-28,Direct,cust693@example.com,UK,Mumbai
C00694,2023-03-23,Influencer,cust694@example.com,IN,Sydney
C00695,2023-10-31,Organic Search,cust695@example.com,US,Mumbai
C00696,2023-02-01,Organic Search,,US,NYC
C00697,2024-07-28,Email,cust697@example.com,AU,Pune
C00698,2024-01-28,Social Ads,cust698@example.com,IN,Toronto
C00699,2023-03-15,Email,cust699@example.com,IN,NYC
C00700,2024-02-14,Organic Search,cust700@example.com,UK,Toronto
C00701,2023-01-23,Influencer,cust701@example.com,IN,Pune
C00702,2024-07-06,Influencer,cust702@example.com,IN,Bangalore
C00703,2024-11-19,Paid Search,cust703@example.com,IN,Sydney
C00704,2023-04-12,Organic Search,cust704@example.com,US,London
C00705,2023-06-08,Email,cust705@example.com,US,London
C00706,2024-09-20,Influencer,cust706@example.com,AU,Toronto
C00707,2023-09-11,Direct,cust707@example.com,IN,Mumbai
C00708,2024-08-07,Paid Search,cust708@example.com,US,London
C00709,2023-09-24,Direct,cust709@example.com,IN,Mumbai
C00710,2023-07-13,Organic Search,,US,Pune
C00711,2024-04-23,Email,cust711@example.com,US,Bangalore
C00712,2023-06-24,Influencer,cust712@example.com,IN,Mumbai
C00713,2024-05-15,Organic Search,cust713@example.com,IN,Delhi
C00714,2024-06-25,Organic Search,cust714@example.com,US,Bangalore
C00715,2024-01-21,Paid Search,cust715@example.com,UK,NYC
C00716,2023-11-03,Direct,cust716@example.com,IN,Bangalore
C00717,2023-10-17,Influencer,cust717@example.com,IN,Sydney
C00718,2023-07-21,Email,cust718@example.com,CA,Bangalore
C00719,2023-10-21,Organic Search,cust719@example.com,US,London
C00720,2023-08-11,Social Ads,cust720@example.com,IN,Pune
C00721,2024-09-12,Social Ads,cust721@example.com,US,Mumbai
C00722,2023-07-19,Organic Search,cust722@example.com,IN,NYC
C00723,2023-10-27,Influencer,cust723@example.com,IN,NYC
C00724,2023-01-06,Social Ads,cust724@example.com,IN,NYC
C00725,2024-10-02,Paid Search,cust725@example.com,US,Toronto
C00726,2023-07-12,Social Ads,cust726@example.com,AU,Sydney
C00727,2023-07-10,Organic Search,cust727@example.com,CA,Bangalore
C00728,2023-06-13,Organic Search,cust728@example.com,AU,Delhi
C00729,2024-10-24,Paid Search,cust729@example.com,IN,Delhi
C00730,2024-06-30,Social Ads,cust730@example.com,US,Pune
C00731,2023-03-26,Social Ads,cust731@example.com,US,Sydney
C00732,2023-10-21,Email,cust732@example.com,UK,Pune
C00733,2023-04-30,Paid Search,cust733@example.com,AU,Mumbai
C00734,2024-04-28,Paid Search,cust734@example.com,IN,Delhi
C00735,2024-02-26,Organic Search,cust735@example.com,IN,NYC
C00736,2024-10-25,Paid Search,cust736@example.com,IN,Pune
C00737,2024-10-10,Paid Search,cust737@example.com,IN,Mumbai
C00738,2023-01-07,Direct,cust738@example.com,CA,Mumbai
C00739,2024-07-05,Paid Search,cust739@example.com,US,NYC
C00740,2024-02-01,Organic Search,cust740@example.com,US,Sydney
C00741,2023-07-10,Social Ads,cust741@example.com,US,Toronto
C00742,2023-03-07,Paid Search,cust742@example.com,IN,Mumbai
C00743,2023-06-08,Direct,cust743@example.com,IN,Bangalore
C00744,2023-02-05,Email,cust744@example.com,IN,London
C00745,2024-06-10,Organic Search,cust745@example.com,IN,Delhi
C00746,2023-12-06,Influencer,cust746@example.com,IN,NYC
C00747,2024-07-17,Direct,cust747@example.com,IN,London
C00748,2023-08-31,Paid Search,cust748@example.com,IN,London
C00749,2023-01-25,Paid Search,cust749@example.com,IN,London
C00750,2024-11-14,Paid Search,cust750@example.com,IN,Mumbai
C00751,2023-06-10,Paid Search,cust751@example.com,US,Mumbai
C00752,2023-04-09,Email,cust752@example.com,IN,Sydney
C00753,2024-05-31,Paid Search,cust753@example.com,IN,Pune
C00754,2023-01-22,Paid Search,cust754@example.com,IN,Pune
C00755,2024-07-09,Influencer,cust755@example.com,AU,Delhi
C00756,2024-11-20,Direct,cust756@example.com,IN,Pune
C00757,2023-08-20,Email,cust757@example.com,IN,NYC
C00758,2023-10-28,Paid Search,cust758@example.com,IN,Sydney
C00759,2023-01-12,Direct,cust759@example.com,AU,Bangalore
C00760,2023-05-17,Influencer,cust760@example.com,UK,Pune
C00761,2024-08-28,Organic Search,cust761@example.com,CA,Delhi
C00762,2024-11-05,Organic Search,cust762@example.com,AU,London
C00763,2024-02-27,Influencer,cust763@example.com,IN,London
C00764,2023-04-11,Organic Search,cust764@example.com,CA,Mumbai
C00765,2024-03-13,Influencer,cust765@example.com,IN,Toronto
C00766,2023-05-29,Organic Search,cust766@example.com,IN,Toronto
C00767,2023-08-27,Email,cust767@example.com,IN,Bangalore
C00768,2023-01-20,Email,cust768@example.com,AU,Sydney
C00769,2024-03-17,Paid Search,cust769@example.com,IN,Delhi
C00770,2024-03-19,Direct,cust770@example.com,UK,NYC
C00771,2024-02-08,Email,cust771@example.com,IN,London
C00772,2024-08-10,Organic Search,cust772@example.com,AU,London
C00773,2023-04-11,Influencer,cust773@example.com,US,Toronto
C00774,2024-11-27,Email,cust774@example.com,AU,Bangalore
C00775,2024-10-24,Paid Search,,IN,Delhi
C00776,2024-10-09,Paid Search,cust776@example.com,IN,London
C00777,2024-05-25,Paid Search,cust777@example.com,US,Sydney
C00778,2023-03-30,Direct,cust778@example.com,US,Bangalore
C00779,2024-03-30,Organic Search,cust779@example.com,UK,Delhi
C00780,2023-07-29,Direct,,IN,Bangalore
C00781,2023-06-28,Organic Search,cust781@example.com,AU,Delhi
C00782,2024-07-30,Direct,cust782@example.com,UK,Sydney
C00783,2023-09-23,Email,cust783@example.com,IN,Sydney
C00784,2023-12-03,Organic Search,cust784@example.com,AU,London
C00785,2023-11-07,Email,cust785@example.com,CA,London
C00786,2023-11-21,Paid Search,cust786@example.com,IN,Pune
C00787,2024-04-15,Influencer,cust787@example.com,IN,Delhi
C00788,2024-05-31,Influencer,cust788@example.com,US,Bangalore
C00789,2024-06-11,Direct,cust789@example.com,UK,NYC
C00790,2024-06-30,Influencer,cust790@example.com,IN,Sydney
C00791,2024-03-07,Direct,cust791@example.com,IN,Pune
C00792,2024-01-02,Paid Search,cust792@example.com,IN,Mumbai
C00793,2023-03-02,Organic Search,cust793@example.com,US,Sydney
C00794,2023-02-16,Organic Search,cust794@example.com,CA,Pune
C00795,2023-12-15,Influencer,cust795@example.com,IN,Pune
C00796,2023-04-18,Social Ads,cust796@example.com,IN,Sydney
C00797,2023-09-13,Influencer,cust797@example.com,IN,Pune
C00798,2024-06-23,Paid Search,cust798@example.com,US,NYC
C00799,2023-08-10,Organic Search,cust799@example.com,UK,Mumbai
C00800,2024-11-07,Email,cust800@example.com,US,Pune
C00801,2023-10-16,Social Ads,cust801@example.com,IN,Bangalore
C00802,2024-02-10,Paid Search,cust802@example.com,US,Mumbai
C00803,2023-12-21,Organic Search,cust803@example.com,CA,Toronto
C00804,2023-03-21,Social Ads,cust804@example.com,US,Mumbai
C00805,2023-10-18,Paid Search,cust805@example.com,IN,Bangalore
C00806,2023-10-05,Email,cust806@example.com,UK,Mumbai
C00807,2024-10-30,Organic Search,cust807@example.com,US,NYC
C00808,2023-03-19,Direct,cust808@example.com,IN,Bangalore
C00809,2023-04-24,Influencer,cust809@example.com,IN,Mumbai
C00810,2023-01-30,Paid Search,cust810@example.com,IN,Toronto
C00811,2024-07-16,Email,cust811@example.com,US,London
C00812,2023-04-14,Organic Search,cust812@example.com,US,Delhi
C00813,2023-10-30,Email,cust813@example.com,CA,Pune
C00814,2023-11-25,Email,cust814@example.com,IN,Pune
C00815,2024-03-17,Direct,cust815@example.com,IN,Sydney
C00816,2024-04-19,Paid Search,cust816@example.com,IN,London
C00817,2024-05-20,Organic Search,cust817@example.com,US,Sydney
C00818,2024-11-27,Organic Search,cust818@example.com,IN,Bangalore
C00819,2024-10-27,Organic Search,cust819@example.com,IN,Sydney
C00820,2023-06-08,Email,cust820@example.com,US,Sydney
C00821,2023-09-24,Organic Search,cust821@example.com,CA,Bangalore
C00822,2024-06-10,Social Ads,cust822@example.com,IN,Delhi
C00823,2024-08-01,Email,cust823@example.com,UK,London
C00824,2023-06-02,Social Ads,cust824@example.com,IN,NYC
C00825,2023-10-17,Social Ads,cust825@example.com,US,Bangalore
C00826,2023-01-11,Email,cust826@example.com,UK,NYC
C00827,2024-02-28,Direct,cust827@example.com,IN,Sydney
C00828,2023-09-19,Email,,IN,Pune
C00829,2023-05-22,Paid Search,cust829@example.com,IN,NYC
C00830,2024-10-28,Direct,cust830@example.com,IN,Sydney
C00831,2023-12-20,Organic Search,cust831@example.com,US,NYC
C00832,2024-11-27,Organic Search,cust832@example.com,IN,Sydney
C00833,2023-03-10,Organic Search,cust833@example.com,US,NYC
C00834,2023-11-12,Paid Search,cust834@example.com,US,Mumbai
C00835,2023-02-24,Organic Search,cust835@example.com,IN,Toronto
C00836,2024-04-21,Organic Search,cust836@example.com,US,NYC
C00837,2024-10-26,Organic Search,cust837@example.com,US,Pune
C00838,2024-04-15,Organic Search,cust838@example.com,IN,Toronto
C00839,2023-12-09,Paid Search,cust839@example.com,IN,London
C00840,2024-11-22,Organic Search,cust840@example.com,US,Toronto
C00841,2023-08-09,Paid Search,cust841@example.com,IN,London
C00842,2024-03-08,Organic Search,cust842@example.com,IN,Sydney
C00843,2024-10-07,Organic Search,cust843@example.com,IN,Delhi
C00844,2024-08-13,Paid Search,cust844@example.com,CA,NYC
C00845,2023-06-07,Paid Search,cust845@example.com,CA,Sydney
C00846,2023-01-12,Organic Search,cust846@example.com,IN,Bangalore
C00847,2024-02-09,Direct,cust847@example.com,AU,Mumbai
C00848,2024-11-01,Direct,cust848@example.com,US,London
C00849,2023-10-09,Email,cust849@example.com,IN,Toronto
C00850,2024-06-22,Social Ads,,UK,London
C00851,2024-09-07,Social Ads,cust851@example.com,IN,Sydney
C00852,2023-07-31,Influencer,cust852@example.com,US,NYC
C00853,2024-02-20,Email,cust853@example.com,US,Sydney
C00854,2023-08-09,Organic Search,cust854@example.com,AU,Delhi
C00855,2023-09-06,Direct,cust855@example.com,IN,Mumbai
C00856,2024-06-05,Paid Search,cust856@example.com,US,NYC
C00857,2023-12-08,Organic Search,cust857@example.com,IN,Mumbai
C00858,2024-04-30,Organic Search,cust858@example.com,IN,Delhi
C00859,2023-07-19,Influencer,cust859@example.com,US,Toronto
C00860,2023-04-01,Email,cust860@example.com,IN,Toronto
C00861,2024-01-21,Paid Search,cust861@example.com,AU,Bangalore
C00862,2023-07-12,Email,cust862@example.com,US,Toronto
C00863,2024-02-22,Direct,cust863@example.com,UK,Delhi
C00864,2023-06-29,Paid Search,cust864@example.com,IN,Toronto
C00865,2023-06-22,Paid Search,cust865@example.com,US,Pune
C00866,2023-02-17,Direct,cust866@example.com,UK,Pune
C00867,2023-12-29,Organic Search,cust867@example.com,IN,Mumbai
C00868,2024-02-28,Paid Search,cust868@example.com,IN,Pune
C00869,2024-10-14,Organic Search,cust869@example.com,AU,Sydney
C00870,2024-04-08,Direct,cust870@example.com,UK,Bangalore
C00871,2024-11-28,Influencer,cust871@example.com,AU,Toronto
C00872,2023-08-12,Organic Search,cust872@example.com,IN,NYC
C00873,2023-04-07,Direct,cust873@example.com,US,Pune
C00874,2024-09-30,Organic Search,cust874@example.com,US,Bangalore
C00875,2023-05-27,Social Ads,cust875@example.com,CA,London
C00876,2023-09-19,Direct,cust876@example.com,IN,Bangalore
C00877,2023-10-03,Organic Search,cust877@example.com,UK,Sydney
C00878,2024-03-18,Influencer,cust878@example.com,IN,Delhi
C00879,2024-03-27,Influencer,cust879@example.com,IN,Delhi
C00880,2024-01-02,Social Ads,cust880@example.com,AU,Sydney
C00881,2024-06-09,Direct,cust881@example.com,IN,London
C00882,2024-03-25,Organic Search,cust882@example.com,CA,London
C00883,2023-03-18,Organic Search,cust883@example.com,UK,Pune
C00884,2024-01-18,Social Ads,cust884@example.com,UK,Bangalore
C00885,2023-04-13,Influencer,cust885@example.com,US,Mumbai
C00886,2023-02-07,Influencer,cust886@example.com,IN,London
C00887,2023-08-07,Direct,cust887@example.com,IN,Pune
C00888,2023-02-28,Influencer,cust888@example.com,CA,Delhi
C00889,2024-10-24,Paid Search,cust889@example.com,IN,Mumbai
C00890,2024-02-23,Organic Search,cust890@example.com,US,Delhi
C00891,2023-04-29,Organic Search,cust891@example.com,US,London
C00892,2023-03-03,Organic Search,cust892@example.com,US,Mumbai
C00893,2023-05-13,Influencer,cust893@example.com,US,Delhi
C00894,2024-07-09,Social Ads,cust894@example.com,CA,Delhi
C00895,2024-08-10,Influencer,cust895@example.com,IN,Mumbai
C00896,2023-08-01,Organic Search,cust896@example.com,IN,Pune
C00897,2023-02-03,Social Ads,cust897@example.com,US,Toronto
C00898,2024-05-01,Email,cust898@example.com,IN,Toronto
C00899,2023-10-03,Organic Search,,US,Mumbai
C00900,2023-02-09,Paid Search,cust900@example.com,IN,Pune
C00901,2023-11-05,Direct,cust901@example.com,US,London
C00902,2023-02-14,Paid Search,cust902@example.com,US,Mumbai
C00903,2024-02-21,Paid Search,cust903@example.com,UK,Delhi
C00904,2024-09-18,Direct,cust904@example.com,IN,Toronto
C00905,2023-06-29,Direct,cust905@example.com,IN,London
C00906,2023-08-07,Direct,cust906@example.com,IN,Delhi
C00907,2023-02-08,Organic Search,cust907@example.com,IN,Mumbai
C00908,2024-01-23,Email,cust908@example.com,AU,NYC
C00909,2023-03-26,Organic Search,cust909@example.com,CA,Mumbai
C00910,2024-05-08,Paid Search,cust910@example.com,IN,Delhi
C00911,2024-03-10,Influencer,cust911@example.com,IN,London
C00912,2023-03-17,Organic Search,cust912@example.com,IN,Mumbai
C00913,2023-10-02,Direct,cust913@example.com,IN,Sydney
C00914,2024-07-24,Direct,cust914@example.com,US,London
C00915,2024-06-28,Email,cust915@example.com,US,Pune
C00916,2024-01-29,Paid Search,cust916@example.com,AU,Mumbai
C00917,2024-08-23,Organic Search,cust917@example.com,IN,Delhi
C00918,2023-08-17,Social Ads,cust918@example.com,IN,Bangalore
C00919,2024-08-02,Organic Search,cust919@example.com,IN,Toronto
C00920,2024-01-12,Organic Search,cust920@example.com,IN,Bangalore
C00921,2023-10-20,Paid Search,cust921@example.com,CA,NYC
C00922,2024-05-31,Email,cust922@example.com,IN,Pune
C00923,2023-07-28,Paid Search,cust923@example.com,IN,London
C00924,2024-10-03,Influencer,cust924@example.com,IN,Pune
C00925,2024-09-28,Organic Search,cust925@example.com,US,NYC
C00926,2023-05-01,Email,cust926@example.com,IN,Delhi
C00927,2024-08-20,Organic Search,cust927@example.com,UK,Pune
C00928,2023-12-18,Organic Search,cust928@example.com,CA,NYC
C00929,2023-07-18,Paid Search,cust929@example.com,IN,London
C00930,2023-11-08,Email,cust930@example.com,IN,Mumbai
C00931,2023-12-19,Direct,cust931@example.com,US,London
C00932,2023-03-24,Paid Search,cust932@example.com,IN,Mumbai
C00933,2023-01-28,Paid Search,cust933@example.com,CA,Pune
C00934,2024-05-29,Influencer,cust934@example.com,IN,NYC
C00935,2023-04-09,Direct,cust935@example.com,CA,Sydney
C00936,2023-12-01,Email,cust936@example.com,US,NYC
C00937,2023-04-13,Social Ads,cust937@example.com,AU,Toronto
C00938,2024-05-02,Social Ads,cust938@example.com,US,Bangalore
C00939,2024-03-20,Paid Search,cust939@example.com,US,Bangalore
C00940,2024-01-22,Organic Search,cust940@example.com,CA,Sydney
C00941,2023-07-29,Influencer,cust941@example.com,US,Sydney
C00942,2024-06-15,Influencer,cust942@example.com,US,Pune
C00943,2023-05-07,Organic Search,cust943@example.com,IN,Sydney
C00944,2023-10-16,Organic Search,cust944@example.com,AU,Mumbai
C00945,2024-03-02,Organic Search,cust945@example.com,IN,Toronto
C00946,2023-05-25,Email,cust946@example.com,AU,Toronto
C00947,2023-12-05,Organic Search,cust947@example.com,CA,NYC
C00948,2024-02-04,Email,cust948@example.com,IN,Pune
C00949,2024-09-11,Email,cust949@example.com,IN,Toronto
C00950,2023-07-31,Email,cust950@example.com,AU,NYC
C00951,2023-08-26,Social Ads,cust951@example.com,US,Delhi
C00952,2023-02-08,Paid Search,cust952@example.com,IN,Sydney
C00953,2024-06-04,Social Ads,cust953@example.com,IN,Bangalore
C00954,2024-03-12,Direct,cust954@example.com,CA,Delhi
C00955,2024-02-03,Direct,cust955@example.com,IN,Delhi
C00956,2024-07-11,Direct,cust956@example.com,UK,London
C00957,2024-03-12,Influencer,cust957@example.com,AU,London
C00958,2023-11-09,Organic Search,cust958@example.com,IN,Toronto
C00959,2024-06-08,Paid Search,cust959@example.com,IN,Mumbai
C00960,2023-06-03,Organic Search,cust960@example.com,US,Mumbai
C00961,2023-12-04,Organic Search,cust961@example.com,UK,Delhi
C00962,2024-03-05,Direct,cust962@example.com,CA,Mumbai
C00963,2024-05-10,Paid Search,cust963@example.com,IN,Bangalore
C00964,2023-10-28,Organic Search,cust964@example.com,IN,NYC
C00965,2024-04-09,Direct,cust965@example.com,IN,Delhi
C00966,2024-10-19,Email,cust966@example.com,AU,London
C00967,2024-02-06,Paid Search,cust967@example.com,IN,Toronto
C00968,2023-05-05,Organic Search,cust968@example.com,US,NYC
C00969,2023-10-03,Email,cust969@example.com,IN,Delhi
C00970,2024-08-18,Organic Search,cust970@example.com,US,Sydney
C00971,2023-10-29,Organic Search,cust971@example.com,US,Sydney
C00972,2023-04-09,Paid Search,cust972@example.com,UK,Mumbai
C00973,2024-01-27,Direct,cust973@example.com,IN,London
C00974,2023-07-05,Influencer,cust974@example.com,IN,Pune
C00975,2023-02-06,Influencer,cust975@example.com,IN,Delhi
C00976,2023-12-04,Organic Search,cust976@example.com,UK,NYC
C00977,2024-03-08,Social Ads,cust977@example.com,CA,Mumbai
C00978,2024-05-19,Organic Search,cust978@example.com,US,Mumbai
C00979,2024-02-26,Email,cust979@example.com,IN,NYC
C00980,2024-05-24,Direct,cust980@example.com,UK,Pune
C00981,2023-11-02,Influencer,cust981@example.com,IN,NYC
C00982,2023-04-06,Organic Search,cust982@example.com,IN,Mumbai
C00983,2023-08-18,Influencer,cust983@example.com,US,Bangalore
C00984,2024-08-19,Organic Search,cust984@example.com,US,London
C00985,2023-12-06,Organic Search,cust985@example.com,US,NYC
C00986,2023-07-16,Email,cust986@example.com,UK,Bangalore
C00987,2023-03-16,Direct,cust987@example.com,IN,London
C00988,2024-08-02,Paid Search,cust988@example.com,US,Sydney
C00989,2023-01-26,Organic Search,cust989@example.com,IN,Toronto
C00990,2024-01-19,Social Ads,cust990@example.com,IN,NYC
C00991,2023-01-28,Paid Search,cust991@example.com,US,London
C00992,2023-09-03,Email,cust992@example.com,IN,Sydney
C00993,2024-06-20,Social Ads,cust993@example.com,AU,Sydney
C00994,2023-07-19,Email,cust994@example.com,US,London
C00995,2023-12-04,Direct,cust995@example.com,IN,Toronto
C00996,2023-10-21,Organic Search,cust996@example.com,US,Pune
C00997,2024-01-18,Organic Search,cust997@example.com,AU,Delhi
C00998,2023-03-13,Direct,cust998@example.com,UK,Pune
C00999,2023-09-21,Email,cust999@example.com,US,Pune
C01000,2024-08-18,Paid Search,cust1000@example.com,UK,Mumbai
C01001,2023-10-12,Direct,cust1001@example.com,AU,NYC
C01002,2023-07-10,Paid Search,cust1002@example.com,US,Sydney
C01003,2024-06-16,Influencer,cust1003@example.com,IN,NYC
C01004,2023-09-19,Organic Search,cust1004@example.com,CA,Sydney
C01005,2023-08-17,Email,cust1005@example.com,CA,Toronto
C01006,2023-05-25,Social Ads,cust1006@example.com,CA,Toronto
C01007,2024-01-31,Organic Search,cust1007@example.com,IN,NYC
C01008,2023-07-31,Organic Search,cust1008@example.com,IN,Bangalore
C01009,2023-09-29,Direct,cust1009@example.com,CA,NYC
C01010,2023-11-08,Email,cust1010@example.com,IN,London
C01011,2023-07-12,Paid Search,cust1011@example.com,UK,Toronto
C01012,2024-11-29,Organic Search,cust1012@example.com,IN,NYC
C01013,2023-09-29,Paid Search,cust1013@example.com,CA,Pune
C01014,2023-02-02,Paid Search,cust1014@example.com,IN,NYC
C01015,2023-11-01,Direct,cust1015@example.com,CA,Sydney
C01016,2024-04-02,Paid Search,cust1016@example.com,US,Sydney
C01017,2023-11-08,Influencer,cust1017@example.com,IN,NYC
C01018,2023-07-22,Paid Search,cust1018@example.com,IN,Delhi
C01019,2023-02-10,Email,cust1019@example.com,IN,Mumbai
C01020,2023-08-26,Direct,cust1020@example.com,IN,Bangalore
C01021,2023-12-20,Organic Search,cust1021@example.com,US,Sydney
C01022,2023-12-22,Direct,cust1022@example.com,US,Sydney
C01023,2024-09-28,Influencer,cust1023@example.com,UK,Sydney
C01024,2023-11-07,Social Ads,cust1024@example.com,US,Delhi
C01025,2024-05-03,Organic Search,cust1025@example.com,US,Mumbai
C01026,2023-03-19,Organic Search,cust1026@example.com,AU,Pune
C01027,2024-08-01,Email,cust1027@example.com,CA,NYC
C01028,2023-10-09,Email,cust1028@example.com,US,NYC
C01029,2023-05-15,Organic Search,cust1029@example.com,UK,NYC
C01030,2023-05-21,Organic Search,cust1030@example.com,IN,Pune
C01031,2023-08-29,Social Ads,cust1031@example.com,IN,NYC
C01032,2023-11-12,Paid Search,cust1032@example.com,UK,NYC
C01033,2023-03-09,Influencer,cust1033@example.com,IN,NYC
C01034,2023-02-25,Organic Search,,IN,Bangalore
C01035,2024-02-29,Paid Search,cust1035@example.com,UK,Mumbai
C01036,2023-03-20,Email,cust1036@example.com,UK,Bangalore
C01037,2023-11-30,Paid Search,cust1037@example.com,AU,Pune
C01038,2023-12-08,Social Ads,cust1038@example.com,CA,Bangalore
C01039,2023-11-13,Paid Search,cust1039@example.com,IN,Pune
C01040,2023-08-16,Social Ads,cust1040@example.com,UK,NYC
C01041,2023-02-08,Email,cust1041@example.com,IN,Sydney
C01042,2023-09-08,Organic Search,cust1042@example.com,IN,Pune
C01043,2023-08-01,Social Ads,cust1043@example.com,IN,NYC
C01044,2023-09-01,Direct,cust1044@example.com,CA,Toronto
C01045,2023-03-05,Organic Search,cust1045@example.com,US,Mumbai
C01046,2023-01-17,Email,cust1046@example.com,UK,NYC
C01047,2024-11-27,Paid Search,cust1047@example.com,US,Bangalore
C01048,2023-03-09,Organic Search,cust1048@example.com,IN,Bangalore
C01049,2024-02-27,Organic Search,cust1049@example.com,US,Pune
C01050,2023-03-05,Influencer,cust1050@example.com,AU,Delhi
C01051,2023-04-30,Paid Search,cust1051@example.com,IN,Sydney
C01052,2023-01-23,Paid Search,cust1052@example.com,UK,NYC
C01053,2024-07-20,Organic Search,cust1053@example.com,US,Sydney
C01054,2023-04-11,Organic Search,cust1054@example.com,US,Toronto
C01055,2024-11-07,Email,cust1055@example.com,IN,NYC
C01056,2023-06-20,Email,cust1056@example.com,US,Bangalore
C01057,2023-03-06,Email,cust1057@example.com,AU,London
C01058,2023-03-29,Email,cust1058@example.com,US,London
C01059,2024-09-18,Social Ads,cust1059@example.com,IN,Delhi
C01060,2023-05-02,Paid Search,cust1060@example.com,IN,Sydney
C01061,2023-02-04,Paid Search,cust1061@example.com,IN,Bangalore
C01062,2024-10-25,Influencer,,UK,Sydney
C01063,2023-10-15,Paid Search,cust1063@example.com,CA,Bangalore
C01064,2023-10-11,Organic Search,cust1064@example.com,IN,Sydney
C01065,2024-04-18,Organic Search,cust1065@example.com,UK,London
C01066,2023-10-04,Influencer,cust1066@example.com,IN,Toronto
C01067,2023-06-02,Organic Search,cust1067@example.com,IN,Bangalore
C01068,2023-12-05,Organic Search,cust1068@example.com,AU,Pune
C01069,2023-07-22,Organic Search,cust1069@example.com,IN,Pune
C01070,2023-01-06,Email,cust1070@example.com,AU,Toronto
C01071,2024-10-30,Direct,cust1071@example.com,IN,London
C01072,2023-09-09,Paid Search,cust1072@example.com,IN,London
C01073,2024-08-14,Paid Search,cust1073@example.com,IN,Delhi
C01074,2024-03-20,Social Ads,cust1074@example.com,IN,Bangalore
C01075,2024-04-30,Direct,cust1075@example.com,UK,Delhi
C01076,2024-07-25,Social Ads,cust1076@example.com,AU,NYC
C01077,2023-06-07,Influencer,cust1077@example.com,CA,Mumbai
C01078,2023-10-05,Paid Search,cust1078@example.com,IN,Toronto
C01079,2023-08-22,Email,cust1079@example.com,US,Pune
C01080,2024-05-15,Paid Search,cust1080@example.com,IN,NYC
C01081,2023-08-06,Organic Search,cust1081@example.com,IN,Pune
C01082,2023-11-09,Email,cust1082@example.com,US,London
C01083,2024-05-10,Organic Search,cust1083@example.com,UK,London
C01084,2024-03-15,Paid Search,cust1084@example.com,US,Mumbai
C01085,2024-03-28,Email,cust1085@example.com,IN,London
C01086,2023-03-01,Direct,cust1086@example.com,IN,Sydney
C01087,2023-04-04,Influencer,cust1087@example.com,IN,London
C01088,2024-02-14,Email,cust1088@example.com,US,Toronto
C01089,2023-03-16,Influencer,cust1089@example.com,AU,Toronto
C01090,2024-03-26,Paid Search,cust1090@example.com,IN,Sydney
C01091,2023-04-05,Paid Search,cust1091@example.com,CA,Pune
C01092,2024-11-09,Email,cust1092@example.com,US,Toronto
C01093,2023-07-12,Influencer,cust1093@example.com,CA,Delhi
C01094,2024-07-06,Email,cust1094@example.com,CA,Delhi
C01095,2024-05-22,Direct,cust1095@example.com,CA,Delhi
C01096,2023-03-06,Influencer,cust1096@example.com,US,Delhi
C01097,2024-03-31,Social Ads,cust1097@example.com,IN,Delhi
C01098,2023-05-29,Organic Search,cust1098@example.com,US,Pune
C01099,2023-02-08,Paid Search,cust1099@example.com,CA,Pune
C01100,2023-07-12,Paid Search,cust1100@example.com,IN,Toronto
C01101,2023-09-10,Email,cust1101@example.com,US,NYC
C01102,2024-05-04,Paid Search,cust1102@example.com,IN,Sydney
C01103,2024-04-03,Organic Search,cust1103@example.com,AU,Sydney
C01104,2024-11-11,Social Ads,cust1104@example.com,AU,Delhi
C01105,2024-07-28,Organic Search,cust1105@example.com,AU,Delhi
C01106,2023-09-04,Paid Search,cust1106@example.com,IN,Toronto
C01107,2024-09-29,Direct,cust1107@example.com,IN,Pune
C01108,2024-02-29,Influencer,cust1108@example.com,US,London
C01109,2024-06-13,Email,cust1109@example.com,IN,London
C01110,2023-10-08,Social Ads,cust1110@example.com,IN,London
C01111,2023-02-04,Email,cust1111@example.com,IN,Mumbai
C01112,2023-07-18,Social Ads,cust1112@example.com,IN,Mumbai
C01113,2024-03-13,Email,cust1113@example.com,US,Sydney
C01114,2024-04-27,Paid Search,cust1114@example.com,IN,Mumbai
C01115,2024-08-24,Social Ads,cust1115@example.com,IN,London
C01116,2023-08-18,Email,cust1116@example.com,UK,Pune
C01117,2024-05-07,Direct,cust1117@example.com,UK,Sydney
C01118,2024-10-27,Paid Search,,IN,NYC
C01119,2023-01-24,Email,cust1119@example.com,UK,Delhi
C01120,2023-06-02,Email,cust1120@example.com,US,Toronto
C01121,2023-04-11,Direct,cust1121@example.com,CA,Toronto
C01122,2024-06-11,Paid Search,cust1122@example.com,US,Pune
C01123,2024-02-20,Direct,cust1123@example.com,IN,Delhi
C01124,2023-04-26,Organic Search,cust1124@example.com,CA,Pune
C01125,2024-01-31,Paid Search,cust1125@example.com,IN,Pune
C01126,2023-05-18,Social Ads,cust1126@example.com,US,Toronto
C01127,2024-11-08,Email,cust1127@example.com,US,Mumbai
C01128,2023-11-25,Organic Search,cust1128@example.com,IN,Sydney
C01129,2023-03-15,Paid Search,cust1129@example.com,IN,London
C01130,2023-11-13,Influencer,cust1130@example.com,US,Bangalore
C01131,2024-10-08,Direct,cust1131@example.com,US,London
C01132,2023-06-10,Organic Search,cust1132@example.com,IN,NYC
C01133,2023-01-28,Email,cust1133@example.com,US,Mumbai
C01134,2023-10-25,Paid Search,cust1134@example.com,IN,London
C01135,2024-11-16,Social Ads,cust1135@example.com,IN,Bangalore
C01136,2023-07-12,Organic Search,cust1136@example.com,UK,Bangalore
C01137,2024-03-17,Paid Search,cust1137@example.com,IN,Mumbai
C01138,2023-03-10,Paid Search,cust1138@example.com,CA,Pune
C01139,2024-05-31,Paid Search,cust1139@example.com,IN,Mumbai
C01140,2023-01-03,Organic Search,cust1140@example.com,IN,Pune
C01141,2023-01-20,Paid Search,cust1141@example.com,IN,Bangalore
C01142,2024-09-20,Social Ads,cust1142@example.com,AU,Pune
C01143,2023-03-17,Organic Search,cust1143@example.com,IN,Pune
C01144,2023-01-05,Direct,cust1144@example.com,IN,Mumbai
C01145,2024-11-06,Social Ads,cust1145@example.com,UK,London
C01146,2024-11-22,Paid Search,cust1146@example.com,UK,Delhi
C01147,2023-03-12,Paid Search,cust1147@example.com,IN,London
C01148,2023-03-06,Paid Search,cust1148@example.com,US,Delhi
C01149,2023-04-27,Social Ads,cust1149@example.com,IN,NYC
C01150,2023-04-11,Influencer,cust1150@example.com,UK,Toronto
C01151,2023-12-14,Direct,cust1151@example.com,UK,Toronto
C01152,2024-11-19,Paid Search,cust1152@example.com,US,Sydney
C01153,2023-09-11,Email,cust1153@example.com,US,London
C01154,2024-08-24,Paid Search,cust1154@example.com,AU,Bangalore
C01155,2023-10-15,Email,cust1155@example.com,IN,NYC
C01156,2024-03-14,Organic Search,cust1156@example.com,IN,London
C01157,2023-05-29,Influencer,cust1157@example.com,US,Mumbai
C01158,2024-11-02,Organic Search,cust1158@example.com,US,Delhi
C01159,2024-06-17,Organic Search,,IN,Pune
C01160,2023-11-01,Email,cust1160@example.com,UK,Bangalore
C01161,2024-05-17,Paid Search,cust1161@example.com,IN,Sydney
C01162,2023-09-26,Organic Search,cust1162@example.com,IN,NYC
C01163,2024-08-03,Paid Search,cust1163@example.com,AU,Mumbai
C01164,2024-01-14,Organic Search,cust1164@example.com,IN,Pune
C01165,2023-09-09,Social Ads,cust1165@example.com,US,London
C01166,2023-07-23,Direct,cust1166@example.com,IN,Pune
C01167,2024-02-15,Email,cust1167@example.com,US,NYC
C01168,2023-06-25,Direct,cust1168@example.com,US,Bangalore
C01169,2024-03-18,Email,cust1169@example.com,IN,Pune
C01170,2024-10-12,Email,cust1170@example.com,IN,Mumbai
C01171,2023-04-26,Paid Search,cust1171@example.com,UK,Pune
C01172,2023-03-29,Paid Search,cust1172@example.com,AU,Sydney
C01173,2023-07-19,Email,cust1173@example.com,CA,Bangalore
C01174,2024-11-04,Social Ads,cust1174@example.com,US,Mumbai
C01175,2024-04-16,Email,cust1175@example.com,IN,Pune
C01176,2023-01-18,Paid Search,cust1176@example.com,US,Delhi
C01177,2024-04-24,Organic Search,cust1177@example.com,IN,Bangalore
C01178,2023-05-25,Social Ads,cust1178@example.com,IN,Toronto
C01179,2023-08-28,Paid Search,,US,Delhi
C01180,2023-10-13,Social Ads,cust1180@example.com,UK,Toronto
C01181,2023-02-01,Email,cust1181@example.com,IN,Sydney
C01182,2023-04-04,Organic Search,cust1182@example.com,IN,Sydney
C01183,2024-06-24,Email,cust1183@example.com,CA,Toronto
C01184,2023-08-28,Organic Search,cust1184@example.com,IN,London
C01185,2024-07-17,Direct,cust1185@example.com,CA,Delhi
C01186,2024-02-02,Paid Search,cust1186@example.com,IN,London
C01187,2023-01-12,Social Ads,cust1187@example.com,IN,Pune
C01188,2024-05-05,Organic Search,cust1188@example.com,US,Pune
C01189,2023-01-10,Email,cust1189@example.com,US,London
C01190,2024-04-12,Organic Search,cust1190@example.com,IN,Mumbai
C01191,2023-04-15,Influencer,cust1191@example.com,AU,Bangalore
C01192,2024-03-01,Organic Search,cust1192@example.com,UK,Pune
C01193,2024-03-14,Paid Search,cust1193@example.com,UK,NYC
C01194,2024-10-16,Organic Search,cust1194@example.com,AU,Toronto
C01195,2024-01-18,Email,cust1195@example.com,IN,NYC
C01196,2023-01-01,Social Ads,cust1196@example.com,UK,Toronto
C01197,2024-09-04,Organic Search,cust1197@example.com,IN,NYC
C01198,2024-11-03,Social Ads,cust1198@example.com,IN,NYC
C01199,2023-06-14,Influencer,cust1199@example.com,IN,Sydney
C01200,2023-10-20,Organic Search,cust1200@example.com,US,Pune
C01201,2024-05-05,Direct,cust1201@example.com,US,Mumbai
C01202,2023-05-15,Email,cust1202@example.com,IN,NYC
C01203,2023-10-03,Direct,cust1203@example.com,US,Sydney
C01204,2023-08-26,Organic Search,cust1204@example.com,US,Toronto
C01205,2023-12-11,Email,cust1205@example.com,UK,NYC
C01206,2024-01-05,Email,cust1206@example.com,UK,Delhi
C01207,2023-08-02,Organic Search,cust1207@example.com,IN,Toronto
C01208,2024-04-27,Direct,cust1208@example.com,IN,Delhi
C01209,2023-11-10,Social Ads,cust1209@example.com,IN,Mumbai
C01210,2023-12-15,Paid Search,cust1210@example.com,IN,NYC
C01211,2023-01-15,Paid Search,cust1211@example.com,IN,Mumbai
C01212,2024-10-23,Social Ads,cust1212@example.com,US,Mumbai
C01213,2023-05-19,Direct,cust1213@example.com,UK,Toronto
C01214,2023-05-13,Paid Search,cust1214@example.com,US,Bangalore
C01215,2023-02-27,Organic Search,cust1215@example.com,CA,Mumbai
C01216,2023-08-14,Organic Search,cust1216@example.com,CA,Mumbai
C01217,2024-04-06,Social Ads,cust1217@example.com,US,Delhi
C01218,2023-05-22,Organic Search,cust1218@example.com,AU,Mumbai
C01219,2024-07-04,Email,cust1219@example.com,IN,Sydney
C01220,2024-04-11,Organic Search,cust1220@example.com,IN,Bangalore
C01221,2023-01-13,Organic Search,cust1221@example.com,CA,Sydney
C01222,2024-08-17,Email,cust1222@example.com,CA,Toronto
C01223,2024-09-05,Direct,cust1223@example.com,US,London
C01224,2023-10-10,Social Ads,cust1224@example.com,US,Delhi
C01225,2023-02-05,Organic Search,cust1225@example.com,IN,NYC
C01226,2024-06-05,Social Ads,cust1226@example.com,US,Bangalore
C01227,2023-07-30,Organic Search,cust1227@example.com,IN,London
C01228,2023-11-12,Organic Search,cust1228@example.com,US,Pune
C01229,2023-02-06,Email,cust1229@example.com,AU,Pune
C01230,2024-09-11,Organic Search,cust1230@example.com,US,Pune
C01231,2023-08-12,Email,cust1231@example.com,IN,Bangalore
C01232,2023-09-30,Organic Search,,IN,Toronto
C01233,2023-04-05,Organic Search,cust1233@example.com,US,Pune
C01234,2024-11-30,Organic Search,cust1234@example.com,IN,Pune
C01235,2024-08-12,Organic Search,cust1235@example.com,UK,Sydney
C01236,2024-09-17,Email,cust1236@example.com,UK,Pune
C01237,2023-06-30,Paid Search,cust1237@example.com,IN,Pune
C01238,2024-09-14,Influencer,cust1238@example.com,CA,Mumbai
C01239,2024-07-16,Organic Search,cust1239@example.com,IN,Mumbai
C01240,2024-06-30,Paid Search,cust1240@example.com,UK,Sydney
C01241,2023-03-16,Email,cust1241@example.com,CA,Pune
C01242,2023-09-06,Email,cust1242@example.com,IN,Bangalore
C01243,2023-05-03,Paid Search,cust1243@example.com,US,Delhi
C01244,2023-10-21,Paid Search,cust1244@example.com,IN,Pune
C01245,2024-01-16,Influencer,cust1245@example.com,US,Toronto
C01246,2023-05-12,Organic Search,cust1246@example.com,US,Sydney
C01247,2023-05-02,Paid Search,,IN,Delhi
C01248,2023-01-27,Social Ads,cust1248@example.com,CA,Toronto
C01249,2023-03-26,Direct,cust1249@example.com,CA,Delhi
C01250,2024-09-24,Organic Search,cust1250@example.com,IN,Bangalore
C01251,2024-03-22,Paid Search,cust1251@example.com,IN,Mumbai
C01252,2024-08-07,Social Ads,cust1252@example.com,US,Mumbai
C01253,2024-08-13,Organic Search,cust1253@example.com,US,Delhi
C01254,2023-02-13,Paid Search,cust1254@example.com,IN,Mumbai
C01255,2023-10-30,Social Ads,cust1255@example.com,IN,Delhi
C01256,2024-11-06,Influencer,cust1256@example.com,US,Delhi
C01257,2023-09-03,Organic Search,cust1257@example.com,IN,Delhi
C01258,2024-05-07,Organic Search,cust1258@example.com,IN,Toronto
C01259,2023-11-07,Paid Search,cust1259@example.com,US,Bangalore
C01260,2024-08-17,Direct,cust1260@example.com,UK,NYC
C01261,2023-07-14,Social Ads,cust1261@example.com,US,NYC
C01262,2023-03-01,Influencer,cust1262@example.com,IN,Bangalore
C01263,2023-09-09,Organic Search,cust1263@example.com,CA,Delhi
C01264,2024-04-22,Direct,cust1264@example.com,CA,London
C01265,2024-01-12,Email,cust1265@example.com,UK,Toronto
C01266,2023-10-18,Direct,cust1266@example.com,US,Delhi
C01267,2024-03-27,Influencer,cust1267@example.com,IN,Toronto
C01268,2024-08-30,Paid Search,cust1268@example.com,IN,Toronto
C01269,2023-01-06,Email,cust1269@example.com,US,Pune
C01270,2023-11-09,Paid Search,cust1270@example.com,CA,NYC
C01271,2024-04-16,Organic Search,cust1271@example.com,IN,NYC
C01272,2024-03-16,Paid Search,cust1272@example.com,US,Toronto
C01273,2023-12-19,Direct,cust1273@example.com,IN,Toronto
C01274,2024-02-29,Influencer,cust1274@example.com,UK,NYC
C01275,2024-08-02,Social Ads,cust1275@example.com,US,Bangalore
C01276,2024-04-28,Influencer,cust1276@example.com,UK,Toronto
C01277,2024-01-26,Influencer,cust1277@example.com,US,London
C01278,2024-03-30,Influencer,cust1278@example.com,IN,Bangalore
C01279,2023-07-14,Email,cust1279@example.com,IN,Pune
C01280,2023-11-05,Email,cust1280@example.com,US,Toronto
C01281,2023-02-11,Direct,cust1281@example.com,IN,NYC
C01282,2023-07-29,Influencer,cust1282@example.com,IN,Sydney
C01283,2023-10-05,Organic Search,cust1283@example.com,IN,Mumbai
C01284,2024-05-29,Direct,cust1284@example.com,AU,Bangalore
C01285,2023-02-10,Paid Search,cust1285@example.com,IN,Pune
C01286,2023-09-29,Direct,cust1286@example.com,IN,Sydney
C01287,2024-10-20,Direct,cust1287@example.com,UK,Delhi
C01288,2024-04-11,Paid Search,cust1288@example.com,AU,London
C01289,2023-07-08,Organic Search,cust1289@example.com,IN,Sydney
C01290,2023-04-11,Social Ads,cust1290@example.com,IN,Delhi
C01291,2024-01-22,Direct,cust1291@example.com,IN,London
C01292,2023-12-16,Email,cust1292@example.com,UK,Delhi
C01293,2023-01-29,Paid Search,cust1293@example.com,US,Mumbai
C01294,2024-10-25,Email,cust1294@example.com,AU,Delhi
C01295,2023-02-19,Social Ads,cust1295@example.com,US,Pune
C01296,2023-11-11,Direct,cust1296@example.com,US,Bangalore
C01297,2023-12-28,Organic Search,cust1297@example.com,IN,Delhi
C01298,2024-03-16,Paid Search,cust1298@example.com,CA,Toronto
C01299,2023-12-10,Social Ads,cust1299@example.com,IN,Mumbai
C01300,2023-07-13,Organic Search,cust1300@example.com,IN,Mumbai
C01301,2024-11-07,Organic Search,cust1301@example.com,IN,Sydney
C01302,2024-01-03,Social Ads,cust1302@example.com,CA,Toronto
C01303,2023-01-07,Organic Search,cust1303@example.com,UK,Mumbai
C01304,2023-07-15,Paid Search,cust1304@example.com,IN,Mumbai
C01305,2024-08-14,Direct,cust1305@example.com,IN,NYC
C01306,2024-06-07,Organic Search,cust1306@example.com,UK,Bangalore
C01307,2023-05-29,Direct,cust1307@example.com,IN,Mumbai
C01308,2024-05-25,Influencer,cust1308@example.com,IN,NYC
C01309,2024-01-24,Social Ads,cust1309@example.com,IN,Sydney
C01310,2024-10-09,Direct,cust1310@example.com,IN,Pune
C01311,2024-02-29,Organic Search,cust1311@example.com,CA,Bangalore
C01312,2023-12-30,Social Ads,cust1312@example.com,US,London
C01313,2023-04-12,Paid Search,cust1313@example.com,US,Bangalore
C01314,2023-07-26,Paid Search,cust1314@example.com,IN,Mumbai
C01315,2023-02-07,Direct,cust1315@example.com,IN,London
C01316,2024-03-01,Paid Search,cust1316@example.com,IN,London
C01317,2024-05-02,Email,cust1317@example.com,IN,Sydney
C01318,2024-01-20,Email,cust1318@example.com,US,London
C01319,2024-05-09,Social Ads,cust1319@example.com,IN,Toronto
C01320,2023-12-19,Influencer,cust1320@example.com,AU,Pune
C01321,2024-04-13,Paid Search,cust1321@example.com,IN,Pune
C01322,2023-06-24,Paid Search,cust1322@example.com,US,Delhi
C01323,2024-08-21,Influencer,cust1323@example.com,IN,Bangalore
C01324,2024-06-22,Social Ads,cust1324@example.com,US,Sydney
C01325,2023-09-14,Direct,cust1325@example.com,IN,Delhi
C01326,2024-07-27,Direct,cust1326@example.com,IN,Delhi
C01327,2024-06-18,Organic Search,cust1327@example.com,IN,London
C01328,2024-04-08,Email,cust1328@example.com,IN,Toronto
C01329,2023-03-21,Paid Search,cust1329@example.com,US,Bangalore
C01330,2024-11-11,Paid Search,cust1330@example.com,IN,Pune
C01331,2024-05-04,Paid Search,cust1331@example.com,US,Pune
C01332,2024-10-25,Organic Search,cust1332@example.com,US,NYC
C01333,2023-03-01,Paid Search,cust1333@example.com,UK,Sydney
C01334,2024-05-03,Organic Search,cust1334@example.com,IN,Bangalore
C01335,2024-09-19,Influencer,cust1335@example.com,IN,Pune
C01336,2023-11-03,Paid Search,cust1336@example.com,US,Delhi
C01337,2023-06-25,Paid Search,cust1337@example.com,IN,Pune
C01338,2023-09-09,Direct,cust1338@example.com,UK,NYC
C01339,2024-06-13,Paid Search,cust1339@example.com,IN,London
C01340,2023-07-15,Influencer,cust1340@example.com,IN,Bangalore
C01341,2023-04-03,Direct,cust1341@example.com,IN,Pune
C01342,2023-01-31,Paid Search,cust1342@example.com,UK,Delhi
C01343,2023-08-05,Influencer,,IN,Bangalore
C01344,2024-04-22,Organic Search,cust1344@example.com,UK,Bangalore
C01345,2024-04-18,Direct,cust1345@example.com,UK,Delhi
C01346,2023-09-09,Email,cust1346@example.com,IN,Toronto
C01347,2024-06-05,Paid Search,cust1347@example.com,US,Mumbai
C01348,2024-07-12,Paid Search,cust1348@example.com,IN,NYC
C01349,2023-03-10,Organic Search,cust1349@example.com,AU,Delhi
C01350,2023-01-09,Organic Search,cust1350@example.com,IN,Toronto
C01351,2023-07-23,Direct,cust1351@example.com,AU,NYC
C01352,2023-01-25,Email,cust1352@example.com,IN,NYC
C01353,2024-11-04,Direct,cust1353@example.com,IN,Mumbai
C01354,2023-10-19,Organic Search,cust1354@example.com,UK,NYC
C01355,2023-01-03,Organic Search,cust1355@example.com,IN,Delhi
C01356,2024-07-06,Influencer,cust1356@example.com,UK,Pune
C01357,2024-04-20,Organic Search,cust1357@example.com,IN,Mumbai
C01358,2023-03-21,Email,cust1358@example.com,IN,Bangalore
C01359,2023-11-11,Direct,cust1359@example.com,CA,Bangalore
C01360,2023-02-14,Email,cust1360@example.com,IN,Pune
C01361,2024-07-08,Social Ads,cust1361@example.com,IN,Sydney
C01362,2023-07-05,Paid Search,cust1362@example.com,UK,Toronto
C01363,2023-04-26,Paid Search,cust1363@example.com,UK,NYC
C01364,2023-08-07,Email,cust1364@example.com,IN,NYC
C01365,2023-12-19,Paid Search,cust1365@example.com,AU,Mumbai
C01366,2024-10-20,Direct,cust1366@example.com,IN,Pune
C01367,2023-08-01,Paid Search,cust1367@example.com,US,Mumbai
C01368,2023-06-28,Social Ads,cust1368@example.com,IN,Pune
C01369,2023-02-09,Organic Search,cust1369@example.com,US,Delhi
C01370,2024-07-05,Direct,cust1370@example.com,AU,NYC
C01371,2023-08-10,Direct,cust1371@example.com,IN,Bangalore
C01372,2024-07-19,Email,cust1372@example.com,US,Pune
C01373,2024-08-24,Influencer,cust1373@example.com,US,Delhi
C01374,2024-06-23,Influencer,cust1374@example.com,IN,Toronto
C01375,2023-05-30,Influencer,cust1375@example.com,CA,NYC
C01376,2023-09-29,Paid Search,cust1376@example.com,IN,Delhi
C01377,2023-09-14,Email,cust1377@example.com,CA,NYC
C01378,2024-02-18,Influencer,cust1378@example.com,US,London
C01379,2023-05-16,Paid Search,cust1379@example.com,US,London
C01380,2024-08-21,Paid Search,cust1380@example.com,US,Delhi
C01381,2023-01-14,Paid Search,cust1381@example.com,IN,Toronto
C01382,2024-03-16,Paid Search,cust1382@example.com,AU,Sydney
C01383,2023-02-24,Email,cust1383@example.com,IN,Pune
C01384,2023-08-03,Organic Search,cust1384@example.com,IN,Sydney
C01385,2024-03-10,Paid Search,cust1385@example.com,IN,Pune
C01386,2023-05-07,Email,cust1386@example.com,IN,Mumbai
C01387,2023-05-25,Paid Search,cust1387@example.com,CA,Delhi
C01388,2024-10-17,Organic Search,cust1388@example.com,US,Delhi
C01389,2023-11-19,Social Ads,cust1389@example.com,IN,Pune
C01390,2023-12-05,Organic Search,cust1390@example.com,UK,Pune
C01391,2023-10-23,Organic Search,cust1391@example.com,IN,Sydney
C01392,2024-06-17,Direct,cust1392@example.com,IN,London
C01393,2024-08-19,Email,cust1393@example.com,CA,Delhi
C01394,2024-10-10,Influencer,cust1394@example.com,UK,Bangalore
C01395,2024-09-29,Email,cust1395@example.com,CA,Toronto
C01396,2023-05-01,Direct,cust1396@example.com,US,NYC
C01397,2023-10-10,Influencer,cust1397@example.com,US,London
C01398,2024-04-02,Email,cust1398@example.com,IN,Mumbai
C01399,2023-11-29,Paid Search,cust1399@example.com,US,London
C01400,2023-08-02,Email,cust1400@example.com,IN,Sydney
C01401,2024-02-01,Direct,cust1401@example.com,IN,Delhi
C01402,2024-11-12,Direct,cust1402@example.com,CA,Bangalore
C01403,2023-01-05,Direct,cust1403@example.com,US,NYC
C01404,2023-07-24,Paid Search,cust1404@example.com,IN,London
C01405,2024-10-29,Influencer,cust1405@example.com,IN,London
C01406,2024-09-23,Direct,cust1406@example.com,IN,Pune
C01407,2024-02-26,Organic Search,cust1407@example.com,US,Delhi
C01408,2023-04-28,Paid Search,cust1408@example.com,IN,Delhi
C01409,2023-05-16,Email,cust1409@example.com,AU,Pune
C01410,2023-11-27,Direct,cust1410@example.com,UK,London
C01411,2023-01-22,Social Ads,cust1411@example.com,IN,London
C01412,2023-04-22,Direct,cust1412@example.com,US,Pune
C01413,2023-08-30,Email,cust1413@example.com,IN,Mumbai
C01414,2023-09-16,Influencer,cust1414@example.com,IN,Sydney
C01415,2023-01-01,Organic Search,cust1415@example.com,IN,Pune
C01416,2023-04-27,Email,cust1416@example.com,IN,Toronto
C01417,2023-06-18,Organic Search,cust1417@example.com,UK,London
C01418,2024-06-02,Paid Search,cust1418@example.com,UK,Sydney
C01419,2023-12-12,Organic Search,cust1419@example.com,IN,Bangalore
C01420,2023-01-07,Direct,cust1420@example.com,US,NYC
C01421,2023-11-09,Direct,cust1421@example.com,IN,NYC
C01422,2024-08-27,Paid Search,cust1422@example.com,US,Mumbai
C01423,2023-04-16,Social Ads,cust1423@example.com,UK,Mumbai
C01424,2024-07-10,Organic Search,cust1424@example.com,AU,Mumbai
C01425,2024-10-12,Email,cust1425@example.com,IN,Mumbai
C01426,2023-11-15,Email,cust1426@example.com,US,Sydney
C01427,2023-12-31,Influencer,cust1427@example.com,IN,Sydney
C01428,2023-08-25,Paid Search,cust1428@example.com,CA,Sydney
C01429,2023-09-13,Paid Search,cust1429@example.com,IN,Pune
C01430,2024-07-17,Organic Search,cust1430@example.com,AU,Pune
C01431,2024-05-31,Paid Search,cust1431@example.com,IN,Bangalore
C01432,2023-07-28,Organic Search,cust1432@example.com,US,London
C01433,2023-08-05,Organic Search,cust1433@example.com,CA,Bangalore
C01434,2023-11-13,Organic Search,cust1434@example.com,IN,NYC
C01435,2023-01-31,Organic Search,cust1435@example.com,IN,NYC
C01436,2024-11-29,Social Ads,cust1436@example.com,IN,Sydney
C01437,2023-01-20,Organic Search,cust1437@example.com,IN,London
C01438,2023-05-29,Organic Search,cust1438@example.com,IN,NYC
C01439,2024-09-27,Direct,cust1439@example.com,US,Bangalore
C01440,2023-03-21,Direct,cust1440@example.com,UK,Delhi
C01441,2023-10-15,Email,cust1441@example.com,IN,London
C01442,2023-05-01,Direct,cust1442@example.com,US,London
C01443,2023-04-24,Email,cust1443@example.com,AU,Mumbai
C01444,2024-11-19,Influencer,cust1444@example.com,US,NYC
C01445,2024-06-26,Paid Search,cust1445@example.com,UK,Toronto
C01446,2024-09-15,Email,cust1446@example.com,IN,Delhi
C01447,2023-03-14,Social Ads,cust1447@example.com,IN,London
C01448,2023-12-22,Paid Search,cust1448@example.com,IN,Bangalore
C01449,2024-05-25,Paid Search,cust1449@example.com,US,Mumbai
C01450,2024-03-03,Email,cust1450@example.com,UK,Pune
C01451,2023-06-19,Email,cust1451@example.com,IN,Delhi
C01452,2023-09-07,Organic Search,cust1452@example.com,US,Pune
C01453,2023-05-28,Email,cust1453@example.com,IN,NYC
C01454,2023-08-09,Email,cust1454@example.com,US,Pune
C01455,2023-09-23,Email,cust1455@example.com,US,Mumbai
C01456,2024-06-14,Direct,cust1456@example.com,AU,Bangalore
C01457,2023-04-02,Direct,cust1457@example.com,CA,Toronto
C01458,2024-03-21,Direct,cust1458@example.com,CA,Delhi
C01459,2023-05-09,Paid Search,cust1459@example.com,IN,Pune
C01460,2024-10-22,Social Ads,cust1460@example.com,IN,London
C01461,2023-04-14,Email,cust1461@example.com,UK,Bangalore
C01462,2023-01-08,Email,cust1462@example.com,IN,Bangalore
C01463,2023-07-31,Direct,cust1463@example.com,AU,Bangalore
C01464,2024-02-03,Paid Search,cust1464@example.com,IN,Sydney
C01465,2023-02-02,Email,cust1465@example.com,US,Delhi
C01466,2024-05-02,Organic Search,cust1466@example.com,CA,London
C01467,2024-09-25,Organic Search,cust1467@example.com,IN,London
C01468,2023-02-09,Email,cust1468@example.com,IN,Bangalore
C01469,2024-08-20,Social Ads,cust1469@example.com,CA,Pune
C01470,2023-10-04,Paid Search,cust1470@example.com,CA,NYC
C01471,2023-11-08,Paid Search,cust1471@example.com,US,NYC
C01472,2023-08-17,Influencer,cust1472@example.com,IN,Bangalore
C01473,2023-12-06,Paid Search,cust1473@example.com,CA,Pune
C01474,2023-04-14,Organic Search,cust1474@example.com,US,NYC
C01475,2023-03-08,Direct,cust1475@example.com,US,Pune
C01476,2023-03-15,Direct,cust1476@example.com,AU,Mumbai
C01477,2024-01-17,Paid Search,cust1477@example.com,AU,NYC
C01478,2024-11-04,Email,cust1478@example.com,US,Pune
C01479,2024-11-15,Organic Search,cust1479@example.com,IN,Pune
C01480,2024-07-15,Influencer,cust1480@example.com,IN,Mumbai
C01481,2023-01-29,Social Ads,cust1481@example.com,IN,Bangalore
C01482,2023-10-09,Organic Search,cust1482@example.com,UK,Delhi
C01483,2023-09-11,Organic Search,cust1483@example.com,IN,London
C01484,2023-03-25,Paid Search,cust1484@example.com,IN,London
C01485,2023-12-04,Influencer,cust1485@example.com,IN,Pune
C01486,2024-04-08,Organic Search,cust1486@example.com,US,Toronto
C01487,2024-08-26,Social Ads,cust1487@example.com,IN,Pune
C01488,2024-07-02,Social Ads,cust1488@example.com,CA,Delhi
C01489,2024-10-22,Paid Search,cust1489@example.com,US,NYC
C01490,2023-03-31,Organic Search,cust1490@example.com,US,Toronto
C01491,2024-10-20,Paid Search,cust1491@example.com,US,Toronto
C01492,2024-11-20,Organic Search,cust1492@example.com,IN,Pune
C01493,2023-05-18,Direct,cust1493@example.com,US,Bangalore
C01494,2023-10-01,Organic Search,cust1494@example.com,IN,Mumbai
C01495,2024-02-10,Organic Search,cust1495@example.com,US,Bangalore
C01496,2023-07-28,Paid Search,cust1496@example.com,IN,Toronto
C01497,2024-01-05,Paid Search,cust1497@example.com,IN,NYC
C01498,2023-12-18,Direct,cust1498@example.com,US,Pune
C01499,2023-08-16,Organic Search,cust1499@example.com,IN,Toronto
C01500,2024-05-20,Organic Search,cust1500@example.com,US,London
C01501,2023-07-14,Organic Search,cust1501@example.com,AU,London
C01502,2024-04-27,Paid Search,cust1502@example.com,IN,London
C01503,2023-10-11,Paid Search,cust1503@example.com,US,Pune
C01504,2023-08-21,Organic Search,cust1504@example.com,IN,NYC
C01505,2023-06-27,Direct,cust1505@example.com,US,Bangalore
C01506,2023-07-29,Organic Search,cust1506@example.com,US,Sydney
C01507,2024-04-28,Paid Search,cust1507@example.com,US,Bangalore
C01508,2024-01-05,Influencer,cust1508@example.com,AU,Sydney
C01509,2023-07-20,Email,cust1509@example.com,IN,Bangalore
C01510,2024-08-13,Email,cust1510@example.com,IN,Bangalore
C01511,2023-03-31,Influencer,cust1511@example.com,IN,Delhi
C01512,2024-10-30,Direct,cust1512@example.com,UK,Bangalore
C01513,2024-03-31,Organic Search,cust1513@example.com,IN,Delhi
C01514,2024-04-18,Email,cust1514@example.com,IN,Delhi
C01515,2023-10-11,Organic Search,cust1515@example.com,US,London
C01516,2024-03-03,Organic Search,cust1516@example.com,US,London
C01517,2024-08-08,Influencer,cust1517@example.com,IN,NYC
C01518,2023-08-24,Paid Search,cust1518@example.com,US,Mumbai
C01519,2023-12-15,Influencer,,AU,Delhi
C01520,2023-03-08,Organic Search,cust1520@example.com,IN,NYC
C01521,2023-10-10,Influencer,cust1521@example.com,CA,Delhi
C01522,2024-09-10,Social Ads,cust1522@example.com,US,Sydney
C01523,2024-02-03,Direct,cust1523@example.com,IN,NYC
C01524,2024-08-29,Social Ads,cust1524@example.com,US,NYC
C01525,2023-03-29,Organic Search,cust1525@example.com,CA,Bangalore
C01526,2023-06-27,Direct,cust1526@example.com,IN,Toronto
C01527,2024-11-27,Organic Search,cust1527@example.com,US,London
C01528,2023-08-25,Email,cust1528@example.com,UK,Bangalore
C01529,2023-09-16,Email,cust1529@example.com,UK,London
C01530,2024-07-06,Influencer,cust1530@example.com,AU,Pune
C01531,2023-07-01,Organic Search,cust1531@example.com,IN,Delhi
C01532,2023-11-16,Email,cust1532@example.com,IN,Toronto
C01533,2023-10-11,Paid Search,cust1533@example.com,IN,London
C01534,2023-10-20,Influencer,cust1534@example.com,US,Mumbai
C01535,2023-06-26,Direct,cust1535@example.com,CA,Pune
C01536,2023-12-17,Direct,cust1536@example.com,IN,Mumbai
C01537,2023-05-13,Email,cust1537@example.com,UK,Toronto
C01538,2023-01-20,Influencer,cust1538@example.com,IN,NYC
C01539,2024-09-17,Social Ads,cust1539@example.com,AU,London
C01540,2023-03-07,Social Ads,cust1540@example.com,UK,Toronto
C01541,2023-01-06,Organic Search,cust1541@example.com,UK,Toronto
C01542,2024-03-17,Influencer,cust1542@example.com,UK,Mumbai
C01543,2023-03-26,Email,cust1543@example.com,IN,Pune
C01544,2024-07-31,Email,cust1544@example.com,CA,NYC
C01545,2024-05-22,Direct,cust1545@example.com,CA,NYC
C01546,2023-09-20,Organic Search,cust1546@example.com,IN,Delhi
C01547,2023-05-04,Email,cust1547@example.com,IN,Mumbai
C01548,2024-08-16,Direct,cust1548@example.com,UK,London
C01549,2023-08-08,Organic Search,cust1549@example.com,IN,Delhi
C01550,2023-01-28,Influencer,cust1550@example.com,CA,Delhi
C01551,2023-11-03,Direct,cust1551@example.com,IN,Delhi
C01552,2023-09-01,Influencer,cust1552@example.com,IN,Pune
C01553,2024-09-22,Direct,cust1553@example.com,US,Pune
C01554,2024-09-12,Direct,cust1554@example.com,CA,Pune
C01555,2024-03-12,Organic Search,cust1555@example.com,US,Toronto
C01556,2023-02-02,Paid Search,cust1556@example.com,UK,Mumbai
C01557,2023-12-27,Organic Search,cust1557@example.com,US,Toronto
C01558,2023-01-15,Direct,cust1558@example.com,UK,Mumbai
C01559,2024-06-11,Influencer,cust1559@example.com,US,Delhi
C01560,2024-08-17,Influencer,cust1560@example.com,IN,London
C01561,2023-09-08,Paid Search,cust1561@example.com,US,Toronto
C01562,2023-10-18,Direct,cust1562@example.com,IN,Toronto
C01563,2024-01-05,Email,cust1563@example.com,UK,NYC
C01564,2023-07-24,Paid Search,cust1564@example.com,IN,Bangalore
C01565,2024-03-06,Email,cust1565@example.com,UK,Delhi
C01566,2023-04-29,Email,cust1566@example.com,US,Bangalore
C01567,2024-09-08,Paid Search,cust1567@example.com,CA,Mumbai
C01568,2023-11-20,Direct,cust1568@example.com,IN,NYC
C01569,2024-11-28,Direct,cust1569@example.com,IN,Bangalore
C01570,2024-07-11,Paid Search,,US,Sydney
C01571,2024-08-11,Organic Search,cust1571@example.com,IN,London
C01572,2024-02-12,Organic Search,cust1572@example.com,US,Pune
C01573,2023-10-26,Social Ads,cust1573@example.com,CA,Toronto
C01574,2023-03-18,Email,cust1574@example.com,IN,Sydney
C01575,2023-10-25,Social Ads,cust1575@example.com,US,Bangalore
C01576,2024-11-02,Paid Search,cust1576@example.com,AU,NYC
C01577,2024-10-02,Organic Search,cust1577@example.com,IN,Toronto
C01578,2024-04-16,Organic Search,cust1578@example.com,CA,Pune
C01579,2024-02-24,Organic Search,cust1579@example.com,IN,Mumbai
C01580,2023-04-01,Paid Search,cust1580@example.com,AU,London
C01581,2023-06-23,Influencer,cust1581@example.com,AU,London
C01582,2024-01-27,Organic Search,cust1582@example.com,US,Delhi
C01583,2024-05-14,Influencer,cust1583@example.com,IN,Sydney
C01584,2024-08-11,Influencer,cust1584@example.com,US,London
C01585,2023-06-24,Paid Search,cust1585@example.com,IN,Delhi
C01586,2024-03-17,Influencer,cust1586@example.com,CA,London
C01587,2023-01-22,Direct,,CA,London
C01588,2023-10-07,Direct,cust1588@example.com,US,Delhi
C01589,2024-01-20,Organic Search,cust1589@example.com,US,Bangalore
C01590,2023-05-23,Organic Search,cust1590@example.com,US,Sydney
C01591,2023-07-04,Organic Search,cust1591@example.com,CA,NYC
C01592,2023-08-11,Paid Search,cust1592@example.com,IN,Pune
C01593,2023-06-29,Organic Search,cust1593@example.com,IN,Bangalore
C01594,2023-12-03,Email,cust1594@example.com,US,Pune
C01595,2024-10-20,Social Ads,cust1595@example.com,IN,Mumbai
C01596,2024-01-14,Influencer,cust1596@example.com,AU,Bangalore
C01597,2024-10-22,Paid Search,cust1597@example.com,IN,Toronto
C01598,2023-03-29,Direct,cust1598@example.com,US,Sydney
C01599,2023-11-15,Email,cust1599@example.com,IN,London
C01600,2023-10-15,Organic Search,cust1600@example.com,IN,Toronto
C01601,2024-07-28,Email,cust1601@example.com,US,Sydney
C01602,2024-09-30,Organic Search,cust1602@example.com,IN,Bangalore
C01603,2023-07-27,Email,cust1603@example.com,IN,NYC
C01604,2024-04-08,Direct,cust1604@example.com,IN,Pune
C01605,2023-01-07,Email,cust1605@example.com,CA,Pune
C01606,2023-10-29,Social Ads,cust1606@example.com,US,Toronto
C01607,2023-01-23,Social Ads,cust1607@example.com,US,London
C01608,2023-01-11,Paid Search,cust1608@example.com,IN,London
C01609,2023-02-07,Email,cust1609@example.com,AU,Sydney
C01610,2023-12-12,Influencer,cust1610@example.com,CA,NYC
C01611,2023-10-08,Organic Search,cust1611@example.com,UK,Bangalore
C01612,2024-05-10,Email,cust1612@example.com,CA,Bangalore
C01613,2023-06-30,Direct,cust1613@example.com,IN,Sydney
C01614,2024-06-15,Email,cust1614@example.com,IN,Toronto
C01615,2024-07-11,Paid Search,cust1615@example.com,AU,London
C01616,2024-05-27,Paid Search,cust1616@example.com,US,Mumbai
C01617,2024-04-21,Organic Search,cust1617@example.com,IN,Mumbai
C01618,2023-11-02,Social Ads,cust1618@example.com,IN,Mumbai
C01619,2023-07-02,Direct,cust1619@example.com,UK,Mumbai
C01620,2023-03-08,Influencer,cust1620@example.com,CA,Sydney
C01621,2023-07-03,Organic Search,cust1621@example.com,US,London
C01622,2024-09-14,Organic Search,cust1622@example.com,US,Mumbai
C01623,2023-04-25,Paid Search,cust1623@example.com,US,London
C01624,2024-07-06,Influencer,cust1624@example.com,IN,Pune
C01625,2024-02-27,Organic Search,cust1625@example.com,US,Pune
C01626,2024-09-07,Social Ads,cust1626@example.com,UK,Bangalore
C01627,2023-08-09,Organic Search,cust1627@example.com,US,NYC
C01628,2023-01-19,Influencer,cust1628@example.com,CA,NYC
C01629,2024-11-18,Influencer,cust1629@example.com,CA,Delhi
C01630,2024-10-02,Paid Search,cust1630@example.com,IN,NYC
C01631,2024-05-11,Organic Search,cust1631@example.com,US,Toronto
C01632,2023-08-05,Email,cust1632@example.com,AU,NYC
C01633,2024-07-08,Direct,cust1633@example.com,IN,Bangalore
C01634,2024-03-02,Email,cust1634@example.com,US,Delhi
C01635,2023-11-15,Social Ads,cust1635@example.com,UK,Pune
C01636,2023-08-30,Social Ads,cust1636@example.com,IN,Bangalore
C01637,2024-06-13,Paid Search,cust1637@example.com,IN,Mumbai
C01638,2024-04-15,Direct,cust1638@example.com,US,Toronto
C01639,2024-06-24,Email,cust1639@example.com,US,NYC
C01640,2023-05-25,Organic Search,cust1640@example.com,US,Mumbai
C01641,2023-06-11,Paid Search,cust1641@example.com,IN,Toronto
C01642,2024-07-29,Organic Search,cust1642@example.com,IN,Mumbai
C01643,2023-03-18,Direct,cust1643@example.com,IN,Sydney
C01644,2024-07-22,Email,cust1644@example.com,US,Pune
C01645,2023-01-29,Influencer,cust1645@example.com,IN,Sydney
C01646,2023-07-09,Email,cust1646@example.com,IN,Delhi
C01647,2023-05-03,Social Ads,cust1647@example.com,UK,Mumbai
C01648,2023-09-08,Organic Search,cust1648@example.com,IN,Sydney
C01649,2024-03-18,Paid Search,cust1649@example.com,IN,NYC
C01650,2023-04-18,Organic Search,cust1650@example.com,AU,Bangalore
C01651,2024-02-04,Paid Search,cust1651@example.com,UK,NYC
C01652,2023-08-20,Paid Search,cust1652@example.com,UK,Pune
C01653,2023-09-16,Email,cust1653@example.com,IN,Mumbai
C01654,2024-06-01,Direct,cust1654@example.com,US,Sydney
C01655,2024-05-25,Organic Search,cust1655@example.com,AU,Toronto
C01656,2023-06-11,Email,cust1656@example.com,IN,Delhi
C01657,2023-02-28,Organic Search,cust1657@example.com,US,Delhi
C01658,2024-07-19,Direct,cust1658@example.com,CA,Bangalore
C01659,2024-02-28,Organic Search,cust1659@example.com,UK,NYC
C01660,2024-04-24,Organic Search,cust1660@example.com,IN,London
C01661,2023-10-13,Paid Search,cust1661@example.com,IN,Toronto
C01662,2024-02-21,Direct,cust1662@example.com,US,Sydney
C01663,2024-04-03,Paid Search,,IN,Pune
C01664,2024-08-10,Organic Search,cust1664@example.com,US,London
C01665,2024-11-10,Paid Search,cust1665@example.com,IN,Bangalore
C01666,2024-03-07,Influencer,cust1666@example.com,AU,NYC
C01667,2024-05-07,Influencer,cust1667@example.com,CA,Pune
C01668,2023-03-22,Paid Search,cust1668@example.com,IN,Delhi
C01669,2024-01-09,Direct,cust1669@example.com,CA,Toronto
C01670,2024-05-09,Email,cust1670@example.com,IN,London
C01671,2024-07-02,Social Ads,cust1671@example.com,IN,Mumbai
C01672,2024-10-18,Organic Search,,UK,London
C01673,2023-11-02,Organic Search,cust1673@example.com,UK,Toronto
C01674,2023-06-18,Influencer,cust1674@example.com,CA,Mumbai
C01675,2024-05-26,Organic Search,cust1675@example.com,IN,Mumbai
C01676,2023-01-02,Organic Search,cust1676@example.com,CA,Toronto
C01677,2023-06-18,Social Ads,cust1677@example.com,IN,Bangalore
C01678,2023-04-05,Influencer,cust1678@example.com,IN,London
C01679,2023-08-10,Influencer,cust1679@example.com,US,Delhi
C01680,2024-04-23,Organic Search,cust1680@example.com,IN,Pune
C01681,2024-04-09,Paid Search,cust1681@example.com,IN,Pune
C01682,2024-09-04,Direct,cust1682@example.com,CA,NYC
C01683,2024-01-26,Paid Search,cust1683@example.com,US,Pune
C01684,2024-11-16,Influencer,cust1684@example.com,UK,Pune
C01685,2023-03-10,Direct,cust1685@example.com,US,Pune
C01686,2024-11-13,Direct,cust1686@example.com,IN,Toronto
C01687,2023-11-13,Direct,cust1687@example.com,IN,Toronto
C01688,2023-06-27,Social Ads,cust1688@example.com,IN,Delhi
C01689,2024-05-12,Influencer,cust1689@example.com,IN,London
C01690,2024-04-24,Paid Search,cust1690@example.com,IN,Delhi
C01691,2024-07-12,Social Ads,cust1691@example.com,IN,Bangalore
C01692,2023-06-23,Social Ads,cust1692@example.com,IN,Sydney
C01693,2024-03-05,Direct,cust1693@example.com,IN,Pune
C01694,2024-09-23,Organic Search,cust1694@example.com,US,Bangalore
C01695,2023-09-13,Email,cust1695@example.com,IN,London
C01696,2023-12-13,Organic Search,cust1696@example.com,US,Pune
C01697,2023-12-23,Paid Search,cust1697@example.com,IN,NYC
C01698,2023-06-08,Organic Search,cust1698@example.com,UK,Delhi
C01699,2024-08-16,Paid Search,,IN,Sydney
C01700,2023-11-10,Paid Search,cust1700@example.com,IN,NYC
C01701,2024-06-23,Direct,cust1701@example.com,US,Pune
C01702,2023-05-26,Organic Search,cust1702@example.com,US,London
C01703,2023-05-31,Organic Search,cust1703@example.com,IN,Delhi
C01704,2024-06-14,Direct,cust1704@example.com,CA,Pune
C01705,2023-01-21,Email,cust1705@example.com,IN,Sydney
C01706,2023-02-25,Organic Search,cust1706@example.com,IN,Mumbai
C01707,2024-05-02,Organic Search,cust1707@example.com,IN,Delhi
C01708,2024-04-15,Influencer,cust1708@example.com,CA,Sydney
C01709,2024-06-05,Email,cust1709@example.com,IN,Pune
C01710,2023-10-06,Paid Search,cust1710@example.com,IN,NYC
C01711,2024-07-03,Direct,cust1711@example.com,IN,Sydney
C01712,2023-01-09,Direct,cust1712@example.com,UK,Toronto
C01713,2023-11-24,Influencer,cust1713@example.com,IN,Mumbai
C01714,2023-12-09,Direct,cust1714@example.com,IN,Mumbai
C01715,2024-01-07,Organic Search,cust1715@example.com,UK,Mumbai
C01716,2023-09-11,Organic Search,cust1716@example.com,UK,Bangalore
C01717,2023-11-10,Direct,cust1717@example.com,IN,Mumbai
C01718,2023-11-30,Influencer,cust1718@example.com,US,Pune
C01719,2023-09-29,Organic Search,cust1719@example.com,US,Toronto
C01720,2023-08-27,Paid Search,cust1720@example.com,IN,Mumbai
C01721,2023-06-30,Email,cust1721@example.com,IN,Mumbai
C01722,2023-11-26,Social Ads,cust1722@example.com,CA,Delhi
C01723,2024-05-15,Direct,cust1723@example.com,US,Delhi
C01724,2023-07-12,Direct,cust1724@example.com,IN,Sydney
C01725,2024-02-13,Email,cust1725@example.com,IN,Sydney
C01726,2023-10-24,Organic Search,,US,Bangalore
C01727,2024-11-17,Paid Search,cust1727@example.com,IN,Bangalore
C01728,2024-09-13,Paid Search,cust1728@example.com,UK,Toronto
C01729,2024-02-05,Paid Search,cust1729@example.com,IN,Delhi
C01730,2024-07-02,Paid Search,cust1730@example.com,IN,Toronto
C01731,2023-04-02,Organic Search,cust1731@example.com,IN,Toronto
C01732,2023-12-15,Paid Search,cust1732@example.com,IN,Sydney
C01733,2024-03-24,Paid Search,cust1733@example.com,IN,Mumbai
C01734,2024-01-16,Paid Search,cust1734@example.com,IN,London
C01735,2024-08-24,Organic Search,cust1735@example.com,US,Toronto
C01736,2024-03-21,Influencer,cust1736@example.com,CA,Sydney
C01737,2024-03-25,Paid Search,cust1737@example.com,IN,Sydney
C01738,2024-04-24,Direct,cust1738@example.com,US,NYC
C01739,2023-06-26,Paid Search,cust1739@example.com,IN,London
C01740,2023-03-08,Organic Search,cust1740@example.com,IN,Toronto
C01741,2024-09-03,Influencer,cust1741@example.com,US,NYC
C01742,2023-04-19,Paid Search,cust1742@example.com,IN,Toronto
C01743,2024-10-14,Influencer,cust1743@example.com,IN,NYC
C01744,2023-01-13,Social Ads,cust1744@example.com,UK,Mumbai
C01745,2023-11-25,Social Ads,cust1745@example.com,CA,Bangalore
C01746,2023-10-26,Organic Search,cust1746@example.com,AU,Delhi
C01747,2023-08-05,Paid Search,cust1747@example.com,IN,Delhi
C01748,2024-07-04,Organic Search,cust1748@example.com,CA,Mumbai
C01749,2023-05-10,Influencer,cust1749@example.com,US,NYC
C01750,2023-04-14,Paid Search,cust1750@example.com,IN,Sydney
C01751,2024-08-15,Email,cust1751@example.com,IN,London
C01752,2023-03-17,Email,cust1752@example.com,US,NYC
C01753,2024-04-21,Influencer,cust1753@example.com,IN,Mumbai
C01754,2023-10-12,Email,cust1754@example.com,IN,London
C01755,2024-09-13,Email,cust1755@example.com,US,NYC
C01756,2023-03-31,Direct,cust1756@example.com,IN,Toronto
C01757,2024-07-16,Paid Search,cust1757@example.com,IN,Sydney
C01758,2024-11-02,Paid Search,cust1758@example.com,IN,Pune
C01759,2024-04-20,Organic Search,cust1759@example.com,UK,NYC
C01760,2024-04-09,Paid Search,cust1760@example.com,US,Bangalore
C01761,2023-12-06,Email,cust1761@example.com,AU,Delhi
C01762,2023-05-22,Social Ads,cust1762@example.com,IN,Sydney
C01763,2023-07-08,Direct,cust1763@example.com,US,Pune
C01764,2024-04-06,Paid Search,cust1764@example.com,IN,Delhi
C01765,2024-09-11,Organic Search,cust1765@example.com,US,Sydney
C01766,2024-06-27,Direct,cust1766@example.com,IN,Bangalore
C01767,2023-01-07,Paid Search,cust1767@example.com,UK,Delhi
C01768,2024-10-11,Organic Search,cust1768@example.com,IN,Sydney
C01769,2023-10-20,Influencer,cust1769@example.com,IN,Bangalore
C01770,2023-12-08,Influencer,cust1770@example.com,US,Pune
C01771,2024-09-06,Paid Search,cust1771@example.com,CA,Pune
C01772,2024-09-24,Paid Search,cust1772@example.com,UK,NYC
C01773,2023-01-11,Organic Search,cust1773@example.com,IN,Mumbai
C01774,2024-11-21,Influencer,cust1774@example.com,UK,Mumbai
C01775,2024-08-26,Paid Search,cust1775@example.com,US,London
C01776,2024-09-18,Email,cust1776@example.com,UK,Toronto
C01777,2024-07-14,Email,cust1777@example.com,US,Delhi
C01778,2023-09-23,Paid Search,cust1778@example.com,US,Mumbai
C01779,2023-11-11,Paid Search,cust1779@example.com,UK,Bangalore
C01780,2024-03-31,Direct,cust1780@example.com,US,Pune
C01781,2023-09-18,Paid Search,cust1781@example.com,IN,Toronto
C01782,2024-10-29,Email,cust1782@example.com,IN,NYC
C01783,2023-12-15,Email,cust1783@example.com,UK,Sydney
C01784,2024-04-02,Organic Search,cust1784@example.com,IN,Sydney
C01785,2023-12-15,Organic Search,cust1785@example.com,IN,Pune
C01786,2024-02-20,Organic Search,cust1786@example.com,CA,NYC
C01787,2024-07-19,Organic Search,cust1787@example.com,IN,Bangalore
C01788,2023-10-19,Influencer,cust1788@example.com,US,Mumbai
C01789,2023-10-27,Influencer,cust1789@example.com,IN,Pune
C01790,2023-01-05,Paid Search,cust1790@example.com,CA,Bangalore
C01791,2024-02-06,Social Ads,cust1791@example.com,IN,Mumbai
C01792,2024-03-29,Influencer,cust1792@example.com,AU,London
C01793,2023-02-17,Influencer,cust1793@example.com,IN,Pune
C01794,2024-08-06,Influencer,cust1794@example.com,IN,Bangalore
C01795,2024-04-29,Direct,cust1795@example.com,IN,NYC
C01796,2024-05-05,Influencer,cust1796@example.com,AU,Delhi
C01797,2023-10-10,Organic Search,cust1797@example.com,IN,NYC
C01798,2023-04-18,Direct,cust1798@example.com,CA,Mumbai
C01799,2024-11-18,Paid Search,cust1799@example.com,IN,NYC
C01800,2023-07-21,Organic Search,cust1800@example.com,IN,NYC
C01801,2023-12-28,Email,cust1801@example.com,IN,Delhi
C01802,2024-10-14,Influencer,cust1802@example.com,IN,Mumbai
C01803,2023-05-02,Social Ads,cust1803@example.com,IN,Toronto
C01804,2024-06-01,Paid Search,cust1804@example.com,IN,London
C01805,2024-01-02,Direct,cust1805@example.com,UK,Mumbai
C01806,2023-01-19,Paid Search,cust1806@example.com,CA,Sydney
C01807,2023-07-04,Email,cust1807@example.com,CA,NYC
C01808,2023-08-26,Organic Search,cust1808@example.com,UK,Sydney
C01809,2023-04-11,Direct,cust1809@example.com,US,Delhi
C01810,2023-11-13,Organic Search,cust1810@example.com,IN,Delhi
C01811,2024-04-12,Direct,cust1811@example.com,IN,Toronto
C01812,2023-09-07,Paid Search,cust1812@example.com,US,Pune
C01813,2023-03-30,Email,cust1813@example.com,IN,Bangalore
C01814,2023-04-13,Email,cust1814@example.com,IN,London
C01815,2024-06-21,Organic Search,cust1815@example.com,IN,Toronto
C01816,2023-03-02,Organic Search,cust1816@example.com,IN,Bangalore
C01817,2024-02-15,Paid Search,cust1817@example.com,IN,NYC
C01818,2024-03-15,Paid Search,cust1818@example.com,UK,London
C01819,2023-07-31,Influencer,cust1819@example.com,IN,Mumbai
C01820,2024-02-13,Organic Search,cust1820@example.com,IN,Pune
C01821,2024-10-22,Organic Search,cust1821@example.com,US,London
C01822,2024-07-02,Paid Search,cust1822@example.com,US,NYC
C01823,2024-09-05,Organic Search,cust1823@example.com,CA,Pune
C01824,2024-11-25,Influencer,cust1824@example.com,US,NYC
C01825,2023-01-21,Influencer,cust1825@example.com,IN,Sydney
C01826,2023-10-22,Email,cust1826@example.com,US,Delhi
C01827,2024-07-25,Direct,cust1827@example.com,IN,London
C01828,2024-08-05,Organic Search,cust1828@example.com,US,Pune
C01829,2024-10-03,Organic Search,cust1829@example.com,IN,Delhi
C01830,2024-01-28,Organic Search,cust1830@example.com,CA,Sydney
C01831,2023-05-31,Email,cust1831@example.com,IN,London
C01832,2024-01-18,Paid Search,,IN,Mumbai
C01833,2023-08-06,Organic Search,cust1833@example.com,AU,Sydney
C01834,2024-08-17,Paid Search,cust1834@example.com,US,Toronto
C01835,2024-02-10,Organic Search,cust1835@example.com,IN,NYC
C01836,2023-08-25,Organic Search,cust1836@example.com,US,London
C01837,2024-03-22,Email,cust1837@example.com,CA,Pune
C01838,2023-05-17,Organic Search,cust1838@example.com,IN,London
C01839,2023-12-05,Email,cust1839@example.com,IN,Delhi
C01840,2023-03-19,Direct,cust1840@example.com,US,Mumbai
C01841,2023-04-21,Email,cust1841@example.com,IN,Sydney
C01842,2023-09-07,Organic Search,cust1842@example.com,UK,London
C01843,2024-04-12,Email,cust1843@example.com,IN,NYC
C01844,2024-04-25,Paid Search,cust1844@example.com,CA,Mumbai
C01845,2024-08-27,Social Ads,cust1845@example.com,AU,London
C01846,2024-07-31,Social Ads,cust1846@example.com,IN,London
C01847,2024-07-30,Organic Search,cust1847@example.com,IN,Bangalore
C01848,2023-01-19,Email,cust1848@example.com,IN,London
C01849,2023-07-05,Email,cust1849@example.com,IN,Mumbai
C01850,2024-06-26,Direct,cust1850@example.com,IN,London
C01851,2023-02-16,Organic Search,cust1851@example.com,IN,London
C01852,2023-07-05,Organic Search,cust1852@example.com,US,NYC
C01853,2024-03-26,Paid Search,cust1853@example.com,US,Toronto
C01854,2023-11-15,Email,cust1854@example.com,UK,Delhi
C01855,2024-10-21,Direct,cust1855@example.com,IN,Delhi
C01856,2024-04-20,Email,cust1856@example.com,IN,NYC
C01857,2023-04-26,Social Ads,cust1857@example.com,CA,NYC
C01858,2023-01-29,Paid Search,cust1858@example.com,AU,London
C01859,2023-08-27,Paid Search,cust1859@example.com,US,Sydney
C01860,2024-06-16,Social Ads,cust1860@example.com,US,Mumbai
C01861,2023-06-27,Organic Search,cust1861@example.com,UK,London
C01862,2023-07-24,Influencer,cust1862@example.com,IN,Bangalore
C01863,2023-08-02,Email,cust1863@example.com,US,London
C01864,2023-09-15,Organic Search,cust1864@example.com,IN,Pune
C01865,2023-09-12,Direct,cust1865@example.com,UK,Toronto
C01866,2024-02-08,Influencer,cust1866@example.com,CA,London
C01867,2023-08-10,Social Ads,cust1867@example.com,US,Delhi
C01868,2023-12-09,Email,cust1868@example.com,CA,Toronto
C01869,2024-07-27,Email,cust1869@example.com,IN,Sydney
C01870,2023-07-24,Paid Search,cust1870@example.com,UK,London
C01871,2023-05-21,Social Ads,cust1871@example.com,UK,Bangalore
C01872,2024-05-30,Organic Search,cust1872@example.com,IN,Bangalore
C01873,2023-01-22,Organic Search,cust1873@example.com,UK,NYC
C01874,2023-03-16,Influencer,cust1874@example.com,UK,Bangalore
C01875,2024-06-18,Influencer,cust1875@example.com,IN,Toronto
C01876,2024-07-10,Influencer,cust1876@example.com,UK,Mumbai
C01877,2023-10-07,Social Ads,cust1877@example.com,US,Toronto
C01878,2023-01-25,Organic Search,cust1878@example.com,AU,NYC
C01879,2024-09-02,Paid Search,cust1879@example.com,CA,Bangalore
C01880,2024-06-24,Email,cust1880@example.com,IN,Sydney
C01881,2023-04-05,Paid Search,cust1881@example.com,UK,NYC
C01882,2023-12-12,Paid Search,cust1882@example.com,UK,Sydney
C01883,2023-11-19,Paid Search,cust1883@example.com,US,Delhi
C01884,2024-03-26,Email,cust1884@example.com,IN,London
C01885,2024-04-05,Direct,cust1885@example.com,CA,Pune
C01886,2024-02-14,Influencer,cust1886@example.com,IN,Bangalore
C01887,2024-06-06,Email,cust1887@example.com,UK,Mumbai
C01888,2024-07-11,Email,cust1888@example.com,IN,Toronto
C01889,2023-10-11,Organic Search,cust1889@example.com,US,Toronto
C01890,2024-03-19,Paid Search,cust1890@example.com,IN,Pune
C01891,2024-01-16,Email,cust1891@example.com,IN,Mumbai
C01892,2024-03-24,Paid Search,cust1892@example.com,IN,Mumbai
C01893,2024-04-06,Paid Search,cust1893@example.com,US,Delhi
C01894,2023-08-22,Organic Search,cust1894@example.com,IN,Delhi
C01895,2023-05-01,Paid Search,cust1895@example.com,IN,NYC
C01896,2023-01-22,Direct,cust1896@example.com,US,NYC
C01897,2023-06-12,Direct,cust1897@example.com,IN,Mumbai
C01898,2023-05-15,Organic Search,cust1898@example.com,US,Mumbai
C01899,2024-05-19,Influencer,,CA,Mumbai
C01900,2024-08-05,Email,cust1900@example.com,AU,Mumbai
C01901,2024-08-09,Organic Search,cust1901@example.com,CA,Delhi
C01902,2023-12-20,Paid Search,cust1902@example.com,IN,Toronto
C01903,2023-11-30,Social Ads,cust1903@example.com,US,London
C01904,2024-10-10,Paid Search,cust1904@example.com,US,Mumbai
C01905,2023-02-15,Paid Search,cust1905@example.com,IN,Toronto
C01906,2023-11-12,Organic Search,cust1906@example.com,US,Pune
C01907,2024-02-17,Email,cust1907@example.com,AU,Delhi
C01908,2023-12-18,Email,cust1908@example.com,IN,Mumbai
C01909,2023-11-30,Organic Search,cust1909@example.com,US,Pune
C01910,2024-07-12,Organic Search,cust1910@example.com,IN,Delhi
C01911,2024-04-27,Paid Search,cust1911@example.com,US,London
C01912,2023-04-08,Organic Search,cust1912@example.com,IN,NYC
C01913,2023-05-20,Paid Search,cust1913@example.com,US,Sydney
C01914,2024-09-05,Organic Search,cust1914@example.com,UK,London
C01915,2023-04-29,Direct,cust1915@example.com,US,Sydney
C01916,2023-11-01,Paid Search,cust1916@example.com,UK,Delhi
C01917,2023-07-27,Paid Search,cust1917@example.com,IN,Pune
C01918,2024-04-19,Direct,cust1918@example.com,IN,Toronto
C01919,2023-08-24,Paid Search,cust1919@example.com,IN,London
C01920,2024-09-17,Email,cust1920@example.com,UK,Toronto
C01921,2024-08-15,Influencer,cust1921@example.com,AU,Pune
C01922,2024-03-14,Direct,cust1922@example.com,US,Mumbai
C01923,2024-01-31,Social Ads,cust1923@example.com,AU,London
C01924,2024-01-14,Organic Search,cust1924@example.com,UK,NYC
C01925,2024-08-15,Email,cust1925@example.com,IN,Pune
C01926,2023-12-12,Direct,cust1926@example.com,IN,NYC
C01927,2023-09-02,Influencer,cust1927@example.com,US,NYC
C01928,2023-12-12,Direct,cust1928@example.com,IN,Bangalore
C01929,2023-05-27,Direct,cust1929@example.com,IN,Delhi
C01930,2023-02-22,Social Ads,cust1930@example.com,IN,London
C01931,2024-07-20,Influencer,cust1931@example.com,IN,NYC
C01932,2023-04-07,Paid Search,cust1932@example.com,IN,London
C01933,2023-08-06,Email,cust1933@example.com,US,Mumbai
C01934,2023-11-27,Paid Search,cust1934@example.com,US,Toronto
C01935,2024-08-27,Influencer,cust1935@example.com,IN,Pune
C01936,2023-06-09,Direct,cust1936@example.com,UK,Mumbai
C01937,2024-08-07,Organic Search,cust1937@example.com,US,Delhi
C01938,2023-03-21,Email,cust1938@example.com,IN,Bangalore
C01939,2023-12-20,Email,cust1939@example.com,UK,Toronto
C01940,2023-11-07,Influencer,cust1940@example.com,IN,Bangalore
C01941,2023-02-22,Organic Search,cust1941@example.com,IN,Pune
C01942,2023-02-09,Organic Search,cust1942@example.com,CA,Sydney
C01943,2023-09-21,Email,cust1943@example.com,CA,Delhi
C01944,2024-04-10,Paid Search,cust1944@example.com,US,Sydney
C01945,2023-06-14,Influencer,cust1945@example.com,IN,Delhi
C01946,2024-01-13,Organic Search,cust1946@example.com,IN,Delhi
C01947,2023-07-25,Email,cust1947@example.com,IN,London
C01948,2023-03-09,Paid Search,cust1948@example.com,US,Bangalore
C01949,2023-04-21,Influencer,cust1949@example.com,IN,NYC
C01950,2024-09-19,Influencer,cust1950@example.com,IN,London
C01951,2023-12-29,Social Ads,cust1951@example.com,US,Mumbai
C01952,2024-11-19,Organic Search,cust1952@example.com,US,Toronto
C01953,2023-10-30,Direct,cust1953@example.com,IN,Mumbai
C01954,2024-04-08,Social Ads,cust1954@example.com,US,Bangalore
C01955,2023-06-10,Organic Search,cust1955@example.com,IN,Pune
C01956,2024-05-14,Organic Search,cust1956@example.com,IN,Bangalore
C01957,2024-11-10,Influencer,cust1957@example.com,IN,Bangalore
C01958,2024-09-13,Paid Search,cust1958@example.com,IN,NYC
C01959,2023-06-29,Paid Search,cust1959@example.com,US,Sydney
C01960,2023-02-23,Influencer,cust1960@example.com,IN,Pune
C01961,2024-07-23,Social Ads,cust1961@example.com,CA,NYC
C01962,2024-08-07,Paid Search,cust1962@example.com,IN,Mumbai
C01963,2023-05-25,Social Ads,cust1963@example.com,CA,Delhi
C01964,2023-02-24,Paid Search,cust1964@example.com,US,Bangalore
C01965,2024-03-05,Direct,cust1965@example.com,US,Mumbai
C01966,2023-01-02,Paid Search,cust1966@example.com,US,Bangalore
C01967,2023-01-31,Paid Search,cust1967@example.com,US,NYC
C01968,2024-02-13,Organic Search,cust1968@example.com,US,Toronto
C01969,2023-12-28,Influencer,cust1969@example.com,CA,NYC
C01970,2024-10-27,Organic Search,cust1970@example.com,IN,Delhi
C01971,2023-04-23,Email,cust1971@example.com,IN,Sydney
C01972,2024-07-29,Organic Search,cust1972@example.com,US,Pune
C01973,2024-01-06,Paid Search,cust1973@example.com,US,Sydney
C01974,2024-08-05,Paid Search,cust1974@example.com,US,Bangalore
C01975,2023-03-08,Social Ads,cust1975@example.com,IN,London
C01976,2023-04-19,Organic Search,cust1976@example.com,IN,Delhi
C01977,2024-03-19,Direct,cust1977@example.com,US,Delhi
C01978,2023-05-28,Paid Search,cust1978@example.com,IN,Bangalore
C01979,2023-03-17,Organic Search,cust1979@example.com,US,Toronto
C01980,2023-03-10,Influencer,cust1980@example.com,IN,London
C01981,2024-03-27,Direct,cust1981@example.com,US,NYC
C01982,2024-07-04,Direct,cust1982@example.com,US,Bangalore
C01983,2024-01-09,Paid Search,cust1983@example.com,US,Pune
C01984,2024-08-13,Email,cust1984@example.com,AU,Sydney
C01985,2023-02-13,Organic Search,cust1985@example.com,IN,Pune
C01986,2023-04-21,Paid Search,cust1986@example.com,CA,Toronto
C01987,2024-01-19,Organic Search,cust1987@example.com,CA,London
C01988,2023-02-17,Email,cust1988@example.com,UK,NYC
C01989,2023-12-24,Organic Search,cust1989@example.com,IN,NYC
C01990,2023-04-18,Social Ads,cust1990@example.com,IN,Delhi
C01991,2023-10-06,Organic Search,cust1991@example.com,IN,Pune
C01992,2023-12-10,Paid Search,cust1992@example.com,IN,Bangalore
C01993,2023-05-24,Influencer,cust1993@example.com,IN,Bangalore
C01994,2023-11-11,Social Ads,cust1994@example.com,UK,London
C01995,2024-10-19,Influencer,cust1995@example.com,IN,Sydney
C01996,2023-11-26,Social Ads,cust1996@example.com,US,Delhi
C01997,2024-02-21,Direct,cust1997@example.com,IN,Delhi
C01998,2024-08-13,Influencer,cust1998@example.com,CA,Pune
C01999,2023-05-20,Social Ads,,IN,Pune
C02000,2024-07-08,Organic Search,cust2000@example.com,IN,Sydney
C02001,2023-09-21,Influencer,cust2001@example.com,US,Sydney
C02002,2023-08-11,Email,cust2002@example.com,CA,Toronto
C02003,2023-06-07,Email,cust2003@example.com,CA,Bangalore
C02004,2024-10-04,Social Ads,cust2004@example.com,IN,Bangalore
C02005,2023-07-03,Organic Search,cust2005@example.com,UK,NYC
C02006,2023-10-16,Email,cust2006@example.com,US,London
C02007,2024-05-03,Paid Search,cust2007@example.com,IN,Toronto
C02008,2023-04-09,Email,cust2008@example.com,US,Sydney
C02009,2023-12-22,Organic Search,cust2009@example.com,UK,NYC
C02010,2024-11-04,Email,cust2010@example.com,IN,Mumbai
C02011,2024-08-07,Social Ads,cust2011@example.com,IN,Pune
C02012,2024-06-21,Organic Search,cust2012@example.com,US,Delhi
C02013,2024-01-08,Direct,cust2013@example.com,IN,Bangalore
C02014,2024-04-15,Social Ads,cust2014@example.com,CA,Bangalore
C02015,2023-11-12,Paid Search,cust2015@example.com,IN,Mumbai
C02016,2024-03-29,Paid Search,cust2016@example.com,US,London
C02017,2023-05-31,Paid Search,cust2017@example.com,UK,London
C02018,2023-04-03,Email,cust2018@example.com,IN,NYC
C02019,2024-11-07,Direct,cust2019@example.com,IN,Bangalore
C02020,2023-11-17,Paid Search,cust2020@example.com,IN,NYC
C02021,2024-06-06,Email,cust2021@example.com,IN,Sydney
C02022,2023-10-04,Direct,cust2022@example.com,US,Sydney
C02023,2024-04-23,Paid Search,cust2023@example.com,UK,Sydney
C02024,2024-03-25,Social Ads,cust2024@example.com,US,Pune
C02025,2023-12-11,Direct,cust2025@example.com,IN,Pune
C02026,2023-02-25,Organic Search,cust2026@example.com,CA,Delhi
C02027,2023-04-13,Social Ads,cust2027@example.com,AU,Delhi
C02028,2024-07-28,Organic Search,cust2028@example.com,IN,Toronto
C02029,2024-06-20,Paid Search,cust2029@example.com,IN,Delhi
C02030,2024-01-09,Email,cust2030@example.com,IN,Bangalore
C02031,2024-03-06,Paid Search,cust2031@example.com,US,NYC
C02032,2023-02-06,Organic Search,cust2032@example.com,US,Toronto
C02033,2023-12-18,Organic Search,cust2033@example.com,US,Pune
C02034,2023-01-27,Email,cust2034@example.com,AU,Bangalore
C02035,2024-03-27,Paid Search,cust2035@example.com,UK,London
C02036,2024-11-11,Email,cust2036@example.com,IN,Delhi
C02037,2024-06-01,Email,cust2037@example.com,US,Bangalore
C02038,2024-04-07,Organic Search,cust2038@example.com,IN,NYC
C02039,2024-05-02,Email,cust2039@example.com,IN,Bangalore
C02040,2024-03-30,Influencer,cust2040@example.com,US,Sydney
C02041,2023-12-12,Direct,cust2041@example.com,US,Toronto
C02042,2023-09-13,Organic Search,cust2042@example.com,UK,NYC
C02043,2024-11-27,Organic Search,,AU,Sydney
C02044,2023-09-08,Organic Search,cust2044@example.com,UK,London
C02045,2023-07-25,Influencer,cust2045@example.com,IN,Mumbai
C02046,2023-03-01,Email,,IN,Mumbai
C02047,2024-11-12,Organic Search,cust2047@example.com,AU,London
C02048,2024-08-31,Email,cust2048@example.com,IN,NYC
C02049,2024-08-17,Email,cust2049@example.com,UK,London
C02050,2024-05-24,Influencer,cust2050@example.com,IN,NYC
C02051,2023-05-03,Paid Search,cust2051@example.com,IN,Toronto
C02052,2023-05-01,Paid Search,cust2052@example.com,IN,Delhi
C02053,2024-05-19,Email,cust2053@example.com,US,Sydney
C02054,2024-11-06,Organic Search,cust2054@example.com,IN,Sydney
C02055,2024-07-16,Organic Search,cust2055@example.com,UK,London
C02056,2024-11-24,Direct,cust2056@example.com,UK,NYC
C02057,2024-05-17,Influencer,cust2057@example.com,IN,Bangalore
C02058,2023-10-18,Email,cust2058@example.com,CA,Toronto
C02059,2023-10-02,Direct,,IN,Bangalore
C02060,2023-09-17,Organic Search,cust2060@example.com,UK,London
C02061,2023-11-13,Social Ads,cust2061@example.com,IN,Delhi
C02062,2024-09-27,Paid Search,cust2062@example.com,IN,Mumbai
C02063,2024-03-05,Email,cust2063@example.com,IN,Sydney
C02064,2024-04-25,Direct,cust2064@example.com,US,Sydney
C02065,2023-06-09,Organic Search,cust2065@example.com,IN,London
C02066,2024-03-09,Organic Search,cust2066@example.com,US,Bangalore
C02067,2023-02-07,Organic Search,cust2067@example.com,IN,Sydney
C02068,2023-10-27,Organic Search,cust2068@example.com,US,Mumbai
C02069,2023-12-25,Influencer,cust2069@example.com,IN,Bangalore
C02070,2023-11-06,Paid Search,cust2070@example.com,UK,Mumbai
C02071,2023-06-13,Email,cust2071@example.com,US,Pune
C02072,2023-01-01,Paid Search,cust2072@example.com,US,Pune
C02073,2024-06-08,Organic Search,cust2073@example.com,CA,Pune
C02074,2024-10-14,Direct,cust2074@example.com,US,Pune
C02075,2024-08-04,Social Ads,cust2075@example.com,IN,Bangalore
C02076,2024-04-10,Paid Search,cust2076@example.com,US,Delhi
C02077,2023-08-16,Paid Search,cust2077@example.com,UK,Mumbai
C02078,2024-02-13,Social Ads,cust2078@example.com,CA,Mumbai
C02079,2024-08-23,Direct,cust2079@example.com,IN,Toronto
C02080,2024-04-25,Influencer,cust2080@example.com,CA,Delhi
C02081,2023-11-30,Direct,cust2081@example.com,US,Bangalore
C02082,2023-02-07,Direct,cust2082@example.com,US,London
C02083,2023-08-21,Email,,IN,London
C02084,2023-10-28,Social Ads,cust2084@example.com,UK,Sydney
C02085,2024-09-28,Organic Search,cust2085@example.com,IN,Mumbai
C02086,2023-07-15,Email,cust2086@example.com,IN,NYC
C02087,2024-11-20,Direct,cust2087@example.com,US,Bangalore
C02088,2023-05-26,Paid Search,cust2088@example.com,AU,London
C02089,2024-10-07,Organic Search,cust2089@example.com,US,Toronto
C02090,2023-11-25,Organic Search,cust2090@example.com,IN,Delhi
C02091,2024-11-20,Direct,cust2091@example.com,CA,NYC
C02092,2023-12-25,Organic Search,cust2092@example.com,IN,London
C02093,2024-01-04,Paid Search,cust2093@example.com,IN,NYC
C02094,2024-03-01,Influencer,cust2094@example.com,IN,Bangalore
C02095,2024-06-10,Email,cust2095@example.com,CA,NYC
C02096,2023-05-15,Organic Search,cust2096@example.com,IN,Sydney
C02097,2023-05-22,Paid Search,cust2097@example.com,CA,Pune
C02098,2023-01-15,Paid Search,cust2098@example.com,UK,London
C02099,2024-03-04,Influencer,cust2099@example.com,UK,Mumbai
C02100,2024-03-31,Paid Search,cust2100@example.com,US,Delhi
C02101,2024-08-02,Paid Search,cust2101@example.com,UK,Mumbai
C02102,2023-07-08,Email,cust2102@example.com,US,Sydney
C02103,2023-08-25,Influencer,cust2103@example.com,IN,Mumbai
C02104,2024-04-17,Influencer,cust2104@example.com,US,London
C02105,2024-05-08,Email,cust2105@example.com,IN,Pune
C02106,2024-06-06,Social Ads,cust2106@example.com,IN,Pune
C02107,2023-06-24,Direct,cust2107@example.com,IN,NYC
C02108,2023-04-12,Direct,,US,Toronto
C02109,2024-11-26,Organic Search,cust2109@example.com,US,Bangalore
C02110,2023-12-07,Email,cust2110@example.com,US,Sydney
C02111,2024-01-23,Organic Search,cust2111@example.com,CA,Bangalore
C02112,2023-09-17,Organic Search,cust2112@example.com,AU,Toronto
C02113,2024-08-23,Paid Search,cust2113@example.com,IN,London
C02114,2023-12-13,Email,cust2114@example.com,IN,London
C02115,2023-06-12,Social Ads,cust2115@example.com,US,Sydney
C02116,2024-08-02,Paid Search,cust2116@example.com,IN,Mumbai
C02117,2023-10-20,Paid Search,cust2117@example.com,US,Pune
C02118,2023-01-15,Organic Search,cust2118@example.com,IN,Delhi
C02119,2023-02-15,Direct,cust2119@example.com,US,Toronto
C02120,2023-11-09,Paid Search,cust2120@example.com,IN,London
C02121,2024-03-24,Email,cust2121@example.com,AU,Sydney
C02122,2023-10-23,Organic Search,cust2122@example.com,US,Pune
C02123,2024-09-14,Organic Search,cust2123@example.com,UK,NYC
C02124,2024-04-12,Organic Search,cust2124@example.com,US,Toronto
C02125,2023-08-02,Paid Search,cust2125@example.com,IN,Delhi
C02126,2024-03-27,Influencer,cust2126@example.com,US,Mumbai
C02127,2023-08-20,Organic Search,cust2127@example.com,CA,Sydney
C02128,2024-05-05,Email,cust2128@example.com,UK,Sydney
C02129,2024-04-20,Influencer,cust2129@example.com,IN,London
C02130,2024-03-17,Email,cust2130@example.com,US,Mumbai
C02131,2023-07-03,Email,cust2131@example.com,AU,Delhi
C02132,2023-11-13,Social Ads,cust2132@example.com,IN,Toronto
C02133,2024-08-04,Paid Search,cust2133@example.com,IN,Bangalore
C02134,2023-08-24,Influencer,cust2134@example.com,IN,Pune
C02135,2024-07-05,Social Ads,,US,Mumbai
C02136,2024-10-10,Direct,cust2136@example.com,US,Sydney
C02137,2024-02-16,Email,cust2137@example.com,IN,Bangalore
C02138,2023-08-01,Email,cust2138@example.com,CA,Bangalore
C02139,2023-01-30,Email,cust2139@example.com,IN,London
C02140,2024-07-23,Email,cust2140@example.com,UK,Mumbai
C02141,2024-10-07,Email,cust2141@example.com,AU,Mumbai
C02142,2024-07-14,Email,cust2142@example.com,US,Pune
C02143,2024-08-03,Organic Search,cust2143@example.com,IN,Sydney
C02144,2024-10-30,Influencer,cust2144@example.com,US,Delhi
C02145,2023-08-10,Influencer,cust2145@example.com,CA,Bangalore
C02146,2024-01-16,Organic Search,cust2146@example.com,UK,Delhi
C02147,2024-07-28,Organic Search,cust2147@example.com,IN,London
C02148,2023-01-03,Organic Search,,US,Bangalore
C02149,2024-11-14,Paid Search,cust2149@example.com,IN,Toronto
C02150,2024-10-20,Paid Search,cust2150@example.com,IN,Mumbai
C02151,2023-05-14,Email,cust2151@example.com,CA,Mumbai
C02152,2024-07-04,Social Ads,cust2152@example.com,UK,Mumbai
C02153,2023-12-10,Direct,cust2153@example.com,US,Toronto
C02154,2023-08-22,Organic Search,cust2154@example.com,CA,London
C02155,2023-10-19,Paid Search,cust2155@example.com,IN,London
C02156,2024-11-08,Email,cust2156@example.com,CA,Toronto
C02157,2023-12-08,Social Ads,cust2157@example.com,US,Bangalore
C02158,2023-05-21,Paid Search,cust2158@example.com,US,Mumbai
C02159,2023-02-20,Direct,cust2159@example.com,IN,Bangalore
C02160,2024-06-03,Email,cust2160@example.com,UK,Mumbai
C02161,2023-01-02,Paid Search,cust2161@example.com,IN,London
C02162,2024-07-19,Organic Search,cust2162@example.com,US,Sydney
C02163,2023-11-22,Social Ads,cust2163@example.com,IN,NYC
C02164,2023-06-20,Direct,cust2164@example.com,AU,Pune
C02165,2023-06-27,Direct,cust2165@example.com,IN,London
C02166,2023-04-10,Paid Search,cust2166@example.com,IN,Sydney
C02167,2024-01-15,Influencer,cust2167@example.com,IN,Pune
C02168,2023-08-22,Paid Search,cust2168@example.com,US,Toronto
C02169,2023-05-01,Paid Search,cust2169@example.com,IN,Pune
C02170,2023-10-04,Direct,cust2170@example.com,IN,Toronto
C02171,2023-04-18,Direct,cust2171@example.com,IN,Bangalore
C02172,2023-07-26,Organic Search,cust2172@example.com,IN,Sydney
C02173,2023-10-20,Email,cust2173@example.com,IN,Bangalore
C02174,2024-06-06,Organic Search,cust2174@example.com,IN,Delhi
C02175,2024-08-10,Organic Search,cust2175@example.com,IN,NYC
C02176,2024-11-30,Influencer,cust2176@example.com,US,Toronto
C02177,2023-07-21,Email,cust2177@example.com,IN,Toronto
C02178,2024-10-13,Email,cust2178@example.com,IN,London
C02179,2024-05-16,Paid Search,cust2179@example.com,US,Mumbai
C02180,2023-01-01,Email,cust2180@example.com,AU,Pune
C02181,2024-07-24,Email,cust2181@example.com,IN,Mumbai
C02182,2023-04-28,Paid Search,cust2182@example.com,IN,Toronto
C02183,2024-09-30,Organic Search,cust2183@example.com,IN,Mumbai
C02184,2023-03-14,Organic Search,cust2184@example.com,US,London
C02185,2024-07-18,Organic Search,cust2185@example.com,IN,Mumbai
C02186,2023-08-17,Email,cust2186@example.com,UK,Mumbai
C02187,2024-05-01,Direct,cust2187@example.com,IN,Delhi
C02188,2023-03-14,Direct,cust2188@example.com,US,Pune
C02189,2023-06-22,Organic Search,cust2189@example.com,IN,London
C02190,2023-08-01,Email,cust2190@example.com,US,Sydney
C02191,2023-01-25,Organic Search,cust2191@example.com,UK,Sydney
C02192,2023-02-13,Direct,cust2192@example.com,AU,NYC
C02193,2024-05-14,Paid Search,cust2193@example.com,US,Sydney
C02194,2024-05-03,Direct,cust2194@example.com,IN,Mumbai
C02195,2024-01-16,Influencer,cust2195@example.com,US,London
C02196,2024-11-25,Organic Search,cust2196@example.com,AU,Delhi
C02197,2024-02-12,Organic Search,cust2197@example.com,IN,NYC
C02198,2024-02-06,Direct,cust2198@example.com,IN,London
C02199,2023-10-27,Paid Search,cust2199@example.com,US,NYC
C02200,2024-07-27,Direct,cust2200@example.com,IN,Mumbai
C02201,2024-09-25,Paid Search,cust2201@example.com,AU,London
C02202,2023-05-28,Paid Search,cust2202@example.com,US,Sydney
C02203,2024-02-13,Influencer,cust2203@example.com,IN,Pune
C02204,2023-01-15,Email,cust2204@example.com,IN,Sydney
C02205,2023-03-05,Organic Search,cust2205@example.com,UK,Mumbai
C02206,2024-01-16,Paid Search,cust2206@example.com,IN,Pune
C02207,2024-08-14,Paid Search,cust2207@example.com,CA,London
C02208,2023-11-11,Influencer,cust2208@example.com,IN,Sydney
C02209,2023-10-14,Social Ads,cust2209@example.com,US,NYC
C02210,2023-12-01,Organic Search,cust2210@example.com,IN,Sydney
C02211,2023-04-08,Direct,cust2211@example.com,IN,Mumbai
C02212,2023-12-13,Organic Search,cust2212@example.com,IN,Bangalore
C02213,2023-03-05,Email,cust2213@example.com,IN,London
C02214,2023-08-23,Paid Search,cust2214@example.com,IN,Sydney
C02215,2024-09-01,Influencer,cust2215@example.com,US,Sydney
C02216,2023-06-29,Social Ads,cust2216@example.com,UK,Mumbai
C02217,2024-10-12,Direct,cust2217@example.com,IN,Bangalore
C02218,2023-01-05,Organic Search,cust2218@example.com,IN,Sydney
C02219,2024-04-02,Direct,cust2219@example.com,IN,Pune
C02220,2024-02-10,Email,cust2220@example.com,IN,Pune
C02221,2023-09-12,Social Ads,cust2221@example.com,UK,Mumbai
C02222,2024-06-19,Organic Search,cust2222@example.com,US,Mumbai
C02223,2024-10-23,Organic Search,cust2223@example.com,AU,Delhi
C02224,2023-11-18,Social Ads,cust2224@example.com,IN,Pune
C02225,2024-08-14,Email,cust2225@example.com,CA,Bangalore
C02226,2024-01-14,Paid Search,cust2226@example.com,AU,Pune
C02227,2023-02-03,Direct,cust2227@example.com,US,Mumbai
C02228,2024-04-01,Paid Search,cust2228@example.com,IN,Sydney
C02229,2024-09-28,Organic Search,cust2229@example.com,IN,Delhi
C02230,2024-06-07,Paid Search,cust2230@example.com,US,Toronto
C02231,2023-07-19,Email,cust2231@example.com,IN,London
C02232,2024-10-09,Organic Search,cust2232@example.com,IN,NYC
C02233,2024-07-13,Organic Search,cust2233@example.com,IN,Pune
C02234,2023-06-07,Direct,cust2234@example.com,IN,Toronto
C02235,2023-12-01,Influencer,cust2235@example.com,IN,Pune
C02236,2023-02-04,Paid Search,cust2236@example.com,IN,Delhi
C02237,2024-03-14,Email,cust2237@example.com,IN,Sydney
C02238,2023-08-10,Influencer,cust2238@example.com,AU,Toronto
C02239,2023-01-27,Paid Search,cust2239@example.com,IN,Toronto
C02240,2024-10-26,Paid Search,cust2240@example.com,CA,Pune
C02241,2024-04-30,Paid Search,cust2241@example.com,US,Sydney
C02242,2024-11-17,Email,cust2242@example.com,US,Sydney
C02243,2024-03-03,Paid Search,cust2243@example.com,UK,Delhi
C02244,2023-04-12,Email,cust2244@example.com,US,Mumbai
C02245,2023-06-10,Email,cust2245@example.com,US,Bangalore
C02246,2024-08-05,Organic Search,cust2246@example.com,IN,Pune
C02247,2024-02-29,Email,cust2247@example.com,IN,London
C02248,2023-01-22,Paid Search,cust2248@example.com,IN,London
C02249,2023-02-03,Paid Search,cust2249@example.com,IN,Delhi
C02250,2023-07-02,Influencer,cust2250@example.com,CA,Pune
C02251,2024-02-23,Email,cust2251@example.com,IN,Bangalore
C02252,2024-09-14,Paid Search,cust2252@example.com,UK,Bangalore
C02253,2024-07-09,Organic Search,cust2253@example.com,US,Delhi
C02254,2023-08-11,Paid Search,cust2254@example.com,US,Mumbai
C02255,2023-01-07,Influencer,cust2255@example.com,UK,NYC
C02256,2023-09-21,Influencer,cust2256@example.com,IN,Pune
C02257,2023-10-13,Paid Search,cust2257@example.com,IN,Pune
C02258,2023-10-15,Email,cust2258@example.com,US,Sydney
C02259,2023-03-03,Paid Search,cust2259@example.com,UK,Pune
C02260,2024-06-27,Paid Search,cust2260@example.com,IN,NYC
C02261,2024-05-08,Email,cust2261@example.com,UK,Toronto
C02262,2024-05-20,Influencer,cust2262@example.com,IN,Bangalore
C02263,2023-04-01,Influencer,cust2263@example.com,IN,Delhi
C02264,2023-05-09,Organic Search,cust2264@example.com,IN,Sydney
C02265,2023-09-12,Paid Search,cust2265@example.com,CA,Sydney
C02266,2024-02-01,Paid Search,cust2266@example.com,IN,Toronto
C02267,2023-11-26,Direct,cust2267@example.com,IN,Bangalore
C02268,2023-04-03,Influencer,cust2268@example.com,CA,Sydney
C02269,2023-12-17,Paid Search,cust2269@example.com,UK,Toronto
C02270,2023-07-20,Organic Search,cust2270@example.com,US,Delhi
C02271,2024-02-29,Social Ads,cust2271@example.com,IN,Mumbai
C02272,2023-10-30,Direct,cust2272@example.com,IN,Toronto
C02273,2024-01-03,Paid Search,cust2273@example.com,US,Mumbai
C02274,2024-11-24,Influencer,cust2274@example.com,IN,NYC
C02275,2024-01-16,Organic Search,cust2275@example.com,IN,NYC
C02276,2024-01-25,Paid Search,cust2276@example.com,US,Delhi
C02277,2023-02-08,Paid Search,cust2277@example.com,IN,NYC
C02278,2023-05-03,Influencer,cust2278@example.com,US,Bangalore
C02279,2023-04-18,Organic Search,cust2279@example.com,IN,Mumbai
C02280,2024-07-14,Influencer,cust2280@example.com,UK,Bangalore
C02281,2024-03-02,Paid Search,cust2281@example.com,IN,NYC
C02282,2023-04-18,Organic Search,cust2282@example.com,UK,Mumbai
C02283,2024-09-15,Direct,cust2283@example.com,IN,Sydney
C02284,2023-02-27,Influencer,cust2284@example.com,CA,London
C02285,2023-08-16,Organic Search,cust2285@example.com,IN,Delhi
C02286,2024-10-08,Direct,cust2286@example.com,IN,Bangalore
C02287,2023-09-18,Organic Search,cust2287@example.com,IN,Sydney
C02288,2023-02-09,Email,cust2288@example.com,US,NYC
C02289,2024-03-11,Influencer,cust2289@example.com,IN,Mumbai
C02290,2024-10-26,Direct,cust2290@example.com,CA,Delhi
C02291,2024-11-30,Organic Search,cust2291@example.com,IN,Bangalore
C02292,2023-01-23,Social Ads,cust2292@example.com,IN,Pune
C02293,2024-01-25,Direct,cust2293@example.com,US,Bangalore
C02294,2024-09-19,Social Ads,cust2294@example.com,IN,Pune
C02295,2024-02-08,Influencer,cust2295@example.com,IN,London
C02296,2023-10-16,Organic Search,cust2296@example.com,IN,Pune
C02297,2024-10-18,Influencer,cust2297@example.com,US,London
C02298,2024-06-15,Email,cust2298@example.com,IN,Sydney
C02299,2023-05-30,Organic Search,cust2299@example.com,AU,NYC
C02300,2024-07-14,Organic Search,cust2300@example.com,IN,Mumbai
C02301,2024-09-01,Paid Search,cust2301@example.com,US,Delhi
C02302,2024-09-15,Email,cust2302@example.com,US,Delhi
C02303,2023-08-09,Organic Search,cust2303@example.com,US,Delhi
C02304,2024-04-18,Social Ads,cust2304@example.com,IN,London
C02305,2024-11-03,Paid Search,cust2305@example.com,CA,Bangalore
C02306,2023-05-16,Direct,cust2306@example.com,AU,Sydney
C02307,2023-01-30,Social Ads,cust2307@example.com,US,Pune
C02308,2024-08-12,Email,cust2308@example.com,UK,Bangalore
C02309,2023-07-11,Organic Search,cust2309@example.com,UK,London
C02310,2023-03-07,Paid Search,cust2310@example.com,US,Bangalore
C02311,2024-06-26,Email,cust2311@example.com,CA,Toronto
C02312,2024-10-21,Email,cust2312@example.com,US,London
C02313,2023-10-12,Organic Search,cust2313@example.com,IN,Mumbai
C02314,2024-08-29,Organic Search,cust2314@example.com,IN,Mumbai
C02315,2024-10-18,Organic Search,cust2315@example.com,UK,Mumbai
C02316,2023-07-10,Influencer,cust2316@example.com,US,Pune
C02317,2023-02-04,Paid Search,cust2317@example.com,US,Toronto
C02318,2023-09-08,Social Ads,cust2318@example.com,IN,Sydney
C02319,2024-01-07,Paid Search,cust2319@example.com,IN,Delhi
C02320,2023-02-12,Organic Search,cust2320@example.com,US,NYC
C02321,2024-05-17,Paid Search,cust2321@example.com,US,Bangalore
C02322,2024-06-22,Influencer,cust2322@example.com,UK,London
C02323,2023-08-21,Email,cust2323@example.com,UK,Toronto
C02324,2023-01-08,Organic Search,cust2324@example.com,IN,Toronto
C02325,2024-06-20,Paid Search,cust2325@example.com,IN,Delhi
C02326,2024-03-19,Organic Search,cust2326@example.com,US,Delhi
C02327,2023-05-27,Organic Search,cust2327@example.com,US,NYC
C02328,2024-07-24,Paid Search,cust2328@example.com,CA,Toronto
C02329,2024-06-06,Organic Search,cust2329@example.com,US,NYC
C02330,2024-09-14,Influencer,cust2330@example.com,CA,London
C02331,2024-08-18,Direct,cust2331@example.com,IN,London
C02332,2024-10-20,Paid Search,cust2332@example.com,IN,Pune
C02333,2024-04-26,Social Ads,cust2333@example.com,CA,Mumbai
C02334,2023-05-24,Organic Search,cust2334@example.com,IN,Mumbai
C02335,2023-08-31,Direct,cust2335@example.com,IN,Bangalore
C02336,2024-06-01,Paid Search,cust2336@example.com,US,NYC
C02337,2024-10-22,Organic Search,cust2337@example.com,US,Toronto
C02338,2024-02-10,Social Ads,,US,London
C02339,2024-01-09,Organic Search,cust2339@example.com,US,Toronto
C02340,2023-10-19,Email,cust2340@example.com,IN,London
C02341,2024-10-20,Email,cust2341@example.com,CA,NYC
C02342,2023-05-03,Paid Search,cust2342@example.com,US,Sydney
C02343,2024-02-13,Influencer,cust2343@example.com,IN,London
C02344,2024-10-05,Influencer,cust2344@example.com,AU,Sydney
C02345,2023-05-25,Email,cust2345@example.com,IN,Bangalore
C02346,2024-06-01,Direct,cust2346@example.com,US,Bangalore
C02347,2023-09-30,Email,cust2347@example.com,CA,Sydney
C02348,2023-11-03,Paid Search,cust2348@example.com,CA,London
C02349,2023-04-10,Influencer,cust2349@example.com,IN,Sydney
C02350,2023-07-25,Organic Search,cust2350@example.com,IN,London
C02351,2023-11-05,Organic Search,cust2351@example.com,UK,London
C02352,2024-05-02,Paid Search,cust2352@example.com,AU,London
C02353,2023-07-06,Paid Search,cust2353@example.com,US,Sydney
C02354,2024-08-07,Email,cust2354@example.com,US,Toronto
C02355,2024-09-05,Email,cust2355@example.com,IN,NYC
C02356,2024-02-16,Paid Search,cust2356@example.com,IN,London
C02357,2023-11-29,Paid Search,cust2357@example.com,AU,Mumbai
C02358,2024-11-10,Social Ads,cust2358@example.com,IN,Sydney
C02359,2024-10-28,Organic Search,cust2359@example.com,AU,NYC
C02360,2023-01-24,Direct,cust2360@example.com,IN,London
C02361,2024-05-23,Direct,cust2361@example.com,IN,London
C02362,2024-09-09,Email,cust2362@example.com,UK,Sydney
C02363,2023-03-21,Organic Search,cust2363@example.com,IN,Sydney
C02364,2023-06-21,Direct,cust2364@example.com,IN,London
C02365,2024-11-07,Organic Search,cust2365@example.com,IN,Sydney
C02366,2024-03-06,Organic Search,cust2366@example.com,IN,NYC
C02367,2023-08-11,Email,cust2367@example.com,IN,Toronto
C02368,2023-08-03,Direct,cust2368@example.com,IN,Pune
C02369,2023-10-30,Organic Search,cust2369@example.com,IN,Toronto
C02370,2023-07-17,Paid Search,cust2370@example.com,CA,London
C02371,2023-02-17,Organic Search,cust2371@example.com,US,Pune
C02372,2023-04-10,Direct,cust2372@example.com,US,Sydney
C02373,2023-09-07,Social Ads,cust2373@example.com,US,NYC
C02374,2024-04-24,Organic Search,cust2374@example.com,US,Delhi
C02375,2023-03-22,Direct,cust2375@example.com,AU,London
C02376,2024-04-27,Social Ads,cust2376@example.com,US,Pune
C02377,2023-08-07,Organic Search,cust2377@example.com,IN,Pune
C02378,2024-08-18,Email,cust2378@example.com,UK,Delhi
C02379,2024-10-28,Social Ads,cust2379@example.com,IN,London
C02380,2024-05-22,Organic Search,cust2380@example.com,IN,Delhi
C02381,2024-07-13,Organic Search,cust2381@example.com,CA,Sydney
C02382,2023-08-13,Organic Search,cust2382@example.com,IN,Delhi
C02383,2023-09-18,Organic Search,cust2383@example.com,IN,Toronto
C02384,2023-06-27,Organic Search,cust2384@example.com,US,Pune
C02385,2024-07-12,Paid Search,cust2385@example.com,US,London
C02386,2024-09-10,Influencer,cust2386@example.com,IN,Delhi
C02387,2024-06-12,Email,cust2387@example.com,IN,Toronto
C02388,2023-08-08,Email,cust2388@example.com,CA,Pune
C02389,2023-01-08,Organic Search,cust2389@example.com,US,London
C02390,2024-03-19,Organic Search,cust2390@example.com,IN,NYC
C02391,2024-01-17,Organic Search,cust2391@example.com,AU,London
C02392,2023-02-07,Direct,cust2392@example.com,US,Mumbai
C02393,2023-12-21,Paid Search,cust2393@example.com,IN,Toronto
C02394,2024-07-29,Influencer,cust2394@example.com,US,Mumbai
C02395,2023-09-20,Direct,cust2395@example.com,UK,Pune
C02396,2023-06-29,Paid Search,cust2396@example.com,IN,Toronto
C02397,2023-03-12,Influencer,,US,Bangalore
C02398,2023-08-19,Direct,cust2398@example.com,CA,Mumbai
C02399,2023-12-22,Email,cust2399@example.com,AU,NYC
C02400,2023-03-11,Organic Search,cust2400@example.com,CA,Mumbai
C02401,2023-12-05,Direct,cust2401@example.com,IN,Delhi
C02402,2023-10-03,Direct,cust2402@example.com,IN,Mumbai
C02403,2023-10-07,Social Ads,cust2403@example.com,IN,London
C02404,2023-11-25,Email,cust2404@example.com,US,Toronto
C02405,2024-03-14,Paid Search,cust2405@example.com,IN,Sydney
C02406,2023-07-03,Influencer,cust2406@example.com,IN,Bangalore
C02407,2023-05-31,Social Ads,cust2407@example.com,UK,Bangalore
C02408,2023-10-12,Social Ads,cust2408@example.com,US,Mumbai
C02409,2024-02-27,Paid Search,cust2409@example.com,US,Sydney
C02410,2024-09-14,Influencer,cust2410@example.com,US,Bangalore
C02411,2023-12-04,Social Ads,cust2411@example.com,IN,Toronto
C02412,2023-04-06,Paid Search,cust2412@example.com,US,Pune
C02413,2023-07-09,Social Ads,cust2413@example.com,AU,Bangalore
C02414,2023-12-26,Direct,cust2414@example.com,IN,London
C02415,2023-04-23,Paid Search,cust2415@example.com,IN,Pune
C02416,2024-10-13,Paid Search,cust2416@example.com,IN,Delhi
C02417,2023-09-20,Organic Search,cust2417@example.com,AU,Bangalore
C02418,2024-05-11,Email,cust2418@example.com,UK,Pune
C02419,2024-06-13,Organic Search,cust2419@example.com,US,Mumbai
C02420,2023-05-21,Organic Search,cust2420@example.com,UK,NYC
C02421,2023-10-03,Direct,cust2421@example.com,US,Bangalore
C02422,2024-06-04,Paid Search,cust2422@example.com,IN,Pune
C02423,2023-12-03,Email,cust2423@example.com,US,Delhi
C02424,2023-03-27,Direct,cust2424@example.com,UK,Mumbai
C02425,2024-07-22,Influencer,cust2425@example.com,US,Pune
C02426,2023-08-25,Email,cust2426@example.com,IN,Mumbai
C02427,2023-06-27,Direct,cust2427@example.com,UK,NYC
C02428,2023-08-29,Email,cust2428@example.com,AU,London
C02429,2023-07-13,Paid Search,cust2429@example.com,IN,Delhi
C02430,2024-09-25,Organic Search,cust2430@example.com,US,London
C02431,2024-07-21,Organic Search,cust2431@example.com,AU,Sydney
C02432,2024-06-01,Email,cust2432@example.com,IN,NYC
C02433,2024-07-03,Influencer,cust2433@example.com,AU,Toronto
C02434,2023-12-02,Direct,cust2434@example.com,IN,Pune
C02435,2023-04-02,Organic Search,cust2435@example.com,IN,Toronto
C02436,2023-08-11,Organic Search,cust2436@example.com,AU,Mumbai
C02437,2023-09-04,Organic Search,cust2437@example.com,IN,London
C02438,2024-08-21,Direct,cust2438@example.com,IN,London
C02439,2024-07-04,Paid Search,cust2439@example.com,CA,Sydney
C02440,2023-07-25,Direct,cust2440@example.com,UK,Pune
C02441,2023-03-22,Organic Search,cust2441@example.com,US,Bangalore
C02442,2023-11-12,Email,cust2442@example.com,IN,Toronto
C02443,2024-09-11,Paid Search,cust2443@example.com,US,London
C02444,2024-06-21,Direct,cust2444@example.com,AU,Toronto
C02445,2023-11-01,Influencer,cust2445@example.com,IN,Sydney
C02446,2024-01-04,Influencer,cust2446@example.com,IN,Delhi
C02447,2024-02-11,Organic Search,cust2447@example.com,AU,Pune
C02448,2023-02-08,Organic Search,cust2448@example.com,UK,Bangalore
C02449,2024-08-23,Social Ads,cust2449@example.com,UK,NYC
C02450,2023-01-31,Paid Search,cust2450@example.com,CA,Delhi
C02451,2023-01-15,Paid Search,cust2451@example.com,IN,Mumbai
C02452,2023-10-05,Paid Search,cust2452@example.com,IN,Delhi
C02453,2024-01-09,Organic Search,cust2453@example.com,IN,Mumbai
C02454,2024-06-08,Paid Search,cust2454@example.com,IN,Bangalore
C02455,2024-05-25,Paid Search,cust2455@example.com,IN,Toronto
C02456,2023-07-19,Direct,cust2456@example.com,IN,NYC
C02457,2023-11-21,Social Ads,cust2457@example.com,IN,Bangalore
C02458,2023-11-24,Social Ads,cust2458@example.com,US,London
C02459,2024-03-21,Social Ads,cust2459@example.com,IN,Pune
C02460,2023-05-18,Organic Search,cust2460@example.com,US,Delhi
C02461,2023-05-25,Paid Search,cust2461@example.com,US,NYC
C02462,2024-06-21,Organic Search,cust2462@example.com,UK,Bangalore
C02463,2024-02-05,Email,cust2463@example.com,IN,Sydney
C02464,2024-01-29,Paid Search,cust2464@example.com,US,Sydney
C02465,2023-08-03,Email,cust2465@example.com,UK,Pune
C02466,2024-09-07,Direct,cust2466@example.com,US,Bangalore
C02467,2023-11-03,Paid Search,cust2467@example.com,UK,Mumbai
C02468,2023-04-24,Direct,cust2468@example.com,AU,Mumbai
C02469,2024-01-09,Direct,cust2469@example.com,IN,Sydney
C02470,2024-10-17,Direct,cust2470@example.com,IN,Pune
C02471,2023-12-23,Influencer,cust2471@example.com,US,Delhi
C02472,2024-03-23,Paid Search,cust2472@example.com,UK,Delhi
C02473,2023-01-08,Organic Search,,IN,London
C02474,2023-04-16,Organic Search,cust2474@example.com,IN,Bangalore
C02475,2024-01-17,Direct,cust2475@example.com,IN,Mumbai
C02476,2024-11-13,Influencer,cust2476@example.com,IN,Bangalore
C02477,2024-09-01,Email,cust2477@example.com,US,NYC
C02478,2024-08-15,Influencer,cust2478@example.com,US,Mumbai
C02479,2024-09-02,Organic Search,cust2479@example.com,IN,Bangalore
C02480,2024-06-30,Paid Search,cust2480@example.com,US,NYC
C02481,2024-11-27,Organic Search,cust2481@example.com,IN,Bangalore
C02482,2024-05-06,Social Ads,cust2482@example.com,UK,Bangalore
C02483,2023-04-24,Organic Search,cust2483@example.com,US,NYC
C02484,2024-06-25,Email,cust2484@example.com,IN,Delhi
C02485,2023-11-02,Direct,cust2485@example.com,IN,Pune
C02486,2023-06-19,Organic Search,cust2486@example.com,IN,London
C02487,2024-07-14,Direct,cust2487@example.com,US,Pune
C02488,2024-09-01,Influencer,cust2488@example.com,IN,Toronto
C02489,2023-01-09,Email,cust2489@example.com,US,Toronto
C02490,2023-09-10,Email,cust2490@example.com,CA,Mumbai
C02491,2024-11-12,Paid Search,cust2491@example.com,AU,Pune
C02492,2024-09-23,Direct,cust2492@example.com,US,Delhi
C02493,2024-07-08,Direct,cust2493@example.com,IN,London
C02494,2023-12-02,Email,cust2494@example.com,US,Toronto
C02495,2023-01-15,Email,cust2495@example.com,CA,Delhi
C02496,2023-11-28,Email,cust2496@example.com,IN,Delhi
C02497,2024-07-16,Paid Search,cust2497@example.com,AU,Pune
C02498,2024-05-04,Organic Search,cust2498@example.com,IN,Mumbai
C02499,2023-03-19,Organic Search,cust2499@example.com,US,Pune
C02500,2024-02-24,Paid Search,cust2500@example.com,IN,Mumbai
C02501,2023-08-24,Paid Search,cust2501@example.com,AU,Bangalore
C02502,2024-07-26,Influencer,cust2502@example.com,US,NYC
C02503,2023-10-20,Influencer,cust2503@example.com,UK,London
C02504,2023-06-09,Organic Search,cust2504@example.com,AU,Delhi
C02505,2023-05-23,Social Ads,cust2505@example.com,CA,Delhi
C02506,2023-02-03,Email,cust2506@example.com,UK,London
C02507,2023-06-11,Organic Search,cust2507@example.com,IN,Pune
C02508,2023-11-12,Paid Search,cust2508@example.com,US,Pune
C02509,2024-04-27,Email,cust2509@example.com,IN,London
C02510,2023-09-23,Direct,cust2510@example.com,UK,Pune
C02511,2023-12-06,Organic Search,cust2511@example.com,IN,NYC
C02512,2024-06-09,Paid Search,cust2512@example.com,IN,London
C02513,2024-01-20,Influencer,cust2513@example.com,IN,Toronto
C02514,2023-03-24,Direct,cust2514@example.com,IN,Pune
C02515,2024-10-29,Email,cust2515@example.com,CA,NYC
C02516,2023-04-07,Email,cust2516@example.com,UK,Bangalore
C02517,2024-09-06,Organic Search,cust2517@example.com,UK,Mumbai
C02518,2024-04-20,Direct,cust2518@example.com,AU,Mumbai
C02519,2024-08-25,Paid Search,cust2519@example.com,US,Mumbai
C02520,2024-04-09,Organic Search,cust2520@example.com,US,London
C02521,2023-10-02,Email,cust2521@example.com,IN,Sydney
C02522,2023-01-14,Organic Search,cust2522@example.com,AU,Pune
C02523,2023-01-27,Social Ads,,AU,Sydney
C02524,2024-01-20,Organic Search,cust2524@example.com,AU,Delhi
C02525,2023-06-19,Direct,cust2525@example.com,CA,Sydney
C02526,2024-09-25,Email,cust2526@example.com,IN,Mumbai
C02527,2023-08-19,Direct,cust2527@example.com,IN,Delhi
C02528,2023-05-24,Paid Search,cust2528@example.com,CA,London
C02529,2023-10-08,Email,cust2529@example.com,CA,Delhi
C02530,2023-12-24,Influencer,cust2530@example.com,IN,London
C02531,2023-08-05,Email,cust2531@example.com,UK,Sydney
C02532,2023-06-01,Organic Search,cust2532@example.com,UK,London
C02533,2024-01-26,Organic Search,cust2533@example.com,IN,Toronto
C02534,2024-07-08,Organic Search,cust2534@example.com,UK,Mumbai
C02535,2024-11-19,Direct,cust2535@example.com,IN,Pune
C02536,2024-01-02,Direct,cust2536@example.com,US,London
C02537,2024-07-21,Paid Search,cust2537@example.com,US,Pune
C02538,2023-05-29,Organic Search,cust2538@example.com,IN,Mumbai
C02539,2023-10-27,Paid Search,cust2539@example.com,AU,Mumbai
C02540,2024-11-11,Organic Search,cust2540@example.com,IN,Mumbai
C02541,2023-10-11,Direct,cust2541@example.com,US,Mumbai
C02542,2024-04-14,Organic Search,cust2542@example.com,US,London
C02543,2023-05-28,Organic Search,cust2543@example.com,US,NYC
C02544,2023-11-05,Paid Search,cust2544@example.com,US,Delhi
C02545,2023-04-06,Direct,cust2545@example.com,IN,Mumbai
C02546,2023-08-26,Direct,cust2546@example.com,IN,Pune
C02547,2023-07-03,Social Ads,cust2547@example.com,IN,Bangalore
C02548,2023-07-22,Direct,cust2548@example.com,CA,Toronto
C02549,2023-03-19,Influencer,cust2549@example.com,AU,Mumbai
C02550,2023-06-15,Paid Search,cust2550@example.com,IN,London
C02551,2024-06-15,Paid Search,cust2551@example.com,US,Delhi
C02552,2023-08-22,Email,cust2552@example.com,US,Delhi
C02553,2024-04-14,Email,cust2553@example.com,IN,Pune
C02554,2023-06-12,Direct,cust2554@example.com,IN,Bangalore
C02555,2024-03-01,Organic Search,cust2555@example.com,US,Pune
C02556,2023-11-13,Direct,cust2556@example.com,US,Mumbai
C02557,2023-01-20,Organic Search,cust2557@example.com,IN,Mumbai
C02558,2023-10-24,Social Ads,cust2558@example.com,UK,Toronto
C02559,2023-07-26,Organic Search,cust2559@example.com,IN,Pune
C02560,2024-02-13,Paid Search,cust2560@example.com,IN,London
C02561,2023-08-29,Email,cust2561@example.com,UK,Mumbai
C02562,2023-07-13,Organic Search,cust2562@example.com,IN,Toronto
C02563,2024-11-22,Influencer,cust2563@example.com,IN,Sydney
C02564,2023-12-26,Direct,cust2564@example.com,AU,London
C02565,2024-01-20,Paid Search,cust2565@example.com,UK,NYC
C02566,2024-03-23,Direct,cust2566@example.com,CA,Mumbai
C02567,2023-06-13,Social Ads,cust2567@example.com,IN,London
C02568,2024-10-01,Direct,cust2568@example.com,CA,Delhi
C02569,2023-08-09,Direct,cust2569@example.com,UK,Toronto
C02570,2024-09-02,Direct,cust2570@example.com,AU,Delhi
C02571,2023-06-12,Email,cust2571@example.com,CA,Delhi
C02572,2024-08-26,Email,cust2572@example.com,IN,Pune
C02573,2023-03-13,Paid Search,cust2573@example.com,IN,Pune
C02574,2023-03-12,Paid Search,cust2574@example.com,US,Bangalore
C02575,2023-02-27,Email,cust2575@example.com,US,Mumbai
C02576,2023-05-04,Paid Search,cust2576@example.com,IN,Bangalore
C02577,2024-06-24,Direct,cust2577@example.com,CA,Pune
C02578,2024-10-17,Organic Search,cust2578@example.com,IN,NYC
C02579,2023-03-21,Organic Search,cust2579@example.com,IN,Toronto
C02580,2024-06-27,Influencer,cust2580@example.com,IN,London
C02581,2024-07-12,Email,cust2581@example.com,US,Sydney
C02582,2023-07-29,Social Ads,cust2582@example.com,IN,Delhi
C02583,2023-03-11,Direct,cust2583@example.com,IN,Pune
C02584,2024-07-07,Influencer,cust2584@example.com,IN,Mumbai
C02585,2024-10-13,Influencer,cust2585@example.com,IN,Mumbai
C02586,2024-07-24,Email,cust2586@example.com,US,Pune
C02587,2024-11-23,Organic Search,cust2587@example.com,IN,Bangalore
C02588,2024-02-23,Direct,cust2588@example.com,IN,Mumbai
C02589,2023-10-27,Paid Search,cust2589@example.com,US,Delhi
C02590,2024-11-18,Influencer,cust2590@example.com,IN,Bangalore
C02591,2023-09-26,Social Ads,cust2591@example.com,IN,Delhi
C02592,2023-11-24,Social Ads,cust2592@example.com,IN,Toronto
C02593,2023-05-01,Influencer,cust2593@example.com,US,London
C02594,2024-08-23,Paid Search,cust2594@example.com,IN,Sydney
C02595,2023-05-12,Organic Search,cust2595@example.com,IN,Sydney
C02596,2024-09-11,Organic Search,cust2596@example.com,IN,Toronto
C02597,2024-07-02,Organic Search,cust2597@example.com,IN,Sydney
C02598,2023-03-14,Organic Search,cust2598@example.com,IN,Delhi
C02599,2023-03-15,Organic Search,cust2599@example.com,UK,Sydney
C02600,2024-11-12,Paid Search,cust2600@example.com,CA,Sydney
C02601,2023-11-23,Direct,cust2601@example.com,UK,Mumbai
C02602,2023-02-06,Social Ads,cust2602@example.com,IN,Mumbai
C02603,2023-08-18,Email,cust2603@example.com,UK,Toronto
C02604,2024-07-07,Email,cust2604@example.com,IN,Bangalore
C02605,2024-03-19,Organic Search,cust2605@example.com,IN,Toronto
C02606,2024-07-22,Paid Search,cust2606@example.com,CA,NYC
C02607,2023-10-05,Paid Search,cust2607@example.com,CA,Sydney
C02608,2024-08-30,Direct,cust2608@example.com,US,Sydney
C02609,2023-08-08,Email,cust2609@example.com,US,Toronto
C02610,2023-11-13,Organic Search,cust2610@example.com,AU,Toronto
C02611,2023-07-02,Influencer,cust2611@example.com,US,Bangalore
C02612,2023-03-31,Paid Search,cust2612@example.com,UK,NYC
C02613,2024-01-10,Organic Search,cust2613@example.com,US,Mumbai
C02614,2023-08-01,Email,cust2614@example.com,IN,Pune
C02615,2023-06-02,Social Ads,cust2615@example.com,US,Sydney
C02616,2023-07-09,Paid Search,cust2616@example.com,IN,Toronto
C02617,2023-03-20,Email,cust2617@example.com,IN,Mumbai
C02618,2024-05-05,Social Ads,cust2618@example.com,IN,London
C02619,2024-08-05,Email,cust2619@example.com,IN,Delhi
C02620,2024-04-01,Organic Search,cust2620@example.com,IN,Mumbai
C02621,2023-06-26,Social Ads,cust2621@example.com,IN,Pune
C02622,2023-08-01,Paid Search,cust2622@example.com,US,NYC
C02623,2023-06-12,Organic Search,,US,Bangalore
C02624,2023-01-30,Paid Search,cust2624@example.com,UK,London
C02625,2023-01-11,Direct,cust2625@example.com,IN,London
C02626,2023-03-02,Influencer,cust2626@example.com,CA,Delhi
C02627,2024-06-17,Social Ads,cust2627@example.com,IN,London
C02628,2024-02-21,Paid Search,cust2628@example.com,UK,Sydney
C02629,2024-05-08,Influencer,cust2629@example.com,IN,Delhi
C02630,2024-01-18,Paid Search,cust2630@example.com,IN,Toronto
C02631,2023-03-03,Direct,cust2631@example.com,IN,Bangalore
C02632,2023-11-17,Organic Search,cust2632@example.com,US,Pune
C02633,2023-06-08,Direct,cust2633@example.com,IN,Pune
C02634,2023-03-07,Email,cust2634@example.com,IN,Mumbai
C02635,2024-01-15,Direct,cust2635@example.com,UK,Sydney
C02636,2023-08-03,Influencer,cust2636@example.com,CA,London
C02637,2024-04-10,Social Ads,cust2637@example.com,AU,Toronto
C02638,2023-09-19,Paid Search,cust2638@example.com,IN,Delhi
C02639,2023-10-30,Email,cust2639@example.com,IN,Bangalore
C02640,2024-09-15,Paid Search,cust2640@example.com,AU,Bangalore
C02641,2023-01-12,Email,,IN,Sydney
C02642,2023-06-15,Paid Search,cust2642@example.com,IN,Delhi
C02643,2023-08-08,Organic Search,cust2643@example.com,US,Sydney
C02644,2024-08-17,Organic Search,cust2644@example.com,US,London
C02645,2024-10-24,Organic Search,cust2645@example.com,IN,NYC
C02646,2023-08-03,Email,,UK,Bangalore
C02647,2023-04-05,Paid Search,cust2647@example.com,US,London
C02648,2024-03-20,Email,cust2648@example.com,IN,Delhi
C02649,2024-06-29,Organic Search,cust2649@example.com,CA,Bangalore
C02650,2024-04-11,Direct,cust2650@example.com,CA,London
C02651,2023-04-02,Social Ads,cust2651@example.com,IN,Delhi
C02652,2023-12-19,Organic Search,cust2652@example.com,IN,Toronto
C02653,2023-09-29,Organic Search,cust2653@example.com,CA,Bangalore
C02654,2024-08-12,Social Ads,cust2654@example.com,US,London
C02655,2024-06-19,Social Ads,cust2655@example.com,AU,Pune
C02656,2023-10-01,Organic Search,cust2656@example.com,US,Sydney
C02657,2024-05-01,Paid Search,cust2657@example.com,US,Toronto
C02658,2023-11-24,Email,cust2658@example.com,IN,Mumbai
C02659,2023-11-12,Email,cust2659@example.com,AU,Bangalore
C02660,2023-04-17,Organic Search,cust2660@example.com,UK,Bangalore
C02661,2024-09-28,Influencer,cust2661@example.com,IN,Sydney
C02662,2024-09-03,Influencer,cust2662@example.com,US,Toronto
C02663,2023-05-22,Paid Search,cust2663@example.com,IN,Mumbai
C02664,2024-02-24,Organic Search,cust2664@example.com,IN,Toronto
C02665,2023-02-14,Email,cust2665@example.com,IN,Sydney
C02666,2024-08-12,Paid Search,cust2666@example.com,US,Pune
C02667,2024-04-19,Direct,cust2667@example.com,IN,Sydney
C02668,2024-04-23,Organic Search,cust2668@example.com,AU,Pune
C02669,2023-10-04,Organic Search,cust2669@example.com,US,Sydney
C02670,2024-08-17,Direct,cust2670@example.com,US,Sydney
C02671,2024-07-09,Paid Search,cust2671@example.com,US,Toronto
C02672,2024-01-10,Social Ads,cust2672@example.com,AU,NYC
C02673,2023-08-13,Organic Search,cust2673@example.com,IN,London
C02674,2023-09-24,Direct,cust2674@example.com,UK,Toronto
C02675,2024-06-18,Influencer,cust2675@example.com,UK,Toronto
C02676,2023-11-05,Direct,cust2676@example.com,IN,London
C02677,2024-03-23,Organic Search,cust2677@example.com,IN,Delhi
C02678,2023-06-09,Social Ads,cust2678@example.com,US,Bangalore
C02679,2024-03-06,Organic Search,cust2679@example.com,CA,Delhi
C02680,2024-05-28,Organic Search,cust2680@example.com,IN,London
C02681,2023-04-09,Direct,cust2681@example.com,UK,Delhi
C02682,2024-03-02,Paid Search,cust2682@example.com,US,Sydney
C02683,2024-01-21,Organic Search,cust2683@example.com,IN,Mumbai
C02684,2024-01-03,Organic Search,cust2684@example.com,US,NYC
C02685,2024-09-24,Social Ads,cust2685@example.com,CA,Delhi
C02686,2023-03-26,Organic Search,cust2686@example.com,IN,Toronto
C02687,2023-08-18,Email,cust2687@example.com,IN,Bangalore
C02688,2024-02-04,Influencer,cust2688@example.com,IN,Delhi
C02689,2024-04-11,Email,cust2689@example.com,IN,Mumbai
C02690,2024-01-17,Email,cust2690@example.com,IN,Bangalore
C02691,2023-09-18,Organic Search,cust2691@example.com,IN,Sydney
C02692,2024-05-23,Direct,cust2692@example.com,US,NYC
C02693,2023-05-30,Paid Search,cust2693@example.com,US,NYC
C02694,2024-01-16,Paid Search,cust2694@example.com,CA,Bangalore
C02695,2024-10-16,Paid Search,cust2695@example.com,UK,Delhi
C02696,2024-03-05,Direct,cust2696@example.com,IN,Pune
C02697,2023-05-05,Social Ads,cust2697@example.com,US,Pune
C02698,2023-03-26,Email,,IN,Mumbai
C02699,2024-07-13,Organic Search,cust2699@example.com,US,Bangalore
C02700,2023-12-31,Social Ads,cust2700@example.com,US,Sydney
C02701,2023-10-17,Social Ads,cust2701@example.com,US,Sydney
C02702,2023-09-20,Organic Search,cust2702@example.com,US,London
C02703,2023-02-06,Direct,cust2703@example.com,IN,London
C02704,2023-03-18,Email,cust2704@example.com,US,Sydney
C02705,2023-07-28,Organic Search,,IN,NYC
C02706,2024-11-18,Paid Search,cust2706@example.com,IN,Toronto
C02707,2024-01-21,Organic Search,cust2707@example.com,CA,Bangalore
C02708,2023-08-11,Organic Search,cust2708@example.com,US,Pune
C02709,2023-09-04,Organic Search,cust2709@example.com,IN,Bangalore
C02710,2024-01-25,Organic Search,cust2710@example.com,CA,NYC
C02711,2023-07-09,Direct,cust2711@example.com,US,Sydney
C02712,2024-07-04,Email,cust2712@example.com,IN,Sydney
C02713,2023-02-28,Email,cust2713@example.com,IN,Bangalore
C02714,2023-03-30,Paid Search,cust2714@example.com,US,Sydney
C02715,2024-03-13,Email,cust2715@example.com,IN,Toronto
C02716,2024-11-11,Direct,cust2716@example.com,AU,Toronto
C02717,2023-08-27,Organic Search,cust2717@example.com,US,London
C02718,2023-02-13,Email,cust2718@example.com,CA,Delhi
C02719,2023-11-01,Email,cust2719@example.com,US,Pune
C02720,2023-07-27,Email,cust2720@example.com,UK,Mumbai
C02721,2023-03-21,Organic Search,cust2721@example.com,IN,Toronto
C02722,2023-04-09,Organic Search,cust2722@example.com,IN,Bangalore
C02723,2024-11-15,Paid Search,cust2723@example.com,US,Bangalore
C02724,2023-10-04,Paid Search,cust2724@example.com,IN,London
C02725,2023-01-28,Direct,cust2725@example.com,US,Toronto
C02726,2024-07-07,Email,cust2726@example.com,IN,Toronto
C02727,2024-11-08,Social Ads,cust2727@example.com,AU,Delhi
C02728,2024-08-10,Paid Search,cust2728@example.com,CA,NYC
C02729,2024-09-01,Organic Search,cust2729@example.com,CA,Sydney
C02730,2024-03-05,Paid Search,,IN,Bangalore
C02731,2024-07-14,Email,cust2731@example.com,US,Pune
C02732,2023-02-21,Paid Search,cust2732@example.com,US,Bangalore
C02733,2023-04-29,Paid Search,cust2733@example.com,US,Mumbai
C02734,2024-04-22,Organic Search,cust2734@example.com,AU,Pune
C02735,2023-06-01,Direct,cust2735@example.com,IN,London
C02736,2023-03-25,Paid Search,cust2736@example.com,IN,Sydney
C02737,2024-11-12,Direct,cust2737@example.com,CA,Toronto
C02738,2024-11-14,Organic Search,cust2738@example.com,US,Pune
C02739,2023-06-16,Paid Search,cust2739@example.com,US,Sydney
C02740,2024-10-23,Organic Search,cust2740@example.com,IN,NYC
C02741,2024-11-18,Influencer,cust2741@example.com,IN,Delhi
C02742,2023-07-25,Social Ads,cust2742@example.com,IN,Delhi
C02743,2024-10-06,Paid Search,cust2743@example.com,CA,Mumbai
C02744,2023-03-24,Paid Search,cust2744@example.com,US,London
C02745,2023-02-22,Organic Search,cust2745@example.com,CA,Toronto
C02746,2023-01-24,Social Ads,cust2746@example.com,US,Toronto
C02747,2023-01-13,Social Ads,cust2747@example.com,IN,Pune
C02748,2024-09-05,Direct,cust2748@example.com,CA,Mumbai
C02749,2024-01-31,Influencer,cust2749@example.com,IN,NYC
C02750,2023-08-13,Direct,cust2750@example.com,IN,Bangalore
C02751,2024-11-15,Email,cust2751@example.com,CA,London
C02752,2024-03-17,Organic Search,cust2752@example.com,IN,Pune
C02753,2023-05-11,Paid Search,cust2753@example.com,IN,London
C02754,2023-07-29,Paid Search,cust2754@example.com,UK,NYC
C02755,2023-11-07,Influencer,cust2755@example.com,IN,Bangalore
C02756,2024-11-14,Paid Search,cust2756@example.com,CA,Mumbai
C02757,2023-05-04,Email,cust2757@example.com,US,Pune
C02758,2024-10-08,Email,cust2758@example.com,IN,Delhi
C02759,2024-02-15,Paid Search,cust2759@example.com,AU,Mumbai
C02760,2023-10-20,Organic Search,cust2760@example.com,UK,Mumbai
C02761,2023-09-11,Email,cust2761@example.com,US,Bangalore
C02762,2023-12-21,Paid Search,cust2762@example.com,AU,Pune
C02763,2024-01-16,Social Ads,cust2763@example.com,UK,Pune
C02764,2024-04-29,Paid Search,cust2764@example.com,IN,Pune
C02765,2023-12-05,Influencer,cust2765@example.com,IN,Delhi
C02766,2023-03-11,Direct,cust2766@example.com,IN,London
C02767,2023-09-07,Organic Search,cust2767@example.com,CA,Toronto
C02768,2024-06-12,Organic Search,cust2768@example.com,IN,NYC
C02769,2023-05-24,Paid Search,cust2769@example.com,UK,Toronto
C02770,2024-01-31,Direct,,UK,NYC
C02771,2023-05-02,Organic Search,cust2771@example.com,IN,Toronto
C02772,2023-12-02,Influencer,cust2772@example.com,IN,Pune
C02773,2024-11-02,Organic Search,cust2773@example.com,IN,Pune
C02774,2024-09-29,Email,cust2774@example.com,IN,Sydney
C02775,2024-01-31,Influencer,cust2775@example.com,US,Pune
C02776,2024-02-06,Organic Search,cust2776@example.com,UK,Bangalore
C02777,2024-10-18,Organic Search,cust2777@example.com,IN,Sydney
C02778,2023-11-27,Paid Search,cust2778@example.com,US,Bangalore
C02779,2024-05-23,Social Ads,cust2779@example.com,UK,Mumbai
C02780,2024-10-09,Direct,cust2780@example.com,IN,London
C02781,2023-06-19,Organic Search,cust2781@example.com,IN,Bangalore
C02782,2024-03-25,Influencer,cust2782@example.com,UK,Delhi
C02783,2023-03-11,Paid Search,cust2783@example.com,IN,Sydney
C02784,2023-02-10,Email,cust2784@example.com,US,NYC
C02785,2023-09-29,Direct,cust2785@example.com,UK,NYC
C02786,2024-03-14,Email,cust2786@example.com,IN,London
C02787,2023-02-02,Organic Search,cust2787@example.com,US,NYC
C02788,2023-02-16,Paid Search,cust2788@example.com,CA,London
C02789,2024-08-09,Paid Search,cust2789@example.com,US,London
C02790,2023-02-26,Paid Search,cust2790@example.com,IN,Delhi
C02791,2023-05-11,Organic Search,cust2791@example.com,US,Mumbai
C02792,2023-12-17,Organic Search,cust2792@example.com,IN,Delhi
C02793,2023-04-14,Direct,cust2793@example.com,IN,Mumbai
C02794,2024-03-18,Organic Search,cust2794@example.com,IN,Mumbai
C02795,2024-04-10,Direct,cust2795@example.com,IN,Toronto
C02796,2023-03-25,Direct,,IN,Mumbai
C02797,2023-10-16,Influencer,cust2797@example.com,IN,London
C02798,2024-02-27,Organic Search,cust2798@example.com,IN,Pune
C02799,2024-10-14,Organic Search,cust2799@example.com,CA,Sydney
C02800,2024-10-18,Email,,IN,Pune
C02801,2024-05-23,Influencer,cust2801@example.com,IN,Mumbai
C02802,2023-07-10,Email,cust2802@example.com,CA,Delhi
C02803,2023-07-25,Organic Search,cust2803@example.com,IN,London
C02804,2024-10-25,Organic Search,cust2804@example.com,IN,Delhi
C02805,2024-04-12,Influencer,cust2805@example.com,CA,Delhi
C02806,2023-05-11,Email,cust2806@example.com,IN,Pune
C02807,2023-08-17,Organic Search,cust2807@example.com,UK,Sydney
C02808,2024-10-14,Email,cust2808@example.com,CA,London
C02809,2024-06-24,Organic Search,cust2809@example.com,IN,London
C02810,2024-07-15,Influencer,cust2810@example.com,US,Mumbai
C02811,2023-06-14,Email,cust2811@example.com,US,Pune
C02812,2023-02-13,Influencer,cust2812@example.com,IN,Toronto
C02813,2023-09-02,Organic Search,cust2813@example.com,IN,London
C02814,2024-09-09,Organic Search,cust2814@example.com,UK,London
C02815,2024-10-11,Social Ads,cust2815@example.com,IN,Toronto
C02816,2024-06-07,Organic Search,cust2816@example.com,IN,Delhi
C02817,2023-05-19,Email,cust2817@example.com,US,Mumbai
C02818,2023-07-16,Influencer,cust2818@example.com,IN,Pune
C02819,2023-02-05,Email,cust2819@example.com,IN,London
C02820,2023-11-18,Influencer,cust2820@example.com,IN,Mumbai
C02821,2023-10-19,Influencer,cust2821@example.com,IN,Pune
C02822,2023-08-03,Organic Search,cust2822@example.com,IN,Mumbai
C02823,2024-04-20,Email,cust2823@example.com,US,Toronto
C02824,2023-05-19,Paid Search,cust2824@example.com,IN,Delhi
C02825,2024-08-30,Influencer,cust2825@example.com,UK,Bangalore
C02826,2023-06-11,Direct,cust2826@example.com,IN,Pune
C02827,2023-09-25,Paid Search,cust2827@example.com,IN,NYC
C02828,2024-04-01,Influencer,,US,Sydney
C02829,2024-08-19,Organic Search,,US,Toronto
C02830,2023-06-12,Direct,cust2830@example.com,UK,Delhi
C02831,2024-06-18,Organic Search,cust2831@example.com,UK,London
C02832,2023-12-12,Paid Search,cust2832@example.com,AU,Pune
C02833,2024-03-14,Organic Search,cust2833@example.com,IN,London
C02834,2024-01-23,Social Ads,cust2834@example.com,US,Mumbai
C02835,2023-12-03,Organic Search,,CA,Sydney
C02836,2024-03-02,Influencer,cust2836@example.com,US,Pune
C02837,2024-03-30,Direct,cust2837@example.com,AU,NYC
C02838,2024-03-22,Direct,cust2838@example.com,IN,NYC
C02839,2023-11-18,Organic Search,cust2839@example.com,AU,Delhi
C02840,2023-08-07,Paid Search,cust2840@example.com,IN,Delhi
C02841,2024-08-31,Direct,cust2841@example.com,UK,Sydney
C02842,2024-04-25,Email,cust2842@example.com,CA,Toronto
C02843,2023-12-31,Paid Search,cust2843@example.com,IN,Pune
C02844,2023-07-26,Direct,cust2844@example.com,UK,NYC
C02845,2024-10-01,Direct,cust2845@example.com,AU,NYC
C02846,2024-07-26,Email,cust2846@example.com,US,Sydney
C02847,2024-02-22,Direct,cust2847@example.com,IN,Sydney
C02848,2024-05-08,Email,cust2848@example.com,IN,Toronto
C02849,2024-11-13,Organic Search,cust2849@example.com,UK,Sydney
C02850,2023-08-31,Organic Search,cust2850@example.com,IN,Pune
C02851,2023-11-06,Organic Search,cust2851@example.com,IN,Sydney
C02852,2023-09-28,Email,cust2852@example.com,AU,Pune
C02853,2023-10-28,Direct,cust2853@example.com,IN,Pune
C02854,2024-08-28,Email,cust2854@example.com,IN,Sydney
C02855,2024-04-22,Organic Search,cust2855@example.com,AU,NYC
C02856,2024-04-08,Influencer,cust2856@example.com,IN,Mumbai
C02857,2024-10-11,Organic Search,cust2857@example.com,UK,Pune
C02858,2023-06-21,Email,cust2858@example.com,US,London
C02859,2024-10-12,Email,cust2859@example.com,IN,Bangalore
C02860,2023-05-20,Direct,cust2860@example.com,IN,Sydney
C02861,2023-02-02,Email,cust2861@example.com,CA,Pune
C02862,2024-11-12,Organic Search,cust2862@example.com,CA,Toronto
C02863,2024-08-23,Email,cust2863@example.com,AU,Delhi
C02864,2023-02-11,Paid Search,cust2864@example.com,IN,Mumbai
C02865,2023-10-03,Paid Search,cust2865@example.com,IN,Pune
C02866,2023-10-01,Paid Search,cust2866@example.com,IN,London
C02867,2024-09-03,Organic Search,cust2867@example.com,IN,Delhi
C02868,2024-05-17,Organic Search,cust2868@example.com,AU,Pune
C02869,2023-08-31,Email,cust2869@example.com,IN,Mumbai
C02870,2023-02-06,Organic Search,cust2870@example.com,US,Bangalore
C02871,2023-12-27,Organic Search,cust2871@example.com,US,Pune
C02872,2023-12-05,Direct,cust2872@example.com,IN,Toronto
C02873,2024-10-29,Direct,cust2873@example.com,IN,Delhi
C02874,2023-07-19,Influencer,cust2874@example.com,US,Toronto
C02875,2023-12-04,Social Ads,cust2875@example.com,IN,Sydney
C02876,2023-10-24,Direct,cust2876@example.com,IN,Bangalore
C02877,2024-10-22,Organic Search,,IN,Bangalore
C02878,2024-07-29,Social Ads,cust2878@example.com,IN,Bangalore
C02879,2023-10-15,Email,cust2879@example.com,IN,Delhi
C02880,2024-03-23,Email,cust2880@example.com,CA,Delhi
C02881,2023-01-13,Organic Search,cust2881@example.com,US,Pune
C02882,2023-08-05,Direct,cust2882@example.com,UK,Pune
C02883,2023-04-04,Email,cust2883@example.com,IN,Mumbai
C02884,2023-09-20,Paid Search,cust2884@example.com,IN,Pune
C02885,2024-08-14,Email,cust2885@example.com,IN,Pune
C02886,2024-03-02,Organic Search,cust2886@example.com,IN,Mumbai
C02887,2023-03-26,Organic Search,cust2887@example.com,US,Bangalore
C02888,2024-02-09,Influencer,cust2888@example.com,IN,Delhi
C02889,2023-12-25,Email,cust2889@example.com,US,Pune
C02890,2023-05-10,Paid Search,cust2890@example.com,US,Mumbai
C02891,2024-04-22,Paid Search,cust2891@example.com,IN,NYC
C02892,2024-02-18,Email,cust2892@example.com,UK,Pune
C02893,2023-05-22,Organic Search,cust2893@example.com,IN,NYC
C02894,2023-01-11,Organic Search,cust2894@example.com,US,Pune
C02895,2023-07-19,Direct,cust2895@example.com,IN,Sydney
C02896,2024-09-22,Social Ads,cust2896@example.com,US,Pune
C02897,2023-09-19,Direct,cust2897@example.com,IN,Delhi
C02898,2024-05-03,Organic Search,cust2898@example.com,IN,Pune
C02899,2023-05-06,Email,cust2899@example.com,IN,Pune
C02900,2024-08-27,Paid Search,cust2900@example.com,CA,London
C02901,2024-03-18,Organic Search,cust2901@example.com,IN,Sydney
C02902,2023-09-30,Direct,cust2902@example.com,AU,Delhi
C02903,2023-12-16,Email,cust2903@example.com,US,Sydney
C02904,2024-11-16,Email,cust2904@example.com,IN,Sydney
C02905,2024-07-03,Organic Search,cust2905@example.com,IN,Toronto
C02906,2023-05-30,Social Ads,cust2906@example.com,IN,Mumbai
C02907,2024-06-07,Organic Search,cust2907@example.com,CA,London
C02908,2023-10-19,Organic Search,cust2908@example.com,US,Mumbai
C02909,2023-08-27,Paid Search,cust2909@example.com,UK,London
C02910,2023-04-06,Paid Search,cust2910@example.com,IN,Toronto
C02911,2024-09-01,Paid Search,cust2911@example.com,US,Mumbai
C02912,2024-10-18,Influencer,cust2912@example.com,IN,NYC
C02913,2024-05-26,Organic Search,cust2913@example.com,IN,Delhi
C02914,2024-06-18,Paid Search,cust2914@example.com,CA,Bangalore
C02915,2024-07-28,Organic Search,cust2915@example.com,IN,Sydney
C02916,2024-10-18,Organic Search,cust2916@example.com,IN,Sydney
C02917,2023-03-02,Email,cust2917@example.com,IN,NYC
C02918,2024-01-07,Direct,cust2918@example.com,IN,Delhi
C02919,2024-10-18,Paid Search,cust2919@example.com,UK,Pune
C02920,2024-10-10,Organic Search,cust2920@example.com,IN,London
C02921,2023-07-03,Organic Search,cust2921@example.com,IN,Mumbai
C02922,2024-06-13,Organic Search,cust2922@example.com,CA,Mumbai
C02923,2024-06-17,Direct,cust2923@example.com,CA,Bangalore
C02924,2024-06-05,Social Ads,cust2924@example.com,AU,Toronto
C02925,2024-11-07,Email,cust2925@example.com,IN,London
C02926,2023-07-31,Paid Search,cust2926@example.com,IN,Toronto
C02927,2023-01-07,Paid Search,cust2927@example.com,US,London
C02928,2024-07-26,Organic Search,cust2928@example.com,CA,Toronto
C02929,2023-05-03,Organic Search,cust2929@example.com,IN,Toronto
C02930,2023-02-11,Email,cust2930@example.com,IN,Bangalore
C02931,2023-11-25,Paid Search,cust2931@example.com,US,Mumbai
C02932,2024-04-15,Paid Search,cust2932@example.com,IN,Toronto
C02933,2023-11-21,Influencer,cust2933@example.com,US,Mumbai
C02934,2023-09-22,Organic Search,cust2934@example.com,AU,Toronto
C02935,2023-11-16,Email,cust2935@example.com,IN,Sydney
C02936,2023-05-21,Paid Search,cust2936@example.com,IN,Bangalore
C02937,2023-02-20,Direct,cust2937@example.com,IN,Delhi
C02938,2024-06-11,Social Ads,cust2938@example.com,IN,Toronto
C02939,2024-04-13,Direct,cust2939@example.com,US,Delhi
C02940,2023-08-14,Email,cust2940@example.com,US,Sydney
C02941,2023-10-09,Organic Search,cust2941@example.com,IN,Toronto
C02942,2023-07-16,Paid Search,cust2942@example.com,US,Sydney
C02943,2023-03-14,Paid Search,cust2943@example.com,US,London
C02944,2023-01-28,Organic Search,cust2944@example.com,IN,London
C02945,2023-07-24,Social Ads,cust2945@example.com,US,Sydney
C02946,2023-09-18,Paid Search,cust2946@example.com,IN,NYC
C02947,2024-07-23,Email,cust2947@example.com,US,Toronto
C02948,2024-01-01,Email,cust2948@example.com,IN,Mumbai
C02949,2024-08-17,Organic Search,cust2949@example.com,AU,Delhi
C02950,2024-01-03,Direct,cust2950@example.com,IN,NYC
C02951,2023-11-09,Organic Search,cust2951@example.com,IN,Pune
C02952,2024-03-14,Paid Search,cust2952@example.com,UK,Bangalore
C02953,2024-08-05,Email,cust2953@example.com,AU,Sydney
C02954,2024-05-02,Paid Search,cust2954@example.com,IN,Toronto
C02955,2024-06-18,Paid Search,cust2955@example.com,IN,Delhi
C02956,2024-10-26,Paid Search,cust2956@example.com,UK,NYC
C02957,2023-02-24,Paid Search,cust2957@example.com,AU,Delhi
C02958,2024-05-07,Organic Search,cust2958@example.com,UK,Toronto
C02959,2024-05-10,Organic Search,cust2959@example.com,US,Pune
C02960,2023-12-21,Paid Search,cust2960@example.com,CA,Bangalore
C02961,2024-06-22,Influencer,cust2961@example.com,CA,Delhi
C02962,2024-04-24,Organic Search,cust2962@example.com,IN,Sydney
C02963,2024-09-18,Direct,cust2963@example.com,US,Mumbai
C02964,2023-01-29,Direct,cust2964@example.com,IN,NYC
C02965,2023-06-30,Paid Search,cust2965@example.com,IN,Delhi
C02966,2024-08-12,Organic Search,cust2966@example.com,US,NYC
C02967,2024-02-20,Organic Search,cust2967@example.com,AU,Toronto
C02968,2023-01-20,Email,cust2968@example.com,IN,Toronto
C02969,2023-02-21,Organic Search,cust2969@example.com,US,Pune
C02970,2023-02-22,Organic Search,cust2970@example.com,UK,Bangalore
C02971,2024-11-18,Direct,cust2971@example.com,IN,London
C02972,2023-08-24,Organic Search,cust2972@example.com,US,Sydney
C02973,2024-11-06,Organic Search,cust2973@example.com,IN,NYC
C02974,2024-02-19,Email,cust2974@example.com,US,London
C02975,2023-01-11,Organic Search,cust2975@example.com,IN,Mumbai
C02976,2023-02-24,Organic Search,cust2976@example.com,IN,Mumbai
C02977,2023-07-22,Paid Search,cust2977@example.com,IN,Mumbai
C02978,2023-10-30,Email,cust2978@example.com,UK,Delhi
C02979,2023-08-25,Organic Search,cust2979@example.com,CA,London
C02980,2024-04-20,Paid Search,cust2980@example.com,US,Sydney
C02981,2023-06-06,Direct,cust2981@example.com,AU,Mumbai
C02982,2023-04-13,Direct,cust2982@example.com,AU,Delhi
C02983,2023-11-28,Direct,cust2983@example.com,CA,Mumbai
C02984,2023-11-09,Organic Search,cust2984@example.com,IN,Sydney
C02985,2023-09-01,Social Ads,cust2985@example.com,US,Bangalore
C02986,2023-08-13,Paid Search,cust2986@example.com,IN,Mumbai
C02987,2024-07-14,Social Ads,cust2987@example.com,IN,Bangalore
C02988,2024-05-21,Email,cust2988@example.com,IN,NYC
C02989,2024-10-31,Paid Search,cust2989@example.com,CA,Bangalore
C02990,2023-12-05,Email,cust2990@example.com,CA,Mumbai
C02991,2024-09-18,Influencer,cust2991@example.com,IN,Toronto
C02992,2023-08-29,Influencer,,IN,Pune
C02993,2024-07-25,Organic Search,cust2993@example.com,US,Bangalore
C02994,2023-03-16,Social Ads,cust2994@example.com,UK,Pune
C02995,2023-02-14,Social Ads,cust2995@example.com,US,Toronto
C02996,2023-11-13,Email,cust2996@example.com,CA,Sydney
C02997,2024-04-28,Organic Search,cust2997@example.com,IN,Mumbai
C02998,2023-12-31,Paid Search,cust2998@example.com,UK,NYC
C02999,2023-08-05,Paid Search,cust2999@example.com,US,Bangalore
C03000,2024-09-12,Influencer,cust3000@example.com,IN,Mumbai
C03001,2023-12-24,Influencer,cust3001@example.com,IN,Pune
C03002,2023-11-22,Social Ads,,IN,Pune
C03003,2023-04-29,Direct,cust3003@example.com,AU,Delhi
C03004,2024-04-12,Influencer,cust3004@example.com,US,NYC
C03005,2024-05-13,Organic Search,cust3005@example.com,US,Delhi
C03006,2023-01-10,Paid Search,cust3006@example.com,IN,Bangalore
C03007,2023-01-22,Influencer,cust3007@example.com,CA,Sydney
C03008,2023-04-09,Email,cust3008@example.com,IN,Sydney
C03009,2023-03-07,Paid Search,cust3009@example.com,IN,London
C03010,2024-06-10,Direct,cust3010@example.com,CA,Bangalore
C03011,2024-03-15,Paid Search,cust3011@example.com,US,Delhi
C03012,2024-05-10,Organic Search,cust3012@example.com,US,Mumbai
C03013,2024-05-21,Email,cust3013@example.com,AU,London
C03014,2024-11-15,Organic Search,cust3014@example.com,IN,Delhi
C03015,2024-08-28,Social Ads,cust3015@example.com,IN,Delhi
C03016,2023-02-02,Direct,cust3016@example.com,US,London
C03017,2023-02-26,Organic Search,cust3017@example.com,US,Mumbai
C03018,2023-10-15,Direct,cust3018@example.com,US,Sydney
C03019,2024-01-13,Email,,IN,London
C03020,2023-08-13,Email,cust3020@example.com,IN,London
C03021,2024-10-12,Social Ads,cust3021@example.com,IN,Toronto
C03022,2024-09-10,Email,cust3022@example.com,CA,London
C03023,2023-10-31,Direct,cust3023@example.com,IN,Delhi
C03024,2023-05-03,Email,cust3024@example.com,AU,Pune
C03025,2023-12-02,Direct,cust3025@example.com,CA,Bangalore
C03026,2024-07-13,Paid Search,cust3026@example.com,IN,Toronto
C03027,2024-08-02,Email,cust3027@example.com,UK,Sydney
C03028,2023-04-27,Direct,cust3028@example.com,US,Pune
C03029,2023-12-17,Paid Search,cust3029@example.com,IN,Mumbai
C03030,2024-04-29,Email,cust3030@example.com,UK,Pune
C03031,2024-02-03,Direct,cust3031@example.com,US,NYC
C03032,2024-02-04,Influencer,cust3032@example.com,IN,NYC
C03033,2024-06-28,Organic Search,cust3033@example.com,IN,Sydney
C03034,2023-09-19,Organic Search,cust3034@example.com,IN,Mumbai
C03035,2023-01-04,Email,cust3035@example.com,IN,London
C03036,2023-03-27,Paid Search,cust3036@example.com,US,Toronto
C03037,2023-04-13,Organic Search,cust3037@example.com,IN,Bangalore
C03038,2024-07-27,Email,cust3038@example.com,UK,Sydney
C03039,2024-05-18,Organic Search,cust3039@example.com,AU,Toronto
C03040,2023-09-22,Direct,cust3040@example.com,IN,Sydney
C03041,2024-11-21,Direct,cust3041@example.com,IN,London
C03042,2024-02-20,Email,cust3042@example.com,UK,Sydney
C03043,2023-06-18,Paid Search,cust3043@example.com,US,Mumbai
C03044,2023-01-27,Email,cust3044@example.com,IN,Sydney
C03045,2023-04-11,Social Ads,cust3045@example.com,IN,Bangalore
C03046,2024-05-19,Paid Search,cust3046@example.com,US,Pune
C03047,2023-11-16,Paid Search,cust3047@example.com,IN,Mumbai
C03048,2023-07-01,Email,cust3048@example.com,IN,Delhi
C03049,2024-10-28,Direct,cust3049@example.com,AU,London
C03050,2023-05-02,Paid Search,cust3050@example.com,UK,NYC
C03051,2024-06-29,Direct,cust3051@example.com,UK,Sydney
C03052,2024-07-28,Paid Search,cust3052@example.com,UK,Delhi
C03053,2023-08-02,Organic Search,cust3053@example.com,US,Sydney
C03054,2023-05-25,Paid Search,cust3054@example.com,CA,Mumbai
C03055,2024-03-27,Paid Search,cust3055@example.com,IN,Toronto
C03056,2024-02-04,Organic Search,cust3056@example.com,IN,Bangalore
C03057,2024-10-10,Organic Search,cust3057@example.com,IN,Bangalore
C03058,2023-08-01,Direct,cust3058@example.com,IN,Delhi
C03059,2023-01-21,Organic Search,cust3059@example.com,UK,Toronto
C03060,2023-10-13,Influencer,cust3060@example.com,US,NYC
C03061,2024-03-05,Email,cust3061@example.com,US,London
C03062,2024-03-18,Email,cust3062@example.com,IN,Pune
C03063,2023-03-11,Paid Search,cust3063@example.com,UK,Delhi
C03064,2023-12-05,Organic Search,cust3064@example.com,IN,Sydney
C03065,2023-01-15,Direct,cust3065@example.com,IN,Toronto
C03066,2023-10-30,Paid Search,cust3066@example.com,UK,Delhi
C03067,2023-10-25,Organic Search,cust3067@example.com,IN,NYC
C03068,2024-11-20,Direct,cust3068@example.com,IN,Sydney
C03069,2024-09-12,Organic Search,cust3069@example.com,CA,Sydney
C03070,2024-01-08,Paid Search,cust3070@example.com,US,Pune
C03071,2024-06-23,Social Ads,cust3071@example.com,IN,NYC
C03072,2024-11-26,Direct,cust3072@example.com,US,NYC
C03073,2024-02-14,Organic Search,cust3073@example.com,CA,Pune
C03074,2024-01-16,Email,cust3074@example.com,IN,Pune
C03075,2024-11-12,Paid Search,cust3075@example.com,IN,Pune
C03076,2023-09-23,Organic Search,cust3076@example.com,CA,Mumbai
C03077,2023-01-28,Direct,cust3077@example.com,IN,London
C03078,2023-09-06,Organic Search,cust3078@example.com,US,NYC
C03079,2023-10-01,Direct,cust3079@example.com,IN,Toronto
C03080,2024-06-10,Paid Search,,IN,Sydney
C03081,2023-01-23,Email,cust3081@example.com,IN,Delhi
C03082,2024-11-24,Paid Search,cust3082@example.com,IN,London
C03083,2023-06-11,Paid Search,cust3083@example.com,US,Delhi
C03084,2024-09-28,Social Ads,,UK,Bangalore
C03085,2024-09-05,Organic Search,cust3085@example.com,IN,NYC
C03086,2024-02-12,Email,cust3086@example.com,UK,NYC
C03087,2024-11-18,Organic Search,cust3087@example.com,UK,NYC
C03088,2024-02-16,Organic Search,cust3088@example.com,IN,NYC
C03089,2023-08-19,Email,cust3089@example.com,IN,London
C03090,2023-08-23,Email,cust3090@example.com,UK,Toronto
C03091,2024-04-02,Paid Search,cust3091@example.com,UK,Sydney
C03092,2024-11-19,Email,cust3092@example.com,US,Sydney
C03093,2024-04-06,Organic Search,cust3093@example.com,IN,Sydney
C03094,2024-02-25,Paid Search,cust3094@example.com,IN,Delhi
C03095,2024-09-14,Direct,cust3095@example.com,IN,Bangalore
C03096,2024-09-10,Influencer,cust3096@example.com,IN,Sydney
C03097,2024-11-20,Email,cust3097@example.com,IN,NYC
C03098,2023-05-22,Organic Search,cust3098@example.com,CA,Bangalore
C03099,2023-09-06,Social Ads,cust3099@example.com,US,Pune
C03100,2024-08-16,Email,cust3100@example.com,AU,Delhi
C03101,2023-12-06,Direct,cust3101@example.com,CA,NYC
C03102,2023-05-11,Organic Search,cust3102@example.com,AU,Mumbai
C03103,2023-07-10,Direct,cust3103@example.com,UK,London
C03104,2024-11-05,Email,cust3104@example.com,IN,Delhi
C03105,2024-04-19,Influencer,cust3105@example.com,AU,Delhi
C03106,2024-11-14,Organic Search,cust3106@example.com,IN,Delhi
C03107,2023-08-31,Paid Search,cust3107@example.com,US,Mumbai
C03108,2023-02-09,Direct,cust3108@example.com,US,Mumbai
C03109,2024-09-07,Direct,cust3109@example.com,US,London
C03110,2023-12-26,Organic Search,cust3110@example.com,IN,Bangalore
C03111,2024-03-23,Email,cust3111@example.com,UK,Toronto
C03112,2024-09-09,Social Ads,cust3112@example.com,US,NYC
C03113,2024-07-29,Email,cust3113@example.com,US,London
C03114,2023-08-31,Direct,cust3114@example.com,IN,Delhi
C03115,2024-04-24,Organic Search,cust3115@example.com,AU,Mumbai
C03116,2024-11-21,Paid Search,cust3116@example.com,IN,Toronto
C03117,2023-04-13,Email,cust3117@example.com,IN,Pune
C03118,2024-09-04,Organic Search,cust3118@example.com,IN,Pune
C03119,2023-01-26,Organic Search,cust3119@example.com,IN,Sydney
C03120,2023-10-11,Organic Search,cust3120@example.com,IN,Pune
C03121,2024-07-06,Organic Search,cust3121@example.com,UK,Delhi
C03122,2024-07-04,Social Ads,cust3122@example.com,IN,Bangalore
C03123,2024-04-05,Organic Search,cust3123@example.com,IN,Sydney
C03124,2023-03-28,Social Ads,cust3124@example.com,US,Sydney
C03125,2024-01-14,Email,cust3125@example.com,US,London
C03126,2023-06-28,Paid Search,cust3126@example.com,CA,Delhi
C03127,2023-02-06,Email,cust3127@example.com,US,London
C03128,2023-11-03,Organic Search,cust3128@example.com,UK,NYC
C03129,2024-03-05,Organic Search,cust3129@example.com,IN,NYC
C03130,2023-07-12,Influencer,cust3130@example.com,IN,Delhi
C03131,2024-10-14,Social Ads,cust3131@example.com,IN,Pune
C03132,2023-04-16,Paid Search,cust3132@example.com,US,London
C03133,2024-08-31,Paid Search,cust3133@example.com,US,NYC
C03134,2024-10-09,Organic Search,cust3134@example.com,CA,London
C03135,2024-01-21,Organic Search,cust3135@example.com,IN,London
C03136,2023-12-11,Direct,cust3136@example.com,IN,Toronto
C03137,2023-12-28,Email,cust3137@example.com,IN,Sydney
C03138,2024-04-19,Organic Search,cust3138@example.com,IN,Delhi
C03139,2023-09-05,Email,cust3139@example.com,IN,London
C03140,2023-06-07,Email,cust3140@example.com,IN,Bangalore
C03141,2024-08-08,Influencer,cust3141@example.com,IN,Delhi
C03142,2024-10-17,Social Ads,cust3142@example.com,US,Mumbai
C03143,2024-02-11,Paid Search,cust3143@example.com,UK,Pune
C03144,2024-01-02,Email,cust3144@example.com,US,Bangalore
C03145,2024-03-16,Influencer,cust3145@example.com,AU,Delhi
C03146,2024-11-13,Paid Search,cust3146@example.com,IN,NYC
C03147,2024-07-20,Social Ads,cust3147@example.com,IN,NYC
C03148,2023-01-27,Email,cust3148@example.com,IN,Toronto
C03149,2023-06-28,Email,cust3149@example.com,IN,Toronto
C03150,2023-09-28,Social Ads,cust3150@example.com,UK,Toronto
C03151,2024-01-01,Paid Search,,IN,London
C03152,2024-07-30,Organic Search,cust3152@example.com,US,London
C03153,2024-03-17,Direct,cust3153@example.com,US,Sydney
C03154,2023-07-08,Paid Search,cust3154@example.com,US,Sydney
C03155,2024-06-16,Organic Search,cust3155@example.com,IN,Mumbai
C03156,2024-03-29,Organic Search,cust3156@example.com,US,NYC
C03157,2023-09-13,Social Ads,cust3157@example.com,IN,Delhi
C03158,2024-05-15,Influencer,cust3158@example.com,AU,Delhi
C03159,2024-08-26,Email,cust3159@example.com,US,Sydney
C03160,2023-05-30,Paid Search,cust3160@example.com,IN,Pune
C03161,2024-05-27,Organic Search,cust3161@example.com,IN,Delhi
C03162,2024-06-18,Organic Search,cust3162@example.com,IN,Bangalore
C03163,2024-05-31,Direct,cust3163@example.com,IN,Sydney
C03164,2023-01-11,Influencer,cust3164@example.com,IN,NYC
C03165,2024-02-10,Email,cust3165@example.com,AU,Bangalore
C03166,2024-08-31,Paid Search,cust3166@example.com,IN,London
C03167,2023-11-24,Organic Search,cust3167@example.com,IN,Toronto
C03168,2023-08-20,Paid Search,cust3168@example.com,CA,Bangalore
C03169,2023-04-07,Organic Search,cust3169@example.com,IN,Toronto
C03170,2023-01-21,Paid Search,cust3170@example.com,IN,NYC
C03171,2023-02-18,Paid Search,cust3171@example.com,UK,NYC
C03172,2023-08-17,Direct,cust3172@example.com,US,Bangalore
C03173,2024-05-30,Email,cust3173@example.com,CA,NYC
C03174,2023-02-15,Organic Search,cust3174@example.com,IN,Pune
C03175,2023-11-17,Organic Search,cust3175@example.com,IN,Mumbai
C03176,2024-09-28,Paid Search,cust3176@example.com,US,Pune
C03177,2024-06-25,Direct,cust3177@example.com,UK,Delhi
C03178,2023-06-05,Social Ads,cust3178@example.com,UK,Bangalore
C03179,2024-11-29,Organic Search,cust3179@example.com,US,NYC
C03180,2023-10-20,Organic Search,cust3180@example.com,US,Toronto
C03181,2024-02-18,Influencer,cust3181@example.com,AU,London
C03182,2024-04-16,Organic Search,cust3182@example.com,IN,Delhi
C03183,2023-03-14,Paid Search,cust3183@example.com,IN,NYC
C03184,2024-04-15,Direct,cust3184@example.com,AU,Mumbai
C03185,2023-05-26,Organic Search,cust3185@example.com,US,NYC
C03186,2024-08-19,Paid Search,cust3186@example.com,IN,London
C03187,2023-08-29,Social Ads,cust3187@example.com,UK,Bangalore
C03188,2023-04-30,Paid Search,cust3188@example.com,US,Mumbai
C03189,2024-10-19,Email,cust3189@example.com,IN,London
C03190,2024-11-29,Email,cust3190@example.com,UK,Pune
C03191,2023-06-25,Email,cust3191@example.com,US,Bangalore
C03192,2023-11-06,Influencer,cust3192@example.com,IN,London
C03193,2023-12-19,Organic Search,cust3193@example.com,IN,Delhi
C03194,2023-07-05,Organic Search,cust3194@example.com,UK,Mumbai
C03195,2024-05-09,Organic Search,cust3195@example.com,IN,NYC
C03196,2023-05-07,Social Ads,cust3196@example.com,US,Mumbai
C03197,2023-08-01,Influencer,cust3197@example.com,IN,Mumbai
C03198,2023-10-12,Influencer,cust3198@example.com,US,Mumbai
C03199,2024-07-19,Paid Search,cust3199@example.com,AU,Delhi
C03200,2024-11-12,Paid Search,cust3200@example.com,IN,Delhi
C03201,2024-05-16,Email,cust3201@example.com,IN,Bangalore
C03202,2024-06-20,Email,cust3202@example.com,US,Delhi
C03203,2024-09-15,Email,cust3203@example.com,IN,Delhi
C03204,2024-08-28,Organic Search,,IN,Sydney
C03205,2023-03-06,Organic Search,cust3205@example.com,US,NYC
C03206,2024-05-02,Email,cust3206@example.com,IN,Bangalore
C03207,2023-06-07,Email,cust3207@example.com,CA,London
C03208,2023-07-14,Organic Search,cust3208@example.com,IN,Mumbai
C03209,2024-04-13,Email,cust3209@example.com,IN,Bangalore
C03210,2023-05-29,Email,cust3210@example.com,IN,Sydney
C03211,2023-08-28,Organic Search,cust3211@example.com,US,London
C03212,2023-12-08,Organic Search,cust3212@example.com,CA,NYC
C03213,2024-04-13,Organic Search,cust3213@example.com,IN,Mumbai
C03214,2023-04-25,Direct,cust3214@example.com,US,Toronto
C03215,2023-10-21,Email,cust3215@example.com,UK,Pune
C03216,2023-12-06,Email,cust3216@example.com,CA,London
C03217,2024-04-14,Direct,cust3217@example.com,US,NYC
C03218,2023-10-13,Organic Search,cust3218@example.com,IN,Sydney
C03219,2023-07-11,Influencer,cust3219@example.com,AU,Toronto
C03220,2024-06-03,Email,cust3220@example.com,CA,Delhi
C03221,2024-06-23,Organic Search,cust3221@example.com,IN,Pune
C03222,2024-10-15,Direct,cust3222@example.com,IN,London
C03223,2023-10-20,Influencer,cust3223@example.com,UK,London
C03224,2023-02-11,Paid Search,cust3224@example.com,US,Pune
C03225,2024-10-30,Organic Search,cust3225@example.com,US,Mumbai
C03226,2023-10-12,Paid Search,cust3226@example.com,US,London
C03227,2024-01-06,Paid Search,cust3227@example.com,IN,NYC
C03228,2024-06-09,Paid Search,cust3228@example.com,IN,Delhi
C03229,2023-04-29,Organic Search,cust3229@example.com,IN,Sydney
C03230,2024-10-10,Organic Search,cust3230@example.com,UK,Sydney
C03231,2023-02-25,Organic Search,cust3231@example.com,UK,Bangalore
C03232,2023-07-14,Organic Search,cust3232@example.com,IN,Pune
C03233,2023-05-30,Email,cust3233@example.com,IN,London
C03234,2023-08-14,Direct,cust3234@example.com,AU,Toronto
C03235,2024-10-01,Organic Search,cust3235@example.com,US,Bangalore
C03236,2023-01-12,Paid Search,cust3236@example.com,IN,Mumbai
C03237,2024-07-10,Direct,cust3237@example.com,IN,NYC
C03238,2024-10-15,Paid Search,cust3238@example.com,IN,London
C03239,2024-01-13,Direct,cust3239@example.com,IN,Pune
C03240,2024-08-07,Influencer,cust3240@example.com,CA,Pune
C03241,2023-01-05,Organic Search,cust3241@example.com,IN,NYC
C03242,2024-01-17,Paid Search,cust3242@example.com,US,Bangalore
C03243,2023-11-21,Organic Search,cust3243@example.com,IN,Mumbai
C03244,2024-07-09,Social Ads,cust3244@example.com,IN,London
C03245,2023-11-28,Social Ads,cust3245@example.com,IN,Bangalore
C03246,2024-07-20,Social Ads,cust3246@example.com,IN,Delhi
C03247,2023-12-28,Organic Search,cust3247@example.com,US,Pune
C03248,2024-04-14,Paid Search,cust3248@example.com,US,Bangalore
C03249,2024-04-13,Direct,cust3249@example.com,US,Sydney
C03250,2023-08-11,Organic Search,cust3250@example.com,UK,London
C03251,2023-02-25,Organic Search,cust3251@example.com,IN,London
C03252,2023-06-13,Direct,cust3252@example.com,IN,Bangalore
C03253,2023-09-07,Social Ads,cust3253@example.com,AU,Delhi
C03254,2023-10-03,Email,cust3254@example.com,UK,NYC
C03255,2024-09-15,Influencer,cust3255@example.com,IN,London
C03256,2023-10-02,Direct,cust3256@example.com,IN,Bangalore
C03257,2024-09-22,Organic Search,cust3257@example.com,IN,Mumbai
C03258,2023-08-11,Influencer,cust3258@example.com,AU,Bangalore
C03259,2023-02-23,Email,cust3259@example.com,AU,Pune
C03260,2023-08-24,Email,cust3260@example.com,US,Pune
C03261,2023-04-30,Direct,cust3261@example.com,IN,Toronto
C03262,2023-10-13,Email,cust3262@example.com,IN,Bangalore
C03263,2024-09-16,Organic Search,cust3263@example.com,US,Mumbai
C03264,2023-08-28,Paid Search,cust3264@example.com,US,NYC
C03265,2024-02-15,Influencer,cust3265@example.com,AU,Delhi
C03266,2023-01-12,Paid Search,cust3266@example.com,IN,Pune
C03267,2023-10-03,Paid Search,,UK,Toronto
C03268,2023-01-16,Organic Search,cust3268@example.com,US,Sydney
C03269,2023-01-09,Email,cust3269@example.com,CA,Toronto
C03270,2024-11-16,Email,cust3270@example.com,US,Mumbai
C03271,2023-08-12,Direct,cust3271@example.com,IN,London
C03272,2024-11-21,Direct,cust3272@example.com,UK,NYC
C03273,2023-01-03,Paid Search,cust3273@example.com,US,Toronto
C03274,2023-07-16,Direct,cust3274@example.com,IN,Delhi
C03275,2024-05-19,Direct,cust3275@example.com,AU,Bangalore
C03276,2024-10-07,Influencer,cust3276@example.com,CA,Mumbai
C03277,2023-06-12,Paid Search,cust3277@example.com,AU,Mumbai
C03278,2024-01-01,Paid Search,cust3278@example.com,US,Bangalore
C03279,2023-10-27,Paid Search,cust3279@example.com,US,London
C03280,2023-06-01,Organic Search,cust3280@example.com,UK,Sydney
C03281,2024-10-14,Paid Search,cust3281@example.com,IN,Toronto
C03282,2024-01-08,Paid Search,cust3282@example.com,IN,Sydney
C03283,2023-08-04,Influencer,cust3283@example.com,IN,Bangalore
C03284,2023-10-08,Organic Search,cust3284@example.com,UK,Mumbai
C03285,2023-06-01,Influencer,cust3285@example.com,US,Bangalore
C03286,2023-02-23,Influencer,cust3286@example.com,US,Mumbai
C03287,2024-11-16,Email,cust3287@example.com,IN,Mumbai
C03288,2023-09-13,Email,cust3288@example.com,AU,London
C03289,2024-08-26,Organic Search,cust3289@example.com,US,Toronto
C03290,2023-01-25,Paid Search,cust3290@example.com,CA,Bangalore
C03291,2023-09-09,Email,cust3291@example.com,CA,London
C03292,2023-04-27,Direct,cust3292@example.com,IN,Sydney
C03293,2024-04-20,Email,cust3293@example.com,UK,Sydney
C03294,2024-09-28,Direct,cust3294@example.com,CA,Sydney
C03295,2024-03-16,Influencer,cust3295@example.com,IN,Pune
C03296,2023-02-23,Influencer,cust3296@example.com,IN,Delhi
C03297,2024-05-30,Email,cust3297@example.com,IN,Pune
C03298,2023-03-04,Paid Search,cust3298@example.com,IN,Toronto
C03299,2024-07-24,Direct,cust3299@example.com,IN,Delhi
C03300,2024-01-14,Influencer,cust3300@example.com,UK,London
C03301,2023-10-01,Direct,cust3301@example.com,IN,NYC
C03302,2023-10-26,Direct,cust3302@example.com,IN,Delhi
C03303,2024-10-19,Influencer,cust3303@example.com,UK,Mumbai
C03304,2024-01-26,Direct,cust3304@example.com,IN,Sydney
C03305,2024-09-17,Influencer,cust3305@example.com,IN,Toronto
C03306,2023-07-21,Direct,cust3306@example.com,CA,Mumbai
C03307,2024-11-23,Paid Search,cust3307@example.com,US,Bangalore
C03308,2023-06-10,Paid Search,cust3308@example.com,CA,London
C03309,2023-03-03,Influencer,cust3309@example.com,IN,Pune
C03310,2023-05-26,Organic Search,cust3310@example.com,CA,Toronto
C03311,2024-02-22,Paid Search,cust3311@example.com,IN,Bangalore
C03312,2024-04-11,Paid Search,cust3312@example.com,UK,Sydney
C03313,2023-01-16,Direct,cust3313@example.com,IN,Delhi
C03314,2024-10-19,Paid Search,cust3314@example.com,US,Mumbai
C03315,2024-09-19,Social Ads,cust3315@example.com,US,London
C03316,2023-12-13,Organic Search,cust3316@example.com,US,Pune
C03317,2023-12-27,Paid Search,cust3317@example.com,US,Toronto
C03318,2023-02-20,Direct,cust3318@example.com,US,Toronto
C03319,2024-02-07,Email,cust3319@example.com,UK,Delhi
C03320,2023-06-26,Social Ads,cust3320@example.com,US,NYC
C03321,2023-03-19,Paid Search,cust3321@example.com,IN,Mumbai
C03322,2023-01-09,Email,cust3322@example.com,IN,Sydney
C03323,2024-04-07,Organic Search,cust3323@example.com,IN,Mumbai
C03324,2024-02-03,Influencer,cust3324@example.com,UK,Delhi
C03325,2024-02-20,Direct,cust3325@example.com,IN,Toronto
C03326,2023-04-02,Influencer,cust3326@example.com,CA,Sydney
C03327,2024-05-29,Paid Search,cust3327@example.com,AU,Mumbai
C03328,2024-01-12,Email,cust3328@example.com,IN,Mumbai
C03329,2023-10-27,Direct,cust3329@example.com,UK,NYC
C03330,2023-11-29,Influencer,cust3330@example.com,US,London
C03331,2023-03-17,Paid Search,cust3331@example.com,CA,NYC
C03332,2023-05-17,Direct,cust3332@example.com,US,Delhi
C03333,2024-08-07,Direct,cust3333@example.com,IN,Mumbai
C03334,2023-05-24,Paid Search,cust3334@example.com,US,Mumbai
C03335,2024-07-28,Organic Search,cust3335@example.com,IN,NYC
C03336,2024-06-22,Direct,cust3336@example.com,IN,Mumbai
C03337,2023-10-04,Social Ads,cust3337@example.com,IN,NYC
C03338,2023-07-24,Email,cust3338@example.com,IN,Bangalore
C03339,2024-07-26,Email,cust3339@example.com,US,Delhi
C03340,2024-10-16,Paid Search,cust3340@example.com,US,Mumbai
C03341,2024-09-29,Direct,cust3341@example.com,US,Pune
C03342,2024-08-28,Organic Search,cust3342@example.com,US,Delhi
C03343,2024-06-15,Direct,cust3343@example.com,CA,Toronto
C03344,2023-07-22,Email,cust3344@example.com,UK,Pune
C03345,2024-01-07,Organic Search,cust3345@example.com,US,Toronto
C03346,2023-03-27,Email,,US,Delhi
C03347,2023-03-25,Paid Search,cust3347@example.com,IN,Delhi
C03348,2023-03-17,Social Ads,cust3348@example.com,US,Toronto
C03349,2023-02-24,Social Ads,cust3349@example.com,AU,Toronto
C03350,2023-12-26,Organic Search,cust3350@example.com,IN,Pune
C03351,2024-05-31,Paid Search,cust3351@example.com,UK,Mumbai
C03352,2024-01-12,Direct,cust3352@example.com,UK,Delhi
C03353,2023-10-03,Organic Search,cust3353@example.com,UK,Toronto
C03354,2023-09-26,Email,cust3354@example.com,US,NYC
C03355,2024-06-09,Paid Search,cust3355@example.com,IN,Pune
C03356,2024-01-14,Influencer,cust3356@example.com,US,Delhi
C03357,2024-03-24,Organic Search,cust3357@example.com,IN,Mumbai
C03358,2023-10-19,Email,cust3358@example.com,CA,Mumbai
C03359,2024-08-08,Influencer,cust3359@example.com,IN,Toronto
C03360,2024-05-01,Paid Search,cust3360@example.com,US,Bangalore
C03361,2023-04-06,Organic Search,cust3361@example.com,US,NYC
C03362,2023-11-14,Organic Search,cust3362@example.com,IN,Mumbai
C03363,2024-09-20,Social Ads,cust3363@example.com,CA,Toronto
C03364,2024-01-29,Social Ads,cust3364@example.com,IN,Pune
C03365,2023-06-26,Paid Search,cust3365@example.com,IN,Sydney
C03366,2024-07-06,Paid Search,cust3366@example.com,AU,Pune
C03367,2023-11-17,Organic Search,cust3367@example.com,IN,Delhi
C03368,2024-03-06,Direct,cust3368@example.com,IN,Bangalore
C03369,2023-12-12,Paid Search,cust3369@example.com,US,Pune
C03370,2023-01-20,Influencer,cust3370@example.com,IN,London
C03371,2023-06-14,Organic Search,cust3371@example.com,US,Bangalore
C03372,2024-09-21,Influencer,cust3372@example.com,IN,Mumbai
C03373,2023-02-15,Organic Search,cust3373@example.com,AU,London
C03374,2024-08-26,Organic Search,cust3374@example.com,UK,Toronto
C03375,2024-01-28,Paid Search,cust3375@example.com,UK,Pune
C03376,2023-12-15,Organic Search,cust3376@example.com,AU,Sydney
C03377,2024-09-23,Email,cust3377@example.com,AU,Bangalore
C03378,2023-06-02,Email,cust3378@example.com,IN,Mumbai
C03379,2024-02-17,Influencer,cust3379@example.com,IN,Pune
C03380,2024-01-25,Email,cust3380@example.com,IN,Sydney
C03381,2023-06-11,Paid Search,cust3381@example.com,US,Bangalore
C03382,2023-08-17,Social Ads,cust3382@example.com,IN,Toronto
C03383,2023-06-29,Email,cust3383@example.com,UK,Sydney
C03384,2023-02-01,Organic Search,cust3384@example.com,AU,London
C03385,2024-03-31,Email,cust3385@example.com,CA,Toronto
C03386,2024-04-22,Paid Search,cust3386@example.com,AU,Delhi
C03387,2023-12-18,Paid Search,cust3387@example.com,UK,Mumbai
C03388,2023-12-12,Paid Search,cust3388@example.com,IN,NYC
C03389,2023-01-27,Email,cust3389@example.com,US,NYC
C03390,2024-05-31,Paid Search,cust3390@example.com,US,Toronto
C03391,2023-02-20,Paid Search,cust3391@example.com,IN,Pune
C03392,2023-12-10,Organic Search,cust3392@example.com,US,Sydney
C03393,2023-05-24,Organic Search,cust3393@example.com,UK,Bangalore
C03394,2023-08-26,Email,cust3394@example.com,IN,Sydney
C03395,2024-02-08,Direct,cust3395@example.com,AU,NYC
C03396,2023-07-23,Paid Search,cust3396@example.com,IN,NYC
C03397,2023-04-19,Direct,cust3397@example.com,IN,Toronto
C03398,2023-07-21,Email,cust3398@example.com,IN,NYC
C03399,2023-01-22,Paid Search,cust3399@example.com,IN,Delhi
C03400,2024-06-03,Influencer,cust3400@example.com,IN,London
C03401,2023-07-01,Email,cust3401@example.com,US,Bangalore
C03402,2024-10-06,Organic Search,cust3402@example.com,IN,Delhi
C03403,2023-08-12,Organic Search,cust3403@example.com,UK,Pune
C03404,2023-02-26,Social Ads,cust3404@example.com,UK,Pune
C03405,2024-02-06,Paid Search,cust3405@example.com,IN,Sydney
C03406,2023-07-05,Paid Search,cust3406@example.com,IN,Toronto
C03407,2023-01-04,Social Ads,cust3407@example.com,UK,NYC
C03408,2023-07-25,Paid Search,cust3408@example.com,US,Mumbai
C03409,2024-04-05,Direct,cust3409@example.com,US,NYC
C03410,2024-02-02,Paid Search,cust3410@example.com,UK,NYC
C03411,2024-01-08,Email,cust3411@example.com,CA,London
C03412,2024-10-24,Organic Search,cust3412@example.com,US,Mumbai
C03413,2024-06-05,Social Ads,,IN,Sydney
C03414,2024-05-22,Email,cust3414@example.com,IN,Sydney
C03415,2023-02-12,Email,cust3415@example.com,IN,London
C03416,2024-04-16,Paid Search,cust3416@example.com,IN,Mumbai
C03417,2024-11-22,Direct,cust3417@example.com,CA,Sydney
C03418,2023-03-16,Paid Search,cust3418@example.com,IN,Delhi
C03419,2023-12-20,Influencer,cust3419@example.com,IN,NYC
C03420,2023-06-23,Social Ads,cust3420@example.com,IN,Bangalore
C03421,2024-06-09,Email,cust3421@example.com,UK,London
C03422,2023-08-05,Organic Search,cust3422@example.com,US,Bangalore
C03423,2024-08-27,Paid Search,cust3423@example.com,CA,Delhi
C03424,2023-06-28,Influencer,cust3424@example.com,UK,Mumbai
C03425,2024-03-13,Direct,cust3425@example.com,UK,NYC
C03426,2023-05-03,Social Ads,cust3426@example.com,AU,Toronto
C03427,2023-03-31,Organic Search,cust3427@example.com,IN,Mumbai
C03428,2024-03-16,Social Ads,cust3428@example.com,US,Delhi
C03429,2023-07-07,Email,cust3429@example.com,AU,Bangalore
C03430,2023-09-03,Email,cust3430@example.com,IN,NYC
C03431,2023-02-18,Email,cust3431@example.com,IN,Mumbai
C03432,2024-11-22,Paid Search,cust3432@example.com,US,London
C03433,2024-03-27,Social Ads,cust3433@example.com,US,Toronto
C03434,2024-01-15,Paid Search,cust3434@example.com,IN,Delhi
C03435,2023-10-01,Email,cust3435@example.com,US,Sydney
C03436,2023-03-23,Email,cust3436@example.com,US,London
C03437,2023-11-27,Direct,cust3437@example.com,IN,Bangalore
C03438,2024-01-28,Organic Search,cust3438@example.com,US,Bangalore
C03439,2024-09-10,Social Ads,cust3439@example.com,IN,Toronto
C03440,2024-11-05,Direct,,CA,Bangalore
C03441,2023-12-21,Email,cust3441@example.com,IN,NYC
C03442,2023-05-26,Organic Search,cust3442@example.com,IN,NYC
C03443,2023-02-09,Organic Search,cust3443@example.com,IN,Sydney
C03444,2023-04-15,Paid Search,cust3444@example.com,IN,NYC
C03445,2024-09-17,Social Ads,cust3445@example.com,IN,Toronto
C03446,2024-11-15,Organic Search,cust3446@example.com,CA,Pune
C03447,2024-01-26,Email,cust3447@example.com,US,Delhi
C03448,2023-10-03,Organic Search,cust3448@example.com,UK,Mumbai
C03449,2024-01-15,Email,cust3449@example.com,IN,Pune
C03450,2024-07-28,Influencer,cust3450@example.com,IN,Pune
C03451,2024-03-30,Organic Search,cust3451@example.com,AU,Pune
C03452,2024-07-30,Email,cust3452@example.com,AU,Bangalore
C03453,2024-01-30,Organic Search,cust3453@example.com,CA,Bangalore
C03454,2024-07-08,Direct,cust3454@example.com,IN,Pune
C03455,2024-09-28,Influencer,cust3455@example.com,US,Mumbai
C03456,2023-07-11,Social Ads,cust3456@example.com,CA,Mumbai
C03457,2024-05-12,Organic Search,cust3457@example.com,UK,NYC
C03458,2024-09-01,Paid Search,cust3458@example.com,US,Sydney
C03459,2023-02-22,Social Ads,cust3459@example.com,US,Mumbai
C03460,2024-02-20,Email,cust3460@example.com,AU,Toronto
C03461,2023-08-17,Influencer,cust3461@example.com,UK,London
C03462,2024-10-28,Influencer,cust3462@example.com,US,Mumbai
C03463,2023-12-28,Organic Search,cust3463@example.com,IN,Delhi
C03464,2023-11-27,Social Ads,cust3464@example.com,CA,Bangalore
C03465,2024-05-18,Paid Search,cust3465@example.com,US,Sydney
C03466,2024-05-09,Influencer,cust3466@example.com,CA,Pune
C03467,2024-02-28,Paid Search,cust3467@example.com,US,London
C03468,2023-09-20,Organic Search,cust3468@example.com,IN,Pune
C03469,2023-08-26,Paid Search,cust3469@example.com,IN,Mumbai
C03470,2024-04-30,Organic Search,cust3470@example.com,IN,Mumbai
C03471,2024-05-18,Paid Search,cust3471@example.com,CA,Mumbai
C03472,2024-02-27,Paid Search,cust3472@example.com,US,Delhi
C03473,2024-04-22,Paid Search,cust3473@example.com,UK,Mumbai
C03474,2024-10-14,Paid Search,cust3474@example.com,IN,NYC
C03475,2024-01-08,Organic Search,cust3475@example.com,IN,Bangalore
C03476,2024-05-15,Influencer,cust3476@example.com,US,London
C03477,2024-11-25,Email,cust3477@example.com,IN,Toronto
C03478,2024-07-25,Influencer,cust3478@example.com,IN,Toronto
C03479,2023-08-16,Organic Search,cust3479@example.com,US,Pune
C03480,2023-08-08,Influencer,cust3480@example.com,IN,Mumbai
C03481,2024-03-20,Email,cust3481@example.com,IN,Sydney
C03482,2023-11-05,Direct,cust3482@example.com,AU,Delhi
C03483,2023-06-20,Organic Search,cust3483@example.com,IN,Delhi
C03484,2023-12-13,Organic Search,cust3484@example.com,UK,Delhi
C03485,2024-11-02,Direct,cust3485@example.com,IN,Sydney
C03486,2023-11-09,Direct,cust3486@example.com,IN,Delhi
C03487,2024-03-21,Influencer,cust3487@example.com,US,London
C03488,2023-07-31,Direct,cust3488@example.com,IN,Toronto
C03489,2023-01-01,Influencer,cust3489@example.com,UK,London
C03490,2024-11-20,Email,cust3490@example.com,IN,Pune
C03491,2023-03-28,Organic Search,cust3491@example.com,IN,Mumbai
C03492,2023-10-31,Paid Search,cust3492@example.com,IN,Pune
C03493,2023-09-02,Direct,cust3493@example.com,IN,Bangalore
C03494,2023-09-09,Influencer,cust3494@example.com,IN,Delhi
C03495,2023-06-28,Paid Search,cust3495@example.com,US,Toronto
C03496,2023-09-22,Social Ads,cust3496@example.com,IN,Sydney
C03497,2023-04-19,Email,cust3497@example.com,CA,Pune
C03498,2023-03-27,Email,cust3498@example.com,US,Bangalore
C03499,2023-05-24,Organic Search,cust3499@example.com,IN,Delhi
C03500,2024-02-17,Organic Search,cust3500@example.com,US,NYC
C03501,2023-10-17,Email,cust3501@example.com,CA,Bangalore
C03502,2023-10-15,Paid Search,cust3502@example.com,IN,Bangalore
C03503,2023-11-14,Direct,cust3503@example.com,IN,Pune
C03504,2023-07-06,Email,cust3504@example.com,IN,Pune
C03505,2024-05-10,Direct,cust3505@example.com,IN,Mumbai
C03506,2024-10-31,Direct,cust3506@example.com,UK,Sydney
C03507,2023-06-30,Organic Search,cust3507@example.com,US,Mumbai
C03508,2023-06-22,Organic Search,cust3508@example.com,AU,Mumbai
C03509,2023-07-23,Influencer,cust3509@example.com,IN,Toronto
C03510,2024-01-09,Social Ads,cust3510@example.com,CA,Sydney
C03511,2023-10-02,Paid Search,cust3511@example.com,IN,Mumbai
C03512,2023-08-17,Organic Search,cust3512@example.com,IN,Bangalore
C03513,2024-09-26,Paid Search,cust3513@example.com,IN,Sydney
C03514,2023-12-18,Influencer,cust3514@example.com,CA,Bangalore
C03515,2024-06-11,Organic Search,cust3515@example.com,IN,Delhi
C03516,2024-02-16,Paid Search,cust3516@example.com,AU,Toronto
C03517,2023-12-04,Organic Search,cust3517@example.com,IN,Bangalore
C03518,2023-10-08,Organic Search,cust3518@example.com,IN,Delhi
C03519,2023-05-06,Organic Search,cust3519@example.com,IN,Pune
C03520,2024-10-10,Paid Search,cust3520@example.com,IN,Bangalore
C03521,2023-09-25,Influencer,cust3521@example.com,US,Bangalore
C03522,2023-05-29,Organic Search,cust3522@example.com,CA,Toronto
C03523,2023-08-10,Organic Search,cust3523@example.com,IN,Mumbai
C03524,2023-05-06,Email,cust3524@example.com,US,London
C03525,2024-03-04,Paid Search,cust3525@example.com,IN,Bangalore
C03526,2024-10-09,Email,cust3526@example.com,US,London
C03527,2023-11-05,Email,cust3527@example.com,AU,London
C03528,2023-07-01,Email,cust3528@example.com,IN,NYC
C03529,2023-05-05,Direct,cust3529@example.com,US,Bangalore
C03530,2024-11-04,Email,cust3530@example.com,CA,Toronto
C03531,2024-11-03,Direct,cust3531@example.com,IN,London
C03532,2024-08-07,Email,,CA,Pune
C03533,2024-03-05,Direct,cust3533@example.com,US,Mumbai
C03534,2023-08-18,Social Ads,cust3534@example.com,US,Pune
C03535,2023-02-08,Email,cust3535@example.com,IN,Mumbai
C03536,2023-04-02,Influencer,cust3536@example.com,UK,Pune
C03537,2024-03-23,Email,cust3537@example.com,US,Delhi
C03538,2024-08-30,Organic Search,,US,Mumbai
C03539,2024-09-27,Email,cust3539@example.com,CA,Pune
C03540,2024-11-28,Influencer,cust3540@example.com,IN,Mumbai
C03541,2023-03-15,Social Ads,cust3541@example.com,AU,Mumbai
C03542,2024-01-02,Paid Search,cust3542@example.com,IN,NYC
C03543,2024-07-26,Paid Search,cust3543@example.com,IN,Mumbai
C03544,2024-08-19,Email,cust3544@example.com,CA,Bangalore
C03545,2024-04-02,Paid Search,cust3545@example.com,IN,Delhi
C03546,2024-11-22,Influencer,cust3546@example.com,IN,Sydney
C03547,2024-05-20,Influencer,cust3547@example.com,IN,Delhi
C03548,2024-03-17,Organic Search,cust3548@example.com,US,Toronto
C03549,2023-08-31,Email,cust3549@example.com,IN,London
C03550,2023-09-05,Organic Search,cust3550@example.com,US,Delhi
C03551,2024-10-27,Email,cust3551@example.com,IN,Bangalore
C03552,2023-09-02,Email,cust3552@example.com,US,London
C03553,2024-02-01,Paid Search,cust3553@example.com,US,Sydney
C03554,2023-01-16,Social Ads,cust3554@example.com,UK,Mumbai
C03555,2023-02-23,Paid Search,cust3555@example.com,US,Sydney
C03556,2023-04-28,Email,cust3556@example.com,US,London
C03557,2024-10-24,Paid Search,cust3557@example.com,IN,Sydney
C03558,2024-10-20,Email,cust3558@example.com,US,Toronto
C03559,2023-12-25,Email,,IN,Delhi
C03560,2023-01-22,Direct,cust3560@example.com,US,Toronto
C03561,2023-06-10,Organic Search,cust3561@example.com,CA,Sydney
C03562,2023-11-24,Influencer,cust3562@example.com,UK,Mumbai
C03563,2024-06-08,Email,cust3563@example.com,US,Pune
C03564,2024-06-10,Organic Search,cust3564@example.com,US,Toronto
C03565,2023-02-28,Direct,cust3565@example.com,IN,Delhi
C03566,2024-08-10,Influencer,cust3566@example.com,US,Pune
C03567,2023-08-10,Direct,cust3567@example.com,UK,London
C03568,2023-04-16,Organic Search,cust3568@example.com,IN,NYC
C03569,2024-08-19,Organic Search,cust3569@example.com,US,London
C03570,2024-03-01,Influencer,cust3570@example.com,US,Toronto
C03571,2023-12-03,Influencer,cust3571@example.com,US,Bangalore
C03572,2023-08-15,Social Ads,cust3572@example.com,IN,Delhi
C03573,2023-07-28,Paid Search,cust3573@example.com,IN,Sydney
C03574,2024-03-14,Social Ads,cust3574@example.com,UK,London
C03575,2023-02-03,Direct,cust3575@example.com,US,NYC
C03576,2024-09-22,Paid Search,cust3576@example.com,IN,Bangalore
C03577,2023-12-17,Email,cust3577@example.com,US,Pune
C03578,2024-11-27,Organic Search,cust3578@example.com,IN,Mumbai
C03579,2024-01-03,Direct,cust3579@example.com,UK,NYC
C03580,2024-07-18,Organic Search,cust3580@example.com,UK,Sydney
C03581,2024-04-22,Influencer,cust3581@example.com,AU,NYC
C03582,2024-05-23,Email,cust3582@example.com,US,NYC
C03583,2024-01-05,Direct,cust3583@example.com,US,Pune
C03584,2024-04-20,Email,cust3584@example.com,IN,Delhi
C03585,2024-03-30,Influencer,cust3585@example.com,IN,London
C03586,2023-03-14,Paid Search,cust3586@example.com,IN,Delhi
C03587,2023-11-01,Organic Search,cust3587@example.com,US,London
C03588,2024-02-26,Organic Search,cust3588@example.com,AU,Bangalore
C03589,2024-02-13,Organic Search,cust3589@example.com,UK,Toronto
C03590,2024-02-24,Paid Search,cust3590@example.com,IN,Pune
C03591,2024-09-23,Email,cust3591@example.com,AU,Bangalore
C03592,2023-12-09,Email,cust3592@example.com,IN,Delhi
C03593,2024-05-21,Organic Search,cust3593@example.com,US,London
C03594,2024-06-13,Email,cust3594@example.com,IN,London
C03595,2023-02-13,Email,cust3595@example.com,IN,NYC
C03596,2024-07-06,Influencer,cust3596@example.com,IN,Toronto
C03597,2024-02-16,Organic Search,cust3597@example.com,US,Sydney
C03598,2023-07-17,Direct,cust3598@example.com,AU,Mumbai
C03599,2023-04-02,Email,cust3599@example.com,IN,Pune
C03600,2024-06-02,Organic Search,cust3600@example.com,IN,Sydney
C03601,2024-03-19,Influencer,cust3601@example.com,US,London
C03602,2024-01-07,Social Ads,cust3602@example.com,US,Toronto
C03603,2024-10-30,Influencer,cust3603@example.com,US,Mumbai
C03604,2024-05-11,Paid Search,cust3604@example.com,IN,NYC
C03605,2023-07-07,Paid Search,cust3605@example.com,US,Delhi
C03606,2024-05-16,Organic Search,cust3606@example.com,IN,Sydney
C03607,2024-09-22,Organic Search,cust3607@example.com,US,Bangalore
C03608,2024-07-21,Organic Search,cust3608@example.com,US,Sydney
C03609,2023-12-19,Direct,cust3609@example.com,US,Delhi
C03610,2023-07-11,Paid Search,cust3610@example.com,AU,Sydney
C03611,2023-06-11,Email,cust3611@example.com,IN,London
C03612,2023-09-01,Email,cust3612@example.com,US,Sydney
C03613,2024-10-16,Direct,cust3613@example.com,IN,Sydney
C03614,2023-07-18,Social Ads,cust3614@example.com,US,Delhi
C03615,2023-02-13,Direct,cust3615@example.com,CA,Toronto
C03616,2024-09-24,Organic Search,cust3616@example.com,IN,London
C03617,2023-11-12,Paid Search,cust3617@example.com,AU,Toronto
C03618,2024-07-10,Direct,cust3618@example.com,AU,Pune
C03619,2024-10-09,Organic Search,cust3619@example.com,IN,Delhi
C03620,2023-08-28,Organic Search,cust3620@example.com,UK,Sydney
C03621,2023-04-27,Email,cust3621@example.com,IN,NYC
C03622,2024-03-13,Organic Search,cust3622@example.com,IN,Sydney
C03623,2023-12-02,Organic Search,cust3623@example.com,AU,Toronto
C03624,2024-02-25,Social Ads,cust3624@example.com,UK,Bangalore
C03625,2024-03-26,Social Ads,cust3625@example.com,US,Bangalore
C03626,2023-12-03,Email,cust3626@example.com,US,Bangalore
C03627,2024-06-20,Influencer,cust3627@example.com,AU,Bangalore
C03628,2024-05-05,Organic Search,cust3628@example.com,US,Delhi
C03629,2023-07-26,Direct,cust3629@example.com,CA,Delhi
C03630,2023-01-28,Direct,cust3630@example.com,IN,Delhi
C03631,2024-04-04,Direct,cust3631@example.com,CA,Mumbai
C03632,2024-03-13,Direct,cust3632@example.com,IN,NYC
C03633,2024-09-14,Social Ads,cust3633@example.com,US,Pune
C03634,2023-01-23,Organic Search,cust3634@example.com,US,Pune
C03635,2024-04-07,Influencer,cust3635@example.com,UK,Pune
C03636,2024-02-18,Paid Search,,IN,Bangalore
C03637,2023-11-03,Paid Search,cust3637@example.com,UK,Mumbai
C03638,2023-10-25,Organic Search,cust3638@example.com,US,London
C03639,2024-11-09,Paid Search,cust3639@example.com,UK,Bangalore
C03640,2023-09-29,Influencer,cust3640@example.com,IN,London
C03641,2024-07-06,Paid Search,cust3641@example.com,UK,NYC
C03642,2023-05-06,Email,cust3642@example.com,IN,Bangalore
C03643,2024-08-16,Email,cust3643@example.com,IN,Toronto
C03644,2024-05-17,Direct,cust3644@example.com,IN,London
C03645,2023-05-31,Influencer,cust3645@example.com,US,Mumbai
C03646,2023-03-05,Paid Search,cust3646@example.com,US,Toronto
C03647,2023-03-05,Organic Search,cust3647@example.com,US,Pune
C03648,2024-02-01,Organic Search,cust3648@example.com,US,NYC
C03649,2023-06-06,Influencer,cust3649@example.com,IN,Delhi
C03650,2023-01-08,Email,cust3650@example.com,IN,London
C03651,2024-08-18,Paid Search,cust3651@example.com,US,Mumbai
C03652,2024-08-08,Influencer,cust3652@example.com,AU,Delhi
C03653,2024-06-01,Social Ads,cust3653@example.com,US,NYC
C03654,2024-03-09,Influencer,cust3654@example.com,US,Bangalore
C03655,2023-06-29,Email,cust3655@example.com,IN,Toronto
C03656,2023-10-24,Paid Search,cust3656@example.com,UK,Toronto
C03657,2024-06-06,Organic Search,cust3657@example.com,IN,Mumbai
C03658,2023-01-28,Organic Search,cust3658@example.com,IN,Sydney
C03659,2024-06-11,Influencer,cust3659@example.com,UK,London
C03660,2023-09-05,Organic Search,cust3660@example.com,IN,Delhi
C03661,2024-03-31,Paid Search,cust3661@example.com,IN,Sydney
C03662,2023-01-02,Organic Search,cust3662@example.com,IN,Bangalore
C03663,2024-07-14,Email,cust3663@example.com,IN,Delhi
C03664,2023-08-20,Email,cust3664@example.com,IN,London
C03665,2024-03-07,Organic Search,cust3665@example.com,CA,London
C03666,2023-02-05,Paid Search,cust3666@example.com,AU,London
C03667,2024-11-01,Email,cust3667@example.com,AU,Toronto
C03668,2023-07-24,Paid Search,cust3668@example.com,IN,London
C03669,2023-12-21,Email,cust3669@example.com,US,Sydney
C03670,2023-09-14,Organic Search,cust3670@example.com,UK,London
C03671,2023-07-26,Email,cust3671@example.com,US,London
C03672,2024-03-15,Organic Search,cust3672@example.com,US,Delhi
C03673,2024-08-05,Paid Search,cust3673@example.com,IN,Sydney
C03674,2023-10-01,Paid Search,cust3674@example.com,UK,Delhi
C03675,2023-08-07,Direct,cust3675@example.com,CA,Pune
C03676,2024-04-21,Organic Search,,CA,Delhi
C03677,2023-10-14,Social Ads,,IN,Toronto
C03678,2023-02-18,Organic Search,cust3678@example.com,IN,Sydney
C03679,2023-10-11,Organic Search,cust3679@example.com,IN,Sydney
C03680,2024-09-12,Organic Search,cust3680@example.com,US,Bangalore
C03681,2023-03-10,Email,cust3681@example.com,US,Bangalore
C03682,2023-11-11,Organic Search,cust3682@example.com,IN,Sydney
C03683,2023-02-26,Influencer,cust3683@example.com,IN,Bangalore
C03684,2023-11-07,Organic Search,cust3684@example.com,IN,London
C03685,2024-10-08,Email,cust3685@example.com,IN,Sydney
C03686,2024-10-26,Email,cust3686@example.com,IN,Toronto
C03687,2024-03-04,Influencer,cust3687@example.com,UK,Delhi
C03688,2023-04-28,Organic Search,cust3688@example.com,US,Pune
C03689,2023-02-25,Email,cust3689@example.com,IN,Pune
C03690,2024-06-02,Paid Search,cust3690@example.com,US,Mumbai
C03691,2024-11-06,Organic Search,cust3691@example.com,IN,Sydney
C03692,2023-12-21,Influencer,cust3692@example.com,IN,Pune
C03693,2024-07-20,Direct,cust3693@example.com,IN,Bangalore
C03694,2024-04-01,Influencer,cust3694@example.com,US,Sydney
C03695,2024-01-21,Paid Search,cust3695@example.com,US,Delhi
C03696,2024-08-13,Email,cust3696@example.com,IN,Toronto
C03697,2023-12-28,Influencer,cust3697@example.com,IN,Mumbai
C03698,2023-11-02,Organic Search,cust3698@example.com,IN,Bangalore
C03699,2023-12-18,Email,cust3699@example.com,UK,London
C03700,2023-07-28,Email,cust3700@example.com,US,Bangalore
C03701,2024-01-28,Email,cust3701@example.com,UK,Mumbai
C03702,2023-03-31,Paid Search,cust3702@example.com,IN,Pune
C03703,2023-03-04,Direct,cust3703@example.com,IN,Toronto
C03704,2023-09-04,Direct,cust3704@example.com,UK,London
C03705,2024-06-28,Email,cust3705@example.com,UK,Mumbai
C03706,2024-02-14,Organic Search,cust3706@example.com,IN,NYC
C03707,2023-01-03,Email,cust3707@example.com,US,Toronto
C03708,2024-10-23,Influencer,cust3708@example.com,IN,Toronto
C03709,2024-05-28,Email,cust3709@example.com,CA,Bangalore
C03710,2023-07-04,Influencer,cust3710@example.com,IN,Mumbai
C03711,2023-01-10,Influencer,cust3711@example.com,UK,Mumbai
C03712,2024-04-26,Email,cust3712@example.com,IN,Delhi
C03713,2024-03-19,Organic Search,cust3713@example.com,UK,NYC
C03714,2023-11-12,Email,cust3714@example.com,AU,NYC
C03715,2023-06-09,Direct,cust3715@example.com,US,NYC
C03716,2023-12-07,Paid Search,cust3716@example.com,IN,NYC
C03717,2024-05-23,Social Ads,cust3717@example.com,IN,Bangalore
C03718,2023-09-16,Direct,cust3718@example.com,AU,Pune
C03719,2024-07-24,Paid Search,cust3719@example.com,CA,Toronto
C03720,2023-04-09,Paid Search,cust3720@example.com,US,Pune
C03721,2023-09-03,Direct,cust3721@example.com,US,Toronto
C03722,2024-05-19,Paid Search,cust3722@example.com,IN,Bangalore
C03723,2024-07-02,Paid Search,cust3723@example.com,IN,Delhi
C03724,2023-03-19,Organic Search,cust3724@example.com,CA,Pune
C03725,2023-02-16,Direct,cust3725@example.com,US,NYC
C03726,2023-04-12,Direct,cust3726@example.com,US,Toronto
C03727,2023-09-02,Organic Search,cust3727@example.com,IN,London
C03728,2023-09-29,Paid Search,cust3728@example.com,IN,Bangalore
C03729,2024-10-07,Organic Search,cust3729@example.com,CA,Mumbai
C03730,2023-08-11,Email,cust3730@example.com,UK,NYC
C03731,2023-07-15,Social Ads,cust3731@example.com,US,London
C03732,2024-11-21,Paid Search,cust3732@example.com,UK,Toronto
C03733,2023-11-04,Social Ads,cust3733@example.com,US,Pune
C03734,2023-12-02,Email,cust3734@example.com,UK,Toronto
C03735,2023-12-25,Paid Search,cust3735@example.com,CA,NYC
C03736,2024-01-06,Paid Search,cust3736@example.com,US,Mumbai
C03737,2024-10-24,Paid Search,cust3737@example.com,IN,Bangalore
C03738,2023-12-18,Paid Search,cust3738@example.com,IN,Delhi
C03739,2024-03-02,Paid Search,,CA,Sydney
C03740,2023-05-24,Organic Search,cust3740@example.com,AU,Delhi
C03741,2023-08-28,Organic Search,cust3741@example.com,AU,Bangalore
C03742,2023-08-21,Influencer,cust3742@example.com,AU,London
C03743,2023-04-15,Direct,cust3743@example.com,US,London
C03744,2024-07-20,Organic Search,cust3744@example.com,IN,Toronto
C03745,2024-10-07,Organic Search,cust3745@example.com,US,Sydney
C03746,2024-02-15,Influencer,cust3746@example.com,UK,Mumbai
C03747,2023-07-11,Social Ads,cust3747@example.com,US,London
C03748,2024-02-12,Email,cust3748@example.com,IN,Pune
C03749,2023-04-09,Paid Search,cust3749@example.com,US,London
C03750,2024-03-03,Paid Search,cust3750@example.com,IN,Mumbai
C03751,2023-12-01,Email,cust3751@example.com,IN,Pune
C03752,2024-05-01,Direct,cust3752@example.com,UK,Delhi
C03753,2024-09-10,Email,cust3753@example.com,IN,Mumbai
C03754,2024-03-19,Influencer,cust3754@example.com,US,Sydney
C03755,2024-08-18,Social Ads,cust3755@example.com,US,NYC
C03756,2023-04-02,Email,cust3756@example.com,US,Bangalore
C03757,2024-07-08,Email,cust3757@example.com,US,Sydney
C03758,2024-04-18,Email,cust3758@example.com,US,NYC
C03759,2023-06-26,Paid Search,cust3759@example.com,US,Delhi
C03760,2024-01-05,Influencer,cust3760@example.com,CA,Delhi
C03761,2024-05-25,Email,cust3761@example.com,AU,Sydney
C03762,2024-04-21,Social Ads,cust3762@example.com,IN,Mumbai
C03763,2023-03-18,Email,cust3763@example.com,IN,Pune
C03764,2024-05-24,Social Ads,cust3764@example.com,IN,Pune
C03765,2023-03-15,Influencer,cust3765@example.com,IN,Bangalore
C03766,2023-04-25,Social Ads,cust3766@example.com,AU,Mumbai
C03767,2024-07-10,Organic Search,cust3767@example.com,UK,Bangalore
C03768,2023-01-21,Paid Search,cust3768@example.com,UK,Pune
C03769,2023-08-18,Influencer,cust3769@example.com,US,Pune
C03770,2023-06-21,Influencer,cust3770@example.com,CA,Delhi
C03771,2023-11-08,Organic Search,cust3771@example.com,UK,NYC
C03772,2023-01-13,Email,cust3772@example.com,IN,Delhi
C03773,2024-10-27,Organic Search,cust3773@example.com,US,Pune
C03774,2024-10-11,Organic Search,cust3774@example.com,UK,Bangalore
C03775,2024-01-24,Influencer,cust3775@example.com,UK,London
C03776,2024-02-29,Paid Search,cust3776@example.com,IN,Delhi
C03777,2023-01-12,Organic Search,cust3777@example.com,AU,London
C03778,2024-02-07,Organic Search,cust3778@example.com,IN,Pune
C03779,2024-08-21,Organic Search,cust3779@example.com,IN,Sydney
C03780,2024-07-17,Paid Search,cust3780@example.com,IN,Mumbai
C03781,2023-05-15,Influencer,cust3781@example.com,CA,Bangalore
C03782,2023-01-31,Organic Search,cust3782@example.com,IN,Mumbai
C03783,2024-11-24,Influencer,cust3783@example.com,US,Mumbai
C03784,2023-04-17,Direct,cust3784@example.com,US,Mumbai
C03785,2024-05-13,Organic Search,cust3785@example.com,US,London
C03786,2024-09-01,Organic Search,cust3786@example.com,CA,Mumbai
C03787,2024-06-25,Influencer,cust3787@example.com,US,Bangalore
C03788,2024-10-27,Influencer,cust3788@example.com,IN,NYC
C03789,2023-07-17,Paid Search,cust3789@example.com,IN,Bangalore
C03790,2024-02-02,Social Ads,cust3790@example.com,US,Toronto
C03791,2024-09-04,Direct,cust3791@example.com,IN,Sydney
C03792,2024-10-21,Paid Search,cust3792@example.com,US,NYC
C03793,2024-09-07,Organic Search,cust3793@example.com,UK,Mumbai
C03794,2024-08-09,Email,cust3794@example.com,IN,NYC
C03795,2023-08-17,Organic Search,cust3795@example.com,CA,Mumbai
C03796,2024-07-08,Paid Search,cust3796@example.com,IN,NYC
C03797,2023-04-26,Organic Search,cust3797@example.com,US,Mumbai
C03798,2023-10-16,Organic Search,cust3798@example.com,IN,NYC
C03799,2023-10-30,Influencer,cust3799@example.com,IN,Toronto
C03800,2024-03-16,Direct,cust3800@example.com,IN,Delhi
C03801,2023-09-06,Organic Search,cust3801@example.com,IN,Toronto
C03802,2023-07-09,Email,cust3802@example.com,AU,London
C03803,2023-10-18,Organic Search,cust3803@example.com,UK,London
C03804,2024-03-14,Organic Search,cust3804@example.com,UK,Delhi
C03805,2023-09-02,Email,cust3805@example.com,IN,London
C03806,2024-10-28,Organic Search,cust3806@example.com,IN,NYC
C03807,2024-08-03,Paid Search,cust3807@example.com,CA,Sydney
C03808,2024-07-19,Paid Search,cust3808@example.com,IN,Mumbai
C03809,2023-02-24,Email,cust3809@example.com,IN,NYC
C03810,2024-07-31,Influencer,cust3810@example.com,IN,Mumbai
C03811,2023-07-14,Direct,cust3811@example.com,IN,London
C03812,2023-03-31,Organic Search,cust3812@example.com,US,Delhi
C03813,2023-08-11,Direct,cust3813@example.com,CA,London
C03814,2023-03-28,Email,cust3814@example.com,US,London
C03815,2024-05-09,Paid Search,cust3815@example.com,AU,Toronto
C03816,2024-07-23,Social Ads,cust3816@example.com,IN,NYC
C03817,2023-11-27,Email,cust3817@example.com,IN,Mumbai
C03818,2023-12-26,Influencer,cust3818@example.com,IN,Mumbai
C03819,2024-05-14,Organic Search,cust3819@example.com,IN,NYC
C03820,2023-09-21,Influencer,cust3820@example.com,IN,London
C03821,2023-10-28,Organic Search,cust3821@example.com,IN,Sydney
C03822,2023-05-25,Email,cust3822@example.com,US,London
C03823,2023-08-27,Social Ads,cust3823@example.com,US,Bangalore
C03824,2024-03-14,Direct,cust3824@example.com,IN,Pune
C03825,2024-03-05,Email,cust3825@example.com,CA,London
C03826,2023-04-22,Email,cust3826@example.com,CA,Sydney
C03827,2023-04-27,Paid Search,cust3827@example.com,UK,Bangalore
C03828,2024-09-12,Email,cust3828@example.com,IN,Bangalore
C03829,2023-02-01,Social Ads,cust3829@example.com,IN,London
C03830,2023-02-08,Organic Search,cust3830@example.com,IN,Delhi
C03831,2023-10-21,Paid Search,cust3831@example.com,US,Mumbai
C03832,2023-03-25,Organic Search,cust3832@example.com,CA,Delhi
C03833,2024-06-30,Direct,cust3833@example.com,US,Toronto
C03834,2024-01-07,Social Ads,cust3834@example.com,CA,NYC
C03835,2024-09-02,Email,cust3835@example.com,IN,Bangalore
C03836,2024-05-16,Direct,cust3836@example.com,IN,NYC
C03837,2023-10-04,Paid Search,cust3837@example.com,US,NYC
C03838,2024-10-16,Paid Search,cust3838@example.com,IN,Bangalore
C03839,2023-05-28,Paid Search,cust3839@example.com,IN,Delhi
C03840,2023-03-22,Organic Search,cust3840@example.com,UK,Delhi
C03841,2023-09-15,Direct,cust3841@example.com,IN,Sydney
C03842,2023-12-09,Organic Search,cust3842@example.com,IN,Pune
C03843,2023-04-01,Direct,cust3843@example.com,US,Sydney
C03844,2024-05-12,Influencer,cust3844@example.com,US,Pune
C03845,2024-03-08,Email,cust3845@example.com,IN,Mumbai
C03846,2024-07-17,Social Ads,cust3846@example.com,CA,NYC
C03847,2024-01-08,Organic Search,cust3847@example.com,AU,Mumbai
C03848,2023-08-13,Social Ads,cust3848@example.com,IN,Pune
C03849,2023-06-21,Organic Search,cust3849@example.com,IN,Bangalore
C03850,2023-11-25,Organic Search,cust3850@example.com,CA,Bangalore
C03851,2023-04-14,Organic Search,cust3851@example.com,IN,Sydney
C03852,2023-09-14,Email,cust3852@example.com,US,Delhi
C03853,2023-11-04,Direct,cust3853@example.com,IN,Sydney
C03854,2023-04-05,Email,cust3854@example.com,IN,Toronto
C03855,2024-08-19,Influencer,cust3855@example.com,IN,Toronto
C03856,2023-09-15,Influencer,cust3856@example.com,US,Sydney
C03857,2024-06-16,Influencer,cust3857@example.com,AU,Toronto
C03858,2023-12-24,Organic Search,cust3858@example.com,CA,Mumbai
C03859,2023-07-10,Paid Search,cust3859@example.com,US,London
C03860,2023-12-13,Email,cust3860@example.com,US,Toronto
C03861,2023-05-26,Direct,cust3861@example.com,AU,London
C03862,2024-09-19,Paid Search,cust3862@example.com,IN,Pune
C03863,2024-10-31,Influencer,cust3863@example.com,US,Pune
C03864,2024-02-10,Influencer,cust3864@example.com,US,Toronto
C03865,2024-05-05,Paid Search,cust3865@example.com,CA,London
C03866,2024-08-24,Email,cust3866@example.com,IN,Toronto
C03867,2024-09-09,Paid Search,cust3867@example.com,AU,Toronto
C03868,2023-03-01,Paid Search,cust3868@example.com,UK,Sydney
C03869,2023-04-14,Direct,cust3869@example.com,UK,Sydney
C03870,2024-06-05,Organic Search,cust3870@example.com,US,Sydney
C03871,2023-11-07,Organic Search,cust3871@example.com,AU,Toronto
C03872,2024-10-06,Influencer,cust3872@example.com,UK,Sydney
C03873,2024-03-30,Social Ads,cust3873@example.com,CA,Bangalore
C03874,2024-05-16,Social Ads,cust3874@example.com,IN,Delhi
C03875,2023-09-24,Organic Search,cust3875@example.com,IN,Bangalore
C03876,2023-12-16,Social Ads,cust3876@example.com,IN,Toronto
C03877,2023-09-29,Organic Search,cust3877@example.com,IN,Toronto
C03878,2024-11-17,Paid Search,cust3878@example.com,CA,Mumbai
C03879,2024-01-09,Organic Search,cust3879@example.com,IN,Mumbai
C03880,2023-12-11,Organic Search,cust3880@example.com,US,NYC
C03881,2023-09-23,Email,cust3881@example.com,IN,Delhi
C03882,2023-05-16,Organic Search,cust3882@example.com,IN,London
C03883,2023-12-30,Organic Search,cust3883@example.com,IN,London
C03884,2024-08-23,Direct,cust3884@example.com,US,NYC
C03885,2024-06-18,Email,cust3885@example.com,IN,Mumbai
C03886,2023-05-17,Email,cust3886@example.com,US,Mumbai
C03887,2023-10-30,Paid Search,cust3887@example.com,IN,Sydney
C03888,2023-01-30,Organic Search,cust3888@example.com,CA,Delhi
C03889,2023-08-28,Paid Search,cust3889@example.com,IN,Mumbai
C03890,2024-03-10,Email,cust3890@example.com,IN,London
C03891,2024-04-07,Influencer,cust3891@example.com,IN,Toronto
C03892,2023-05-18,Social Ads,cust3892@example.com,IN,Delhi
C03893,2023-08-10,Direct,cust3893@example.com,UK,London
C03894,2023-01-29,Influencer,cust3894@example.com,CA,NYC
C03895,2024-02-03,Organic Search,cust3895@example.com,US,Mumbai
C03896,2023-10-30,Influencer,cust3896@example.com,IN,Pune
C03897,2023-07-13,Paid Search,cust3897@example.com,IN,Pune
C03898,2024-10-05,Organic Search,cust3898@example.com,CA,Delhi
C03899,2023-03-21,Organic Search,cust3899@example.com,IN,Sydney
C03900,2023-03-31,Email,cust3900@example.com,UK,Sydney
C03901,2024-02-07,Email,cust3901@example.com,UK,Bangalore
C03902,2024-11-10,Organic Search,cust3902@example.com,US,London
C03903,2024-07-27,Organic Search,cust3903@example.com,US,Bangalore
C03904,2023-05-17,Paid Search,cust3904@example.com,US,Bangalore
C03905,2023-02-07,Email,cust3905@example.com,IN,Mumbai
C03906,2023-06-09,Organic Search,cust3906@example.com,IN,Delhi
C03907,2024-04-14,Direct,cust3907@example.com,IN,Delhi
C03908,2024-04-21,Paid Search,cust3908@example.com,IN,NYC
C03909,2023-05-15,Email,cust3909@example.com,IN,Bangalore
C03910,2023-07-04,Organic Search,,AU,Pune
C03911,2023-08-09,Email,cust3911@example.com,IN,London
C03912,2024-10-10,Direct,cust3912@example.com,IN,Bangalore
C03913,2023-03-25,Organic Search,cust3913@example.com,IN,Mumbai
C03914,2024-08-02,Paid Search,cust3914@example.com,AU,Pune
C03915,2023-08-03,Direct,cust3915@example.com,IN,Mumbai
C03916,2023-10-25,Organic Search,cust3916@example.com,IN,Toronto
C03917,2024-04-05,Email,cust3917@example.com,US,NYC
C03918,2023-05-01,Email,cust3918@example.com,IN,Delhi
C03919,2024-04-15,Organic Search,cust3919@example.com,IN,Sydney
C03920,2024-10-27,Organic Search,cust3920@example.com,IN,Pune
C03921,2024-08-22,Email,cust3921@example.com,CA,London
C03922,2023-06-05,Organic Search,cust3922@example.com,IN,Toronto
C03923,2023-11-19,Direct,cust3923@example.com,IN,Bangalore
C03924,2023-01-10,Email,cust3924@example.com,UK,Bangalore
C03925,2023-04-30,Direct,cust3925@example.com,US,Pune
C03926,2024-09-13,Email,cust3926@example.com,IN,Pune
C03927,2024-08-24,Email,cust3927@example.com,CA,Toronto
C03928,2023-10-04,Influencer,cust3928@example.com,IN,NYC
C03929,2023-06-16,Influencer,cust3929@example.com,IN,Mumbai
C03930,2024-05-30,Direct,cust3930@example.com,IN,Bangalore
C03931,2024-04-20,Direct,cust3931@example.com,IN,Toronto
C03932,2023-10-13,Social Ads,cust3932@example.com,CA,Pune
C03933,2023-09-26,Email,cust3933@example.com,US,Sydney
C03934,2023-08-29,Social Ads,cust3934@example.com,IN,NYC
C03935,2024-06-29,Social Ads,cust3935@example.com,IN,Pune
C03936,2023-02-11,Paid Search,cust3936@example.com,US,Bangalore
C03937,2023-04-12,Email,cust3937@example.com,IN,NYC
C03938,2024-04-14,Email,cust3938@example.com,US,Mumbai
C03939,2023-04-29,Social Ads,cust3939@example.com,IN,Mumbai
C03940,2023-02-11,Email,cust3940@example.com,IN,Bangalore
C03941,2023-05-25,Social Ads,cust3941@example.com,US,Sydney
C03942,2023-12-29,Organic Search,cust3942@example.com,IN,Delhi
C03943,2024-01-10,Paid Search,cust3943@example.com,US,NYC
C03944,2023-07-13,Email,cust3944@example.com,CA,NYC
C03945,2023-06-06,Email,cust3945@example.com,US,Mumbai
C03946,2023-08-05,Influencer,cust3946@example.com,IN,Bangalore
C03947,2024-02-05,Social Ads,cust3947@example.com,IN,Bangalore
C03948,2024-03-30,Paid Search,cust3948@example.com,IN,Sydney
C03949,2023-12-09,Social Ads,cust3949@example.com,CA,Toronto
C03950,2024-06-19,Organic Search,cust3950@example.com,IN,Toronto
C03951,2024-11-04,Email,cust3951@example.com,US,Toronto
C03952,2023-06-23,Social Ads,cust3952@example.com,IN,Bangalore
C03953,2023-09-20,Organic Search,cust3953@example.com,UK,Sydney
C03954,2024-01-13,Email,cust3954@example.com,IN,Mumbai
C03955,2024-02-29,Email,cust3955@example.com,IN,Sydney
C03956,2023-05-09,Influencer,cust3956@example.com,IN,Sydney
C03957,2023-08-19,Paid Search,cust3957@example.com,IN,London
C03958,2023-01-20,Email,cust3958@example.com,UK,NYC
C03959,2023-05-10,Organic Search,cust3959@example.com,US,Pune
C03960,2024-04-30,Direct,cust3960@example.com,CA,Delhi
C03961,2023-09-19,Direct,cust3961@example.com,IN,Mumbai
C03962,2023-04-06,Direct,cust3962@example.com,US,Mumbai
C03963,2023-10-31,Social Ads,cust3963@example.com,US,Toronto
C03964,2024-03-15,Email,cust3964@example.com,UK,NYC
C03965,2024-09-09,Influencer,cust3965@example.com,US,Pune
C03966,2023-07-29,Organic Search,cust3966@example.com,US,NYC
C03967,2023-04-14,Email,cust3967@example.com,US,Sydney
C03968,2023-02-15,Paid Search,cust3968@example.com,CA,Toronto
C03969,2024-04-21,Paid Search,cust3969@example.com,IN,Mumbai
C03970,2023-05-31,Paid Search,cust3970@example.com,IN,Mumbai
C03971,2023-10-15,Email,cust3971@example.com,CA,Delhi
C03972,2024-07-17,Paid Search,cust3972@example.com,IN,Toronto
C03973,2023-06-12,Paid Search,cust3973@example.com,IN,Bangalore
C03974,2024-02-21,Direct,cust3974@example.com,US,NYC
C03975,2023-05-14,Email,cust3975@example.com,IN,London
C03976,2023-04-12,Paid Search,cust3976@example.com,IN,London
C03977,2023-04-23,Direct,cust3977@example.com,UK,Toronto
C03978,2024-09-24,Organic Search,cust3978@example.com,UK,Bangalore
C03979,2024-04-19,Email,cust3979@example.com,AU,Sydney
C03980,2023-05-14,Organic Search,cust3980@example.com,IN,London
C03981,2023-09-11,Social Ads,cust3981@example.com,US,Sydney
C03982,2023-06-21,Social Ads,cust3982@example.com,UK,Bangalore
C03983,2023-09-19,Organic Search,cust3983@example.com,UK,Toronto
C03984,2023-10-08,Direct,cust3984@example.com,AU,London
C03985,2023-04-06,Influencer,cust3985@example.com,UK,Mumbai
C03986,2024-02-16,Influencer,cust3986@example.com,US,Delhi
C03987,2024-05-05,Organic Search,cust3987@example.com,UK,Pune
C03988,2023-07-07,Paid Search,cust3988@example.com,IN,NYC
C03989,2023-04-21,Organic Search,cust3989@example.com,UK,Delhi
C03990,2023-08-16,Organic Search,cust3990@example.com,UK,Bangalore
C03991,2023-07-15,Paid Search,cust3991@example.com,IN,Bangalore
C03992,2023-09-29,Email,cust3992@example.com,IN,Sydney
C03993,2024-10-13,Email,cust3993@example.com,IN,Sydney
C03994,2023-07-13,Paid Search,cust3994@example.com,UK,Bangalore
C03995,2024-10-01,Paid Search,cust3995@example.com,US,NYC
C03996,2023-02-01,Email,cust3996@example.com,IN,Mumbai
C03997,2023-03-19,Organic Search,cust3997@example.com,UK,Sydney
C03998,2024-08-17,Paid Search,cust3998@example.com,IN,Delhi
C03999,2024-01-21,Email,cust3999@example.com,AU,London
C04000,2023-12-25,Organic Search,cust4000@example.com,IN,Pune
C04001,2024-08-04,Email,cust4001@example.com,US,Sydney
C04002,2024-07-24,Direct,cust4002@example.com,UK,Delhi
C04003,2024-06-27,Direct,cust4003@example.com,AU,NYC
C04004,2023-10-11,Organic Search,cust4004@example.com,AU,Pune
C04005,2023-10-09,Email,cust4005@example.com,US,Toronto
C04006,2024-02-05,Organic Search,cust4006@example.com,AU,Mumbai
C04007,2024-11-24,Email,cust4007@example.com,IN,London
C04008,2023-03-26,Direct,cust4008@example.com,AU,NYC
C04009,2023-05-04,Influencer,cust4009@example.com,IN,NYC
C04010,2024-06-21,Social Ads,cust4010@example.com,IN,Sydney
C04011,2023-09-07,Email,cust4011@example.com,US,NYC
C04012,2024-08-19,Direct,cust4012@example.com,IN,Sydney
C04013,2023-07-01,Influencer,cust4013@example.com,AU,London
C04014,2024-08-19,Email,cust4014@example.com,UK,Bangalore
C04015,2024-07-25,Social Ads,cust4015@example.com,AU,Pune
C04016,2023-02-09,Paid Search,cust4016@example.com,CA,Bangalore
C04017,2024-01-10,Organic Search,cust4017@example.com,CA,Sydney
C04018,2023-11-07,Direct,cust4018@example.com,US,Pune
C04019,2023-07-21,Organic Search,cust4019@example.com,IN,London
C04020,2023-01-02,Social Ads,cust4020@example.com,IN,Mumbai
C04021,2023-12-17,Direct,cust4021@example.com,IN,Sydney
C04022,2024-06-28,Email,cust4022@example.com,CA,Mumbai
C04023,2024-11-27,Organic Search,cust4023@example.com,IN,NYC
C04024,2024-04-22,Email,cust4024@example.com,IN,Pune
C04025,2023-07-26,Organic Search,cust4025@example.com,IN,Pune
C04026,2024-06-24,Organic Search,cust4026@example.com,US,NYC
C04027,2023-06-19,Paid Search,cust4027@example.com,AU,NYC
C04028,2023-05-10,Influencer,cust4028@example.com,IN,Mumbai
C04029,2024-02-21,Direct,cust4029@example.com,US,London
C04030,2023-02-27,Direct,cust4030@example.com,AU,Bangalore
C04031,2024-07-29,Email,cust4031@example.com,IN,Sydney
C04032,2023-03-28,Paid Search,cust4032@example.com,UK,Bangalore
C04033,2024-11-23,Paid Search,cust4033@example.com,UK,Mumbai
C04034,2024-01-16,Organic Search,cust4034@example.com,IN,Pune
C04035,2024-09-15,Direct,cust4035@example.com,US,Pune
C04036,2023-02-08,Organic Search,cust4036@example.com,AU,Bangalore
C04037,2024-11-21,Paid Search,cust4037@example.com,UK,Pune
C04038,2023-12-08,Email,cust4038@example.com,AU,London
C04039,2023-03-01,Paid Search,cust4039@example.com,IN,Pune
C04040,2023-04-09,Social Ads,cust4040@example.com,US,Bangalore
C04041,2024-04-19,Email,cust4041@example.com,AU,Sydney
C04042,2023-02-16,Email,cust4042@example.com,UK,NYC
C04043,2024-09-08,Email,cust4043@example.com,IN,London
C04044,2023-01-12,Organic Search,cust4044@example.com,UK,London
C04045,2024-09-09,Email,cust4045@example.com,AU,Delhi
C04046,2024-01-28,Social Ads,cust4046@example.com,IN,Toronto
C04047,2023-02-10,Organic Search,cust4047@example.com,IN,Delhi
C04048,2023-01-24,Influencer,cust4048@example.com,CA,NYC
C04049,2023-07-12,Email,cust4049@example.com,IN,Toronto
C04050,2023-07-30,Email,cust4050@example.com,IN,Toronto
C04051,2023-11-03,Organic Search,cust4051@example.com,US,Bangalore
C04052,2023-12-09,Paid Search,cust4052@example.com,US,Pune
C04053,2023-07-28,Organic Search,,IN,London
C04054,2023-09-05,Organic Search,cust4054@example.com,IN,NYC
C04055,2024-05-29,Social Ads,cust4055@example.com,IN,Sydney
C04056,2024-09-02,Email,cust4056@example.com,IN,Sydney
C04057,2024-03-27,Email,cust4057@example.com,US,Bangalore
C04058,2023-12-10,Direct,cust4058@example.com,IN,Pune
C04059,2023-11-04,Direct,cust4059@example.com,US,NYC
C04060,2023-10-29,Influencer,cust4060@example.com,UK,London
C04061,2024-04-30,Email,cust4061@example.com,UK,Toronto
C04062,2023-03-02,Paid Search,cust4062@example.com,US,Mumbai
C04063,2023-02-02,Paid Search,cust4063@example.com,UK,Sydney
C04064,2023-04-07,Direct,cust4064@example.com,IN,NYC
C04065,2023-12-16,Influencer,cust4065@example.com,UK,London
C04066,2024-06-17,Direct,cust4066@example.com,CA,London
C04067,2023-03-08,Paid Search,cust4067@example.com,IN,Delhi
C04068,2023-05-20,Influencer,cust4068@example.com,IN,Pune
C04069,2024-11-10,Organic Search,cust4069@example.com,US,London
C04070,2023-12-30,Organic Search,cust4070@example.com,IN,Pune
C04071,2024-08-18,Influencer,cust4071@example.com,US,Toronto
C04072,2023-08-09,Organic Search,cust4072@example.com,IN,Bangalore
C04073,2024-01-11,Email,cust4073@example.com,IN,Sydney
C04074,2024-04-07,Paid Search,cust4074@example.com,IN,Toronto
C04075,2024-05-14,Paid Search,,AU,Bangalore
C04076,2023-09-03,Paid Search,cust4076@example.com,IN,NYC
C04077,2024-08-25,Organic Search,cust4077@example.com,IN,Mumbai
C04078,2023-03-01,Organic Search,cust4078@example.com,UK,NYC
C04079,2023-02-11,Organic Search,cust4079@example.com,IN,Delhi
C04080,2023-10-01,Email,cust4080@example.com,IN,Delhi
C04081,2024-06-16,Paid Search,cust4081@example.com,US,Sydney
C04082,2023-02-21,Direct,cust4082@example.com,US,Bangalore
C04083,2023-02-24,Organic Search,cust4083@example.com,IN,Toronto
C04084,2023-12-02,Organic Search,cust4084@example.com,UK,Bangalore
C04085,2024-02-14,Social Ads,cust4085@example.com,US,NYC
C04086,2023-12-22,Email,cust4086@example.com,US,Sydney
C04087,2024-01-24,Social Ads,cust4087@example.com,IN,Sydney
C04088,2023-02-04,Influencer,cust4088@example.com,IN,Toronto
C04089,2024-05-10,Paid Search,cust4089@example.com,US,Sydney
C04090,2024-03-01,Social Ads,cust4090@example.com,CA,NYC
C04091,2023-08-11,Organic Search,,CA,Pune
C04092,2024-11-17,Organic Search,cust4092@example.com,UK,Delhi
C04093,2023-03-24,Social Ads,cust4093@example.com,AU,Sydney
C04094,2023-12-20,Organic Search,cust4094@example.com,US,Mumbai
C04095,2023-05-13,Paid Search,cust4095@example.com,IN,Pune
C04096,2024-04-22,Organic Search,cust4096@example.com,US,Sydney
C04097,2024-10-18,Organic Search,cust4097@example.com,AU,Delhi
C04098,2023-04-26,Social Ads,cust4098@example.com,IN,NYC
C04099,2024-03-20,Organic Search,cust4099@example.com,UK,Sydney
C04100,2023-04-29,Organic Search,cust4100@example.com,IN,Toronto
C04101,2024-02-08,Paid Search,cust4101@example.com,US,Sydney
C04102,2023-08-19,Paid Search,cust4102@example.com,IN,Mumbai
C04103,2023-08-28,Email,cust4103@example.com,IN,London
C04104,2023-06-11,Organic Search,cust4104@example.com,UK,Delhi
C04105,2024-01-13,Paid Search,cust4105@example.com,US,NYC
C04106,2024-06-06,Email,cust4106@example.com,IN,Toronto
C04107,2023-01-23,Organic Search,cust4107@example.com,AU,NYC
C04108,2024-09-19,Organic Search,cust4108@example.com,US,Delhi
C04109,2023-06-18,Influencer,cust4109@example.com,US,Delhi
C04110,2023-12-28,Email,cust4110@example.com,IN,NYC
C04111,2024-09-10,Social Ads,cust4111@example.com,US,London
C04112,2023-01-08,Social Ads,cust4112@example.com,CA,NYC
C04113,2023-05-02,Social Ads,cust4113@example.com,UK,Sydney
C04114,2024-01-04,Influencer,cust4114@example.com,IN,Delhi
C04115,2023-05-19,Organic Search,cust4115@example.com,US,London
C04116,2024-02-21,Organic Search,cust4116@example.com,IN,Mumbai
C04117,2023-01-16,Paid Search,cust4117@example.com,UK,London
C04118,2024-07-08,Influencer,cust4118@example.com,UK,Delhi
C04119,2023-09-17,Email,cust4119@example.com,UK,Toronto
C04120,2023-11-23,Direct,cust4120@example.com,IN,Bangalore
C04121,2024-10-05,Direct,cust4121@example.com,US,London
C04122,2023-11-12,Email,cust4122@example.com,UK,Sydney
C04123,2023-07-09,Influencer,cust4123@example.com,IN,Delhi
C04124,2024-11-02,Email,cust4124@example.com,UK,NYC
C04125,2024-08-28,Organic Search,cust4125@example.com,UK,NYC
C04126,2024-01-04,Organic Search,cust4126@example.com,UK,London
C04127,2024-06-06,Influencer,cust4127@example.com,US,Bangalore
C04128,2023-08-24,Paid Search,cust4128@example.com,US,NYC
C04129,2023-05-25,Social Ads,cust4129@example.com,CA,Bangalore
C04130,2023-06-04,Paid Search,cust4130@example.com,CA,Bangalore
C04131,2024-05-28,Paid Search,cust4131@example.com,IN,London
C04132,2023-01-23,Social Ads,cust4132@example.com,IN,NYC
C04133,2024-10-02,Social Ads,cust4133@example.com,IN,Pune
C04134,2023-01-19,Direct,cust4134@example.com,US,Sydney
C04135,2023-02-14,Social Ads,cust4135@example.com,UK,Sydney
C04136,2023-04-10,Organic Search,cust4136@example.com,IN,Sydney
C04137,2024-08-23,Organic Search,cust4137@example.com,IN,Bangalore
C04138,2024-01-23,Influencer,cust4138@example.com,US,Mumbai
C04139,2024-09-09,Organic Search,cust4139@example.com,US,Toronto
C04140,2023-05-14,Social Ads,cust4140@example.com,IN,Toronto
C04141,2023-10-05,Paid Search,cust4141@example.com,US,Toronto
C04142,2023-08-17,Paid Search,cust4142@example.com,IN,Mumbai
C04143,2024-03-20,Influencer,cust4143@example.com,US,Sydney
C04144,2024-09-24,Direct,cust4144@example.com,CA,London
C04145,2024-07-15,Direct,cust4145@example.com,IN,Sydney
C04146,2024-03-20,Direct,cust4146@example.com,US,London
C04147,2024-05-19,Social Ads,cust4147@example.com,UK,Bangalore
C04148,2024-08-04,Social Ads,cust4148@example.com,IN,Toronto
C04149,2024-07-31,Email,cust4149@example.com,IN,Pune
C04150,2024-02-11,Organic Search,cust4150@example.com,IN,Toronto
C04151,2024-11-28,Email,cust4151@example.com,IN,Sydney
C04152,2023-03-01,Influencer,cust4152@example.com,AU,Mumbai
C04153,2023-02-22,Paid Search,cust4153@example.com,AU,Toronto
C04154,2024-05-30,Organic Search,cust4154@example.com,UK,Mumbai
C04155,2024-03-23,Email,cust4155@example.com,AU,NYC
C04156,2023-09-01,Email,cust4156@example.com,IN,Toronto
C04157,2023-05-20,Email,cust4157@example.com,CA,Delhi
C04158,2024-10-03,Direct,cust4158@example.com,UK,Pune
C04159,2024-08-13,Influencer,cust4159@example.com,IN,Sydney
C04160,2023-02-14,Paid Search,cust4160@example.com,AU,Bangalore
C04161,2023-08-26,Paid Search,cust4161@example.com,IN,NYC
C04162,2024-07-23,Organic Search,cust4162@example.com,IN,Mumbai
C04163,2024-05-20,Influencer,cust4163@example.com,UK,NYC
C04164,2024-06-09,Organic Search,cust4164@example.com,US,Sydney
C04165,2024-09-23,Email,cust4165@example.com,AU,Mumbai
C04166,2024-05-06,Paid Search,cust4166@example.com,AU,Sydney
C04167,2024-07-05,Organic Search,cust4167@example.com,CA,Bangalore
C04168,2023-01-20,Organic Search,cust4168@example.com,IN,London
C04169,2024-05-21,Email,cust4169@example.com,UK,Mumbai
C04170,2023-12-02,Organic Search,cust4170@example.com,US,Pune
C04171,2023-08-28,Email,cust4171@example.com,US,NYC
C04172,2023-04-14,Organic Search,cust4172@example.com,CA,Mumbai
C04173,2023-05-10,Influencer,cust4173@example.com,US,NYC
C04174,2023-04-06,Direct,cust4174@example.com,UK,Mumbai
C04175,2023-11-07,Paid Search,cust4175@example.com,CA,NYC
C04176,2024-10-26,Email,cust4176@example.com,IN,Mumbai
C04177,2023-11-07,Organic Search,cust4177@example.com,AU,Toronto
C04178,2024-10-10,Email,cust4178@example.com,IN,Bangalore
C04179,2023-10-29,Social Ads,cust4179@example.com,IN,Delhi
C04180,2023-09-07,Direct,cust4180@example.com,IN,Pune
C04181,2024-01-31,Organic Search,cust4181@example.com,IN,Bangalore
C04182,2023-02-11,Influencer,cust4182@example.com,US,Sydney
C04183,2024-03-03,Direct,cust4183@example.com,AU,NYC
C04184,2023-07-17,Paid Search,cust4184@example.com,CA,Sydney
C04185,2023-04-07,Paid Search,cust4185@example.com,IN,Toronto
C04186,2024-05-25,Social Ads,cust4186@example.com,IN,Mumbai
C04187,2023-03-28,Influencer,cust4187@example.com,IN,Pune
C04188,2023-04-19,Email,cust4188@example.com,US,Toronto
C04189,2024-10-14,Social Ads,cust4189@example.com,IN,NYC
C04190,2023-05-27,Paid Search,cust4190@example.com,IN,London
C04191,2024-04-04,Organic Search,cust4191@example.com,US,Sydney
C04192,2024-10-14,Direct,cust4192@example.com,IN,Sydney
C04193,2024-11-09,Influencer,cust4193@example.com,IN,Bangalore
C04194,2023-06-28,Organic Search,,US,NYC
C04195,2023-01-07,Organic Search,cust4195@example.com,AU,London
C04196,2023-06-03,Influencer,cust4196@example.com,IN,Bangalore
C04197,2024-02-29,Paid Search,cust4197@example.com,US,Sydney
C04198,2023-02-09,Organic Search,cust4198@example.com,US,Toronto
C04199,2023-12-25,Email,cust4199@example.com,IN,Delhi
C04200,2023-03-19,Paid Search,cust4200@example.com,IN,Delhi
C04201,2024-11-30,Organic Search,cust4201@example.com,IN,Bangalore
C04202,2023-10-28,Influencer,cust4202@example.com,UK,Bangalore
C04203,2023-11-08,Social Ads,cust4203@example.com,US,London
C04204,2024-11-15,Social Ads,cust4204@example.com,US,Sydney
C04205,2023-04-13,Organic Search,cust4205@example.com,AU,Bangalore
C04206,2023-12-08,Influencer,cust4206@example.com,AU,Pune
C04207,2024-11-15,Direct,cust4207@example.com,UK,London
C04208,2023-07-10,Organic Search,cust4208@example.com,IN,Pune
C04209,2024-05-18,Email,cust4209@example.com,US,Sydney
C04210,2023-08-22,Organic Search,cust4210@example.com,IN,Sydney
C04211,2024-06-11,Direct,cust4211@example.com,IN,Toronto
C04212,2024-01-12,Paid Search,cust4212@example.com,US,NYC
C04213,2024-05-23,Influencer,cust4213@example.com,IN,NYC
C04214,2024-04-09,Email,cust4214@example.com,US,Delhi
C04215,2023-09-25,Influencer,cust4215@example.com,IN,NYC
C04216,2024-02-03,Social Ads,cust4216@example.com,IN,NYC
C04217,2024-02-29,Paid Search,cust4217@example.com,UK,Toronto
C04218,2023-11-16,Direct,cust4218@example.com,US,Bangalore
C04219,2023-07-22,Organic Search,cust4219@example.com,US,Sydney
C04220,2024-05-25,Influencer,cust4220@example.com,US,Bangalore
C04221,2023-10-12,Email,cust4221@example.com,IN,Mumbai
C04222,2024-09-01,Paid Search,cust4222@example.com,IN,Pune
C04223,2023-12-05,Influencer,cust4223@example.com,IN,Pune
C04224,2024-07-18,Paid Search,cust4224@example.com,IN,Sydney
C04225,2024-04-28,Organic Search,cust4225@example.com,US,Toronto
C04226,2023-01-28,Influencer,cust4226@example.com,AU,NYC
C04227,2023-02-22,Organic Search,cust4227@example.com,US,Mumbai
C04228,2024-02-18,Organic Search,cust4228@example.com,IN,Pune
C04229,2024-08-30,Influencer,cust4229@example.com,US,London
C04230,2023-08-20,Organic Search,cust4230@example.com,IN,Bangalore
C04231,2024-10-29,Direct,cust4231@example.com,US,Mumbai
C04232,2023-12-05,Social Ads,cust4232@example.com,IN,Delhi
C04233,2024-08-07,Paid Search,cust4233@example.com,IN,London
C04234,2024-11-11,Social Ads,cust4234@example.com,CA,Delhi
C04235,2024-04-25,Paid Search,cust4235@example.com,US,Delhi
C04236,2023-08-03,Influencer,cust4236@example.com,IN,Mumbai
C04237,2023-10-02,Email,cust4237@example.com,US,London
C04238,2023-12-25,Paid Search,cust4238@example.com,CA,Bangalore
C04239,2023-03-16,Organic Search,cust4239@example.com,CA,NYC
C04240,2023-11-23,Influencer,cust4240@example.com,IN,London
C04241,2023-07-08,Influencer,cust4241@example.com,IN,London
C04242,2023-11-21,Direct,cust4242@example.com,IN,Mumbai
C04243,2023-11-02,Paid Search,cust4243@example.com,US,Bangalore
C04244,2024-02-20,Paid Search,cust4244@example.com,IN,Toronto
C04245,2024-01-11,Email,cust4245@example.com,US,Sydney
C04246,2023-02-26,Direct,cust4246@example.com,CA,Sydney
C04247,2023-04-21,Organic Search,cust4247@example.com,CA,London
C04248,2023-12-12,Paid Search,cust4248@example.com,IN,NYC
C04249,2024-05-15,Social Ads,cust4249@example.com,IN,Pune
C04250,2023-11-01,Organic Search,cust4250@example.com,IN,Pune
C04251,2023-09-13,Direct,cust4251@example.com,IN,NYC
C04252,2023-04-27,Direct,cust4252@example.com,US,Delhi
C04253,2023-08-16,Email,cust4253@example.com,US,Sydney
C04254,2023-05-22,Influencer,cust4254@example.com,US,Toronto
C04255,2023-02-20,Direct,cust4255@example.com,IN,Pune
C04256,2023-04-20,Email,cust4256@example.com,US,NYC
C04257,2024-06-08,Organic Search,cust4257@example.com,IN,Toronto
C04258,2023-02-17,Influencer,cust4258@example.com,IN,NYC
C04259,2024-06-23,Email,,US,Bangalore
C04260,2024-11-20,Organic Search,cust4260@example.com,IN,NYC
C04261,2024-01-14,Paid Search,cust4261@example.com,CA,London
C04262,2023-09-11,Influencer,,US,Mumbai
C04263,2023-12-24,Email,cust4263@example.com,IN,NYC
C04264,2023-05-12,Email,cust4264@example.com,AU,London
C04265,2024-01-16,Social Ads,cust4265@example.com,IN,Delhi
C04266,2023-07-23,Paid Search,cust4266@example.com,UK,Delhi
C04267,2024-02-03,Direct,cust4267@example.com,UK,NYC
C04268,2024-02-17,Paid Search,cust4268@example.com,IN,NYC
C04269,2023-10-02,Organic Search,cust4269@example.com,US,Delhi
C04270,2023-04-11,Paid Search,cust4270@example.com,US,Bangalore
C04271,2024-05-16,Influencer,cust4271@example.com,IN,NYC
C04272,2024-09-30,Direct,cust4272@example.com,IN,Delhi
C04273,2024-04-02,Email,cust4273@example.com,IN,Mumbai
C04274,2024-03-11,Organic Search,cust4274@example.com,IN,Bangalore
C04275,2023-09-14,Email,cust4275@example.com,CA,Delhi
C04276,2023-04-24,Email,cust4276@example.com,IN,London
C04277,2024-11-18,Influencer,cust4277@example.com,AU,NYC
C04278,2024-04-07,Organic Search,cust4278@example.com,AU,Bangalore
C04279,2024-06-05,Paid Search,cust4279@example.com,CA,Bangalore
C04280,2024-02-29,Email,cust4280@example.com,UK,Bangalore
C04281,2023-03-03,Paid Search,cust4281@example.com,UK,Delhi
C04282,2023-05-07,Paid Search,cust4282@example.com,IN,Mumbai
C04283,2023-09-11,Organic Search,cust4283@example.com,IN,NYC
C04284,2023-11-03,Organic Search,cust4284@example.com,US,Mumbai
C04285,2024-02-10,Influencer,cust4285@example.com,US,Bangalore
C04286,2024-09-11,Paid Search,cust4286@example.com,CA,NYC
C04287,2024-06-11,Organic Search,cust4287@example.com,UK,Delhi
C04288,2024-09-22,Influencer,cust4288@example.com,US,Toronto
C04289,2023-03-06,Email,cust4289@example.com,AU,Delhi
C04290,2023-03-19,Paid Search,cust4290@example.com,IN,NYC
C04291,2023-11-21,Email,cust4291@example.com,US,NYC
C04292,2024-02-23,Direct,cust4292@example.com,US,NYC
C04293,2023-10-18,Email,cust4293@example.com,IN,Sydney
C04294,2023-01-30,Paid Search,cust4294@example.com,US,Sydney
C04295,2023-07-11,Email,cust4295@example.com,IN,Pune
C04296,2024-08-23,Email,cust4296@example.com,IN,Bangalore
C04297,2023-01-15,Organic Search,cust4297@example.com,IN,Pune
C04298,2024-01-09,Influencer,cust4298@example.com,UK,NYC
C04299,2024-09-18,Paid Search,cust4299@example.com,IN,Bangalore
C04300,2024-04-23,Direct,cust4300@example.com,AU,Mumbai
C04301,2024-09-22,Direct,cust4301@example.com,IN,Bangalore
C04302,2023-02-02,Social Ads,cust4302@example.com,AU,Sydney
C04303,2024-04-09,Email,cust4303@example.com,CA,Delhi
C04304,2024-03-17,Direct,cust4304@example.com,US,Toronto
C04305,2023-04-06,Paid Search,cust4305@example.com,AU,Toronto
C04306,2023-07-17,Organic Search,cust4306@example.com,CA,NYC
C04307,2023-08-12,Paid Search,cust4307@example.com,US,London
C04308,2023-12-16,Organic Search,cust4308@example.com,IN,Toronto
C04309,2024-07-03,Organic Search,cust4309@example.com,IN,Delhi
C04310,2024-06-12,Influencer,cust4310@example.com,US,London
C04311,2023-02-01,Organic Search,cust4311@example.com,UK,London
C04312,2023-12-21,Direct,cust4312@example.com,IN,Mumbai
C04313,2023-12-28,Social Ads,cust4313@example.com,UK,Pune
C04314,2024-11-27,Direct,cust4314@example.com,AU,Delhi
C04315,2023-04-11,Social Ads,cust4315@example.com,IN,Delhi
C04316,2023-02-22,Paid Search,cust4316@example.com,CA,Toronto
C04317,2023-07-25,Influencer,cust4317@example.com,US,London
C04318,2024-04-07,Direct,cust4318@example.com,IN,Delhi
C04319,2023-12-12,Organic Search,cust4319@example.com,UK,Delhi
C04320,2023-07-20,Email,cust4320@example.com,UK,London
C04321,2023-02-28,Email,cust4321@example.com,IN,Sydney
C04322,2023-09-16,Email,cust4322@example.com,CA,Bangalore
C04323,2023-10-14,Influencer,cust4323@example.com,IN,Mumbai
C04324,2024-10-24,Direct,cust4324@example.com,UK,Sydney
C04325,2023-08-04,Paid Search,cust4325@example.com,IN,London
C04326,2024-06-21,Email,cust4326@example.com,CA,Delhi
C04327,2024-08-04,Email,cust4327@example.com,US,NYC
C04328,2023-10-30,Organic Search,cust4328@example.com,CA,Pune
C04329,2024-05-02,Social Ads,cust4329@example.com,US,Sydney
C04330,2023-10-02,Email,cust4330@example.com,US,Toronto
C04331,2024-04-12,Paid Search,cust4331@example.com,AU,Pune
C04332,2023-12-08,Social Ads,cust4332@example.com,CA,NYC
C04333,2024-06-26,Paid Search,cust4333@example.com,IN,London
C04334,2024-04-04,Direct,cust4334@example.com,US,Sydney
C04335,2023-06-09,Email,cust4335@example.com,IN,Toronto
C04336,2023-09-28,Social Ads,cust4336@example.com,IN,Bangalore
C04337,2023-11-18,Email,cust4337@example.com,IN,Toronto
C04338,2024-09-11,Paid Search,cust4338@example.com,IN,NYC
C04339,2023-07-10,Email,cust4339@example.com,US,Sydney
C04340,2024-03-01,Direct,cust4340@example.com,CA,Pune
C04341,2023-09-27,Organic Search,cust4341@example.com,IN,Sydney
C04342,2024-09-25,Email,cust4342@example.com,IN,Bangalore
C04343,2024-11-11,Email,cust4343@example.com,IN,Toronto
C04344,2023-04-11,Direct,cust4344@example.com,US,Bangalore
C04345,2024-03-25,Influencer,cust4345@example.com,UK,London
C04346,2024-06-22,Organic Search,cust4346@example.com,CA,Delhi
C04347,2023-10-01,Email,cust4347@example.com,AU,Delhi
C04348,2024-06-08,Organic Search,cust4348@example.com,US,Delhi
C04349,2023-06-04,Organic Search,cust4349@example.com,IN,Bangalore
C04350,2024-06-28,Paid Search,cust4350@example.com,US,Bangalore
C04351,2024-11-14,Organic Search,cust4351@example.com,US,London
C04352,2024-09-20,Paid Search,cust4352@example.com,IN,London
C04353,2024-01-10,Social Ads,cust4353@example.com,IN,Sydney
C04354,2024-08-23,Paid Search,cust4354@example.com,UK,Bangalore
C04355,2024-09-06,Direct,cust4355@example.com,IN,Pune
C04356,2023-05-06,Influencer,cust4356@example.com,IN,Sydney
C04357,2024-01-04,Organic Search,cust4357@example.com,IN,Mumbai
C04358,2023-08-02,Organic Search,cust4358@example.com,AU,Toronto
C04359,2024-03-06,Organic Search,cust4359@example.com,US,Sydney
C04360,2024-02-28,Influencer,cust4360@example.com,CA,Sydney
C04361,2023-02-15,Organic Search,cust4361@example.com,IN,Pune
C04362,2023-03-02,Organic Search,cust4362@example.com,US,NYC
C04363,2024-11-29,Direct,cust4363@example.com,IN,Delhi
C04364,2024-04-02,Email,cust4364@example.com,IN,Pune
C04365,2024-03-23,Organic Search,cust4365@example.com,AU,Delhi
C04366,2023-04-11,Organic Search,cust4366@example.com,AU,NYC
C04367,2024-07-23,Email,cust4367@example.com,IN,NYC
C04368,2024-10-01,Paid Search,cust4368@example.com,IN,Delhi
C04369,2024-08-13,Paid Search,cust4369@example.com,IN,London
C04370,2024-03-10,Email,cust4370@example.com,IN,Mumbai
C04371,2024-08-06,Paid Search,cust4371@example.com,IN,Bangalore
C04372,2023-04-06,Paid Search,cust4372@example.com,UK,Sydney
C04373,2023-03-31,Social Ads,cust4373@example.com,US,London
C04374,2024-05-03,Email,cust4374@example.com,US,Bangalore
C04375,2024-06-15,Email,cust4375@example.com,IN,Sydney
C04376,2024-05-28,Influencer,cust4376@example.com,IN,NYC
C04377,2024-06-14,Organic Search,cust4377@example.com,CA,Pune
C04378,2024-10-03,Social Ads,cust4378@example.com,UK,Sydney
C04379,2024-02-03,Paid Search,cust4379@example.com,CA,Delhi
C04380,2024-10-20,Direct,cust4380@example.com,US,NYC
C04381,2024-10-12,Direct,cust4381@example.com,AU,London
C04382,2023-10-08,Organic Search,cust4382@example.com,CA,Mumbai
C04383,2024-11-23,Organic Search,cust4383@example.com,CA,London
C04384,2023-08-22,Organic Search,cust4384@example.com,US,Bangalore
C04385,2024-07-07,Paid Search,cust4385@example.com,US,Sydney
C04386,2024-04-23,Organic Search,cust4386@example.com,IN,Bangalore
C04387,2023-07-30,Paid Search,cust4387@example.com,US,Pune
C04388,2023-05-06,Influencer,cust4388@example.com,IN,Delhi
C04389,2023-08-28,Organic Search,cust4389@example.com,AU,London
C04390,2024-09-10,Direct,cust4390@example.com,IN,Delhi
C04391,2024-03-12,Influencer,cust4391@example.com,CA,Toronto
C04392,2024-07-02,Organic Search,cust4392@example.com,IN,Mumbai
C04393,2024-05-09,Paid Search,cust4393@example.com,UK,NYC
C04394,2024-05-19,Paid Search,cust4394@example.com,IN,Toronto
C04395,2024-10-25,Direct,cust4395@example.com,IN,Sydney
C04396,2024-11-23,Organic Search,cust4396@example.com,US,Toronto
C04397,2023-12-27,Organic Search,cust4397@example.com,IN,Mumbai
C04398,2023-03-07,Influencer,cust4398@example.com,IN,Toronto
C04399,2024-03-02,Paid Search,cust4399@example.com,IN,Bangalore
C04400,2023-12-20,Paid Search,cust4400@example.com,UK,Pune
C04401,2023-06-02,Influencer,cust4401@example.com,IN,Delhi
C04402,2024-06-25,Organic Search,cust4402@example.com,IN,Pune
C04403,2024-04-18,Email,cust4403@example.com,IN,Bangalore
C04404,2023-08-13,Direct,cust4404@example.com,IN,Pune
C04405,2023-09-09,Organic Search,cust4405@example.com,IN,NYC
C04406,2023-01-28,Email,cust4406@example.com,IN,London
C04407,2023-03-23,Organic Search,cust4407@example.com,IN,London
C04408,2024-02-11,Direct,cust4408@example.com,UK,Toronto
C04409,2024-08-14,Organic Search,cust4409@example.com,US,Bangalore
C04410,2023-06-13,Organic Search,cust4410@example.com,UK,Bangalore
C04411,2023-06-10,Social Ads,cust4411@example.com,IN,NYC
C04412,2024-07-07,Direct,cust4412@example.com,US,Mumbai
C04413,2024-02-27,Paid Search,cust4413@example.com,US,Toronto
C04414,2023-01-29,Social Ads,cust4414@example.com,IN,Sydney
C04415,2023-05-10,Organic Search,cust4415@example.com,IN,London
C04416,2023-11-26,Paid Search,cust4416@example.com,UK,Mumbai
C04417,2023-08-07,Social Ads,cust4417@example.com,US,Bangalore
C04418,2023-04-30,Social Ads,cust4418@example.com,AU,London
C04419,2023-03-29,Social Ads,cust4419@example.com,CA,Pune
C04420,2023-03-31,Paid Search,cust4420@example.com,UK,Bangalore
C04421,2023-10-24,Influencer,cust4421@example.com,IN,Pune
C04422,2024-05-10,Direct,cust4422@example.com,US,Mumbai
C04423,2023-01-16,Email,cust4423@example.com,UK,Delhi
C04424,2023-01-03,Influencer,cust4424@example.com,IN,Sydney
C04425,2023-02-01,Email,cust4425@example.com,UK,Delhi
C04426,2024-05-21,Paid Search,cust4426@example.com,UK,Sydney
C04427,2023-02-01,Email,cust4427@example.com,US,Sydney
C04428,2023-11-05,Paid Search,cust4428@example.com,IN,Bangalore
C04429,2024-05-13,Organic Search,,US,Sydney
C04430,2024-04-23,Organic Search,cust4430@example.com,IN,Sydney
C04431,2024-05-17,Direct,cust4431@example.com,IN,Sydney
C04432,2023-12-25,Direct,cust4432@example.com,UK,NYC
C04433,2024-08-25,Email,cust4433@example.com,AU,Bangalore
C04434,2023-04-27,Direct,cust4434@example.com,US,Mumbai
C04435,2023-12-13,Social Ads,cust4435@example.com,AU,Mumbai
C04436,2024-03-18,Social Ads,cust4436@example.com,IN,Toronto
C04437,2023-01-12,Organic Search,cust4437@example.com,US,NYC
C04438,2023-09-07,Social Ads,cust4438@example.com,CA,Bangalore
C04439,2023-03-26,Paid Search,cust4439@example.com,IN,Sydney
C04440,2024-07-26,Organic Search,cust4440@example.com,IN,Pune
C04441,2023-09-30,Organic Search,cust4441@example.com,CA,Delhi
C04442,2023-08-30,Influencer,cust4442@example.com,IN,Mumbai
C04443,2024-02-25,Organic Search,cust4443@example.com,CA,Pune
C04444,2024-01-24,Direct,cust4444@example.com,IN,NYC
C04445,2023-02-06,Organic Search,cust4445@example.com,AU,NYC
C04446,2023-01-29,Paid Search,cust4446@example.com,US,Toronto
C04447,2024-03-27,Paid Search,cust4447@example.com,UK,London
C04448,2023-01-14,Organic Search,cust4448@example.com,UK,Sydney
C04449,2024-05-29,Email,cust4449@example.com,IN,Delhi
C04450,2024-01-05,Social Ads,cust4450@example.com,US,NYC
C04451,2023-09-21,Organic Search,cust4451@example.com,US,Pune
C04452,2024-03-17,Email,cust4452@example.com,IN,Delhi
C04453,2023-10-11,Organic Search,cust4453@example.com,IN,Bangalore
C04454,2024-04-12,Social Ads,cust4454@example.com,US,Bangalore
C04455,2023-08-10,Direct,cust4455@example.com,IN,Bangalore
C04456,2024-05-31,Social Ads,cust4456@example.com,AU,London
C04457,2023-07-16,Influencer,cust4457@example.com,US,Toronto
C04458,2023-09-03,Direct,cust4458@example.com,US,London
C04459,2024-11-17,Direct,cust4459@example.com,US,Mumbai
C04460,2023-10-27,Email,cust4460@example.com,US,Pune
C04461,2023-03-09,Influencer,cust4461@example.com,IN,Sydney
C04462,2023-01-01,Email,cust4462@example.com,IN,Pune
C04463,2023-05-27,Organic Search,cust4463@example.com,UK,Pune
C04464,2024-01-16,Organic Search,cust4464@example.com,US,Bangalore
C04465,2023-11-27,Paid Search,cust4465@example.com,US,Mumbai
C04466,2024-01-01,Paid Search,cust4466@example.com,IN,NYC
C04467,2024-02-24,Direct,cust4467@example.com,US,Sydney
C04468,2024-01-25,Influencer,,AU,NYC
C04469,2024-09-18,Email,cust4469@example.com,UK,Toronto
C04470,2023-09-04,Paid Search,cust4470@example.com,IN,Bangalore
C04471,2024-02-15,Paid Search,cust4471@example.com,US,Toronto
C04472,2023-09-24,Organic Search,cust4472@example.com,AU,Toronto
C04473,2024-03-22,Organic Search,cust4473@example.com,IN,London
C04474,2023-10-11,Social Ads,cust4474@example.com,US,Bangalore
C04475,2023-11-14,Influencer,cust4475@example.com,AU,Sydney
C04476,2023-10-12,Organic Search,cust4476@example.com,UK,Mumbai
C04477,2023-12-18,Direct,cust4477@example.com,AU,NYC
C04478,2023-07-05,Organic Search,cust4478@example.com,IN,Mumbai
C04479,2024-07-01,Social Ads,cust4479@example.com,US,Delhi
C04480,2024-01-18,Paid Search,cust4480@example.com,UK,London
C04481,2024-01-12,Organic Search,cust4481@example.com,US,Toronto
C04482,2024-07-06,Organic Search,cust4482@example.com,IN,London
C04483,2023-09-13,Organic Search,cust4483@example.com,US,Bangalore
C04484,2024-06-02,Influencer,cust4484@example.com,IN,Bangalore
C04485,2024-08-28,Email,cust4485@example.com,IN,Pune
C04486,2024-07-06,Paid Search,cust4486@example.com,IN,Pune
C04487,2024-01-11,Social Ads,cust4487@example.com,IN,Delhi
C04488,2024-08-18,Paid Search,cust4488@example.com,US,Pune
C04489,2023-01-27,Direct,cust4489@example.com,CA,London
C04490,2024-09-24,Social Ads,cust4490@example.com,IN,Toronto
C04491,2023-06-07,Paid Search,cust4491@example.com,IN,NYC
C04492,2023-06-10,Social Ads,cust4492@example.com,CA,Toronto
C04493,2024-09-09,Influencer,cust4493@example.com,IN,Bangalore
C04494,2024-03-28,Influencer,cust4494@example.com,US,Sydney
C04495,2024-09-19,Direct,cust4495@example.com,US,Bangalore
C04496,2023-07-17,Paid Search,cust4496@example.com,CA,NYC
C04497,2024-10-14,Paid Search,cust4497@example.com,IN,Mumbai
C04498,2023-06-10,Paid Search,cust4498@example.com,IN,Sydney
C04499,2023-01-29,Social Ads,cust4499@example.com,AU,London
C04500,2023-05-13,Organic Search,cust4500@example.com,IN,Sydney
C04501,2023-06-21,Organic Search,cust4501@example.com,IN,Delhi
C04502,2024-09-13,Email,cust4502@example.com,IN,Sydney
C04503,2024-05-12,Direct,cust4503@example.com,UK,London
C04504,2023-09-26,Influencer,cust4504@example.com,US,NYC
C04505,2024-05-30,Organic Search,cust4505@example.com,US,Toronto
C04506,2023-08-21,Paid Search,cust4506@example.com,IN,Bangalore
C04507,2024-05-02,Organic Search,cust4507@example.com,CA,Pune
C04508,2023-10-03,Email,cust4508@example.com,US,Toronto
C04509,2024-03-16,Email,cust4509@example.com,UK,London
C04510,2024-08-08,Direct,cust4510@example.com,IN,Sydney
C04511,2024-03-24,Direct,cust4511@example.com,UK,Delhi
C04512,2023-12-29,Paid Search,cust4512@example.com,US,Toronto
C04513,2023-05-31,Paid Search,cust4513@example.com,CA,Bangalore
C04514,2023-03-02,Influencer,cust4514@example.com,US,Mumbai
C04515,2024-10-23,Paid Search,cust4515@example.com,AU,Bangalore
C04516,2024-11-10,Paid Search,cust4516@example.com,CA,London
C04517,2024-05-16,Email,cust4517@example.com,US,Toronto
C04518,2024-09-05,Organic Search,cust4518@example.com,US,London
C04519,2023-09-18,Organic Search,cust4519@example.com,IN,NYC
C04520,2023-10-20,Organic Search,cust4520@example.com,IN,Mumbai
C04521,2024-10-01,Organic Search,cust4521@example.com,US,Pune
C04522,2023-06-17,Email,cust4522@example.com,US,Bangalore
C04523,2023-01-24,Email,cust4523@example.com,AU,Delhi
C04524,2024-02-19,Direct,cust4524@example.com,UK,Toronto
C04525,2024-07-06,Organic Search,cust4525@example.com,US,NYC
C04526,2023-04-25,Paid Search,cust4526@example.com,CA,Pune
C04527,2023-10-07,Direct,cust4527@example.com,IN,London
C04528,2023-12-04,Paid Search,cust4528@example.com,CA,NYC
C04529,2023-08-27,Influencer,cust4529@example.com,IN,Bangalore
C04530,2024-09-20,Organic Search,cust4530@example.com,AU,Mumbai
C04531,2024-04-27,Paid Search,cust4531@example.com,IN,Delhi
C04532,2024-06-28,Paid Search,cust4532@example.com,IN,Sydney
C04533,2024-06-18,Organic Search,cust4533@example.com,US,Mumbai
C04534,2024-11-14,Paid Search,cust4534@example.com,IN,Toronto
C04535,2024-06-11,Social Ads,cust4535@example.com,US,Sydney
C04536,2023-03-28,Email,cust4536@example.com,AU,Toronto
C04537,2024-11-03,Email,cust4537@example.com,IN,Toronto
C04538,2023-03-01,Social Ads,cust4538@example.com,IN,Mumbai
C04539,2024-02-11,Influencer,cust4539@example.com,IN,Mumbai
C04540,2024-03-15,Organic Search,cust4540@example.com,IN,Toronto
C04541,2023-06-20,Organic Search,cust4541@example.com,US,Mumbai
C04542,2023-06-15,Email,cust4542@example.com,CA,Toronto
C04543,2024-10-09,Paid Search,cust4543@example.com,CA,Sydney
C04544,2024-09-27,Email,cust4544@example.com,US,Toronto
C04545,2023-05-21,Email,cust4545@example.com,IN,Delhi
C04546,2024-02-28,Organic Search,cust4546@example.com,IN,NYC
C04547,2023-02-10,Paid Search,cust4547@example.com,IN,NYC
C04548,2023-11-12,Email,cust4548@example.com,IN,NYC
C04549,2024-09-30,Organic Search,cust4549@example.com,IN,Mumbai
C04550,2024-02-12,Organic Search,cust4550@example.com,US,London
C04551,2024-03-13,Paid Search,cust4551@example.com,US,Sydney
C04552,2023-02-10,Email,cust4552@example.com,IN,Delhi
C04553,2023-05-29,Influencer,cust4553@example.com,IN,Mumbai
C04554,2023-08-24,Paid Search,cust4554@example.com,AU,Pune
C04555,2024-03-06,Organic Search,cust4555@example.com,UK,Bangalore
C04556,2023-01-28,Organic Search,cust4556@example.com,US,NYC
C04557,2023-10-03,Direct,cust4557@example.com,IN,Sydney
C04558,2024-03-17,Organic Search,cust4558@example.com,IN,Delhi
C04559,2024-01-10,Email,cust4559@example.com,CA,London
C04560,2023-10-24,Email,cust4560@example.com,IN,Mumbai
C04561,2024-03-11,Paid Search,cust4561@example.com,IN,Pune
C04562,2024-08-27,Direct,cust4562@example.com,IN,Toronto
C04563,2023-04-30,Social Ads,cust4563@example.com,IN,Toronto
C04564,2023-12-20,Direct,cust4564@example.com,UK,Pune
C04565,2023-02-14,Paid Search,cust4565@example.com,IN,Toronto
C04566,2023-11-04,Social Ads,cust4566@example.com,UK,Toronto
C04567,2023-09-10,Email,cust4567@example.com,UK,Sydney
C04568,2023-04-24,Organic Search,cust4568@example.com,IN,Delhi
C04569,2023-01-16,Email,cust4569@example.com,US,NYC
C04570,2023-04-30,Organic Search,cust4570@example.com,UK,Delhi
C04571,2023-01-20,Paid Search,cust4571@example.com,UK,Bangalore
C04572,2024-10-15,Paid Search,cust4572@example.com,IN,London
C04573,2024-09-25,Direct,cust4573@example.com,UK,Pune
C04574,2024-07-21,Organic Search,cust4574@example.com,US,NYC
C04575,2023-04-01,Organic Search,cust4575@example.com,IN,Delhi
C04576,2023-02-11,Direct,cust4576@example.com,UK,Pune
C04577,2024-04-27,Organic Search,cust4577@example.com,IN,NYC
C04578,2024-07-12,Direct,cust4578@example.com,AU,Pune
C04579,2024-10-26,Social Ads,cust4579@example.com,IN,Pune
C04580,2024-09-10,Paid Search,cust4580@example.com,US,Mumbai
C04581,2023-06-23,Organic Search,cust4581@example.com,IN,NYC
C04582,2024-07-07,Organic Search,cust4582@example.com,US,NYC
C04583,2024-09-05,Paid Search,cust4583@example.com,IN,Delhi
C04584,2024-02-12,Organic Search,cust4584@example.com,UK,Toronto
C04585,2024-03-19,Email,cust4585@example.com,IN,NYC
C04586,2024-09-26,Organic Search,cust4586@example.com,UK,Delhi
C04587,2024-05-13,Email,cust4587@example.com,IN,Toronto
C04588,2024-06-29,Paid Search,cust4588@example.com,IN,London
C04589,2024-10-31,Paid Search,cust4589@example.com,IN,Toronto
C04590,2023-12-31,Paid Search,cust4590@example.com,UK,Delhi
C04591,2023-10-15,Email,cust4591@example.com,UK,Bangalore
C04592,2023-02-02,Organic Search,cust4592@example.com,AU,Pune
C04593,2024-10-25,Direct,cust4593@example.com,AU,Pune
C04594,2023-12-07,Direct,cust4594@example.com,UK,London
C04595,2023-04-27,Direct,cust4595@example.com,IN,London
C04596,2024-11-10,Email,cust4596@example.com,US,Toronto
C04597,2024-11-09,Social Ads,cust4597@example.com,CA,Sydney
C04598,2024-03-13,Organic Search,cust4598@example.com,CA,NYC
C04599,2024-04-06,Influencer,cust4599@example.com,IN,Sydney
C04600,2023-06-03,Direct,cust4600@example.com,IN,Bangalore
C04601,2023-07-31,Influencer,cust4601@example.com,CA,Bangalore
C04602,2024-02-01,Direct,cust4602@example.com,IN,NYC
C04603,2023-05-29,Paid Search,cust4603@example.com,UK,NYC
C04604,2023-07-17,Organic Search,cust4604@example.com,IN,Pune
C04605,2023-08-29,Paid Search,cust4605@example.com,IN,London
C04606,2024-11-29,Organic Search,cust4606@example.com,IN,Mumbai
C04607,2024-08-11,Organic Search,cust4607@example.com,US,NYC
C04608,2023-11-21,Influencer,cust4608@example.com,IN,Pune
C04609,2023-04-29,Direct,cust4609@example.com,US,NYC
C04610,2024-05-17,Paid Search,cust4610@example.com,IN,Mumbai
C04611,2023-06-02,Influencer,cust4611@example.com,AU,Delhi
C04612,2024-01-02,Social Ads,cust4612@example.com,US,Mumbai
C04613,2024-08-16,Influencer,cust4613@example.com,UK,Mumbai
C04614,2024-10-25,Influencer,cust4614@example.com,US,Pune
C04615,2024-05-28,Social Ads,cust4615@example.com,CA,Toronto
C04616,2024-02-05,Direct,cust4616@example.com,UK,NYC
C04617,2023-01-14,Social Ads,cust4617@example.com,US,Sydney
C04618,2023-06-06,Paid Search,cust4618@example.com,IN,NYC
C04619,2024-06-28,Paid Search,cust4619@example.com,US,Sydney
C04620,2024-08-31,Email,cust4620@example.com,AU,Toronto
C04621,2023-08-16,Paid Search,cust4621@example.com,UK,London
C04622,2024-10-01,Direct,cust4622@example.com,US,NYC
C04623,2023-12-29,Email,cust4623@example.com,CA,NYC
C04624,2023-12-22,Organic Search,cust4624@example.com,US,Toronto
C04625,2023-03-14,Direct,cust4625@example.com,IN,Delhi
C04626,2023-06-04,Email,cust4626@example.com,CA,NYC
C04627,2024-04-06,Direct,cust4627@example.com,IN,Bangalore
C04628,2023-05-03,Direct,cust4628@example.com,UK,Bangalore
C04629,2023-01-18,Organic Search,cust4629@example.com,CA,Pune
C04630,2023-09-15,Social Ads,cust4630@example.com,IN,Toronto
C04631,2023-07-11,Paid Search,cust4631@example.com,IN,Sydney
C04632,2024-04-10,Social Ads,cust4632@example.com,IN,Toronto
C04633,2024-06-02,Organic Search,cust4633@example.com,UK,Sydney
C04634,2023-08-14,Influencer,cust4634@example.com,IN,NYC
C04635,2024-10-09,Organic Search,cust4635@example.com,IN,Toronto
C04636,2024-08-10,Influencer,cust4636@example.com,US,Mumbai
C04637,2024-09-11,Influencer,cust4637@example.com,IN,Sydney
C04638,2023-05-15,Paid Search,cust4638@example.com,IN,Pune
C04639,2023-12-04,Organic Search,cust4639@example.com,IN,NYC
C04640,2023-03-12,Social Ads,cust4640@example.com,UK,Pune
C04641,2024-02-08,Organic Search,cust4641@example.com,AU,Delhi
C04642,2024-03-07,Direct,cust4642@example.com,US,NYC
C04643,2024-10-05,Organic Search,cust4643@example.com,US,Sydney
C04644,2024-02-14,Social Ads,cust4644@example.com,IN,Toronto
C04645,2024-08-25,Organic Search,cust4645@example.com,AU,Delhi
C04646,2023-08-23,Email,cust4646@example.com,IN,Mumbai
C04647,2023-09-06,Email,cust4647@example.com,IN,NYC
C04648,2023-06-18,Social Ads,cust4648@example.com,UK,Mumbai
C04649,2024-06-07,Organic Search,cust4649@example.com,IN,Delhi
C04650,2023-05-05,Organic Search,cust4650@example.com,US,NYC
C04651,2024-08-27,Organic Search,,US,Delhi
C04652,2024-10-21,Paid Search,cust4652@example.com,UK,NYC
C04653,2024-02-06,Organic Search,cust4653@example.com,US,Mumbai
C04654,2024-10-27,Direct,cust4654@example.com,AU,Pune
C04655,2024-03-29,Email,cust4655@example.com,US,Mumbai
C04656,2023-03-10,Direct,cust4656@example.com,US,Delhi
C04657,2024-08-18,Social Ads,cust4657@example.com,UK,Pune
C04658,2024-05-07,Influencer,cust4658@example.com,IN,Bangalore
C04659,2024-08-09,Email,cust4659@example.com,IN,Sydney
C04660,2024-01-02,Direct,,UK,Mumbai
C04661,2024-07-09,Paid Search,cust4661@example.com,IN,Bangalore
C04662,2023-02-12,Email,cust4662@example.com,UK,Mumbai
C04663,2024-02-04,Influencer,cust4663@example.com,AU,Delhi
C04664,2023-01-05,Email,cust4664@example.com,US,NYC
C04665,2024-05-28,Organic Search,cust4665@example.com,IN,Pune
C04666,2023-05-06,Email,cust4666@example.com,IN,Toronto
C04667,2024-02-23,Organic Search,cust4667@example.com,IN,London
C04668,2023-10-01,Organic Search,cust4668@example.com,US,Delhi
C04669,2023-02-27,Influencer,cust4669@example.com,IN,London
C04670,2024-09-10,Influencer,cust4670@example.com,IN,Sydney
C04671,2024-06-10,Organic Search,cust4671@example.com,IN,London
C04672,2023-07-16,Social Ads,cust4672@example.com,CA,London
C04673,2023-05-30,Paid Search,cust4673@example.com,US,Sydney
C04674,2024-05-13,Social Ads,cust4674@example.com,IN,NYC
C04675,2023-11-23,Direct,cust4675@example.com,UK,London
C04676,2024-03-10,Email,cust4676@example.com,US,Mumbai
C04677,2023-06-13,Social Ads,cust4677@example.com,IN,Mumbai
C04678,2024-11-29,Direct,cust4678@example.com,IN,Sydney
C04679,2024-11-10,Email,cust4679@example.com,IN,NYC
C04680,2023-04-05,Paid Search,cust4680@example.com,US,Bangalore
C04681,2024-06-26,Direct,cust4681@example.com,IN,NYC
C04682,2023-11-13,Influencer,cust4682@example.com,IN,Mumbai
C04683,2023-02-02,Direct,cust4683@example.com,IN,Bangalore
C04684,2024-05-21,Social Ads,,UK,NYC
C04685,2023-05-03,Direct,cust4685@example.com,US,NYC
C04686,2024-07-04,Organic Search,cust4686@example.com,CA,Delhi
C04687,2024-11-23,Email,cust4687@example.com,US,Bangalore
C04688,2024-05-17,Email,cust4688@example.com,US,Pune
C04689,2023-01-20,Paid Search,cust4689@example.com,US,London
C04690,2023-10-14,Organic Search,cust4690@example.com,UK,Sydney
C04691,2023-07-02,Organic Search,cust4691@example.com,UK,Mumbai
C04692,2024-03-15,Organic Search,cust4692@example.com,CA,NYC
C04693,2023-02-14,Paid Search,cust4693@example.com,IN,Mumbai
C04694,2023-01-31,Influencer,cust4694@example.com,US,Mumbai
C04695,2024-06-26,Paid Search,cust4695@example.com,IN,London
C04696,2024-02-25,Organic Search,cust4696@example.com,IN,NYC
C04697,2024-11-19,Email,cust4697@example.com,IN,Sydney
C04698,2024-01-05,Paid Search,cust4698@example.com,UK,Bangalore
C04699,2024-01-26,Email,cust4699@example.com,UK,London
C04700,2024-07-18,Organic Search,cust4700@example.com,IN,Toronto
C04701,2024-09-24,Email,cust4701@example.com,CA,Toronto
C04702,2024-03-11,Paid Search,cust4702@example.com,AU,Bangalore
C04703,2024-09-12,Organic Search,cust4703@example.com,IN,Bangalore
C04704,2023-01-05,Direct,cust4704@example.com,UK,Sydney
C04705,2023-08-21,Organic Search,cust4705@example.com,US,London
C04706,2024-05-23,Email,,IN,London
C04707,2024-07-10,Paid Search,cust4707@example.com,IN,Sydney
C04708,2023-06-13,Social Ads,cust4708@example.com,IN,Bangalore
C04709,2023-08-14,Paid Search,cust4709@example.com,CA,Delhi
C04710,2024-03-08,Organic Search,cust4710@example.com,US,Delhi
C04711,2023-12-09,Paid Search,cust4711@example.com,US,NYC
C04712,2024-07-08,Direct,cust4712@example.com,IN,Bangalore
C04713,2023-02-11,Email,cust4713@example.com,IN,Bangalore
C04714,2024-09-02,Direct,cust4714@example.com,IN,Delhi
C04715,2024-05-22,Email,cust4715@example.com,US,Bangalore
C04716,2024-02-28,Social Ads,cust4716@example.com,CA,Pune
C04717,2023-12-23,Organic Search,cust4717@example.com,IN,Pune
C04718,2024-05-04,Direct,cust4718@example.com,IN,Delhi
C04719,2023-02-27,Influencer,cust4719@example.com,CA,Bangalore
C04720,2024-06-02,Direct,cust4720@example.com,US,Delhi
C04721,2023-04-12,Paid Search,cust4721@example.com,UK,Sydney
C04722,2023-05-11,Email,cust4722@example.com,US,Sydney
C04723,2024-08-23,Influencer,cust4723@example.com,IN,Pune
C04724,2024-10-30,Organic Search,cust4724@example.com,US,Sydney
C04725,2024-08-25,Paid Search,cust4725@example.com,US,Pune
C04726,2023-05-06,Organic Search,cust4726@example.com,CA,Sydney
C04727,2023-06-27,Direct,cust4727@example.com,US,Delhi
C04728,2023-12-24,Organic Search,cust4728@example.com,US,London
C04729,2023-04-16,Direct,cust4729@example.com,IN,Mumbai
C04730,2024-07-11,Direct,cust4730@example.com,IN,Sydney
C04731,2023-07-16,Influencer,cust4731@example.com,IN,Delhi
C04732,2023-11-30,Social Ads,cust4732@example.com,IN,Toronto
C04733,2024-06-06,Direct,cust4733@example.com,UK,Bangalore
C04734,2023-07-12,Influencer,cust4734@example.com,IN,London
C04735,2024-01-21,Email,cust4735@example.com,US,NYC
C04736,2023-10-20,Influencer,cust4736@example.com,IN,Pune
C04737,2024-10-01,Influencer,cust4737@example.com,CA,Pune
C04738,2024-04-06,Social Ads,cust4738@example.com,UK,NYC
C04739,2024-11-07,Email,cust4739@example.com,CA,Mumbai
C04740,2023-01-28,Influencer,cust4740@example.com,IN,Pune
C04741,2024-03-25,Direct,cust4741@example.com,IN,Delhi
C04742,2023-11-05,Direct,cust4742@example.com,US,London
C04743,2024-02-27,Paid Search,cust4743@example.com,CA,NYC
C04744,2023-07-31,Email,cust4744@example.com,AU,Delhi
C04745,2023-10-17,Paid Search,cust4745@example.com,US,Pune
C04746,2024-02-28,Paid Search,cust4746@example.com,US,Sydney
C04747,2023-01-05,Email,cust4747@example.com,US,Delhi
C04748,2023-11-13,Email,cust4748@example.com,US,Bangalore
C04749,2024-11-17,Influencer,cust4749@example.com,IN,Mumbai
C04750,2024-04-27,Organic Search,cust4750@example.com,US,Delhi
C04751,2023-07-10,Influencer,cust4751@example.com,US,Sydney
C04752,2024-05-05,Paid Search,cust4752@example.com,US,Bangalore
C04753,2024-07-12,Social Ads,cust4753@example.com,US,NYC
C04754,2023-11-28,Email,cust4754@example.com,CA,NYC
C04755,2023-04-24,Paid Search,cust4755@example.com,UK,London
C04756,2024-11-14,Social Ads,cust4756@example.com,UK,Pune
C04757,2023-04-24,Organic Search,cust4757@example.com,IN,Bangalore
C04758,2024-06-16,Paid Search,cust4758@example.com,IN,London
C04759,2023-05-28,Paid Search,cust4759@example.com,IN,NYC
C04760,2024-09-20,Email,cust4760@example.com,IN,NYC
C04761,2024-05-17,Paid Search,cust4761@example.com,AU,Delhi
C04762,2024-03-26,Social Ads,cust4762@example.com,US,Pune
C04763,2023-01-03,Direct,cust4763@example.com,IN,London
C04764,2024-08-25,Email,cust4764@example.com,IN,Delhi
C04765,2024-01-05,Paid Search,cust4765@example.com,US,Delhi
C04766,2024-07-27,Organic Search,cust4766@example.com,CA,Sydney
C04767,2024-07-06,Paid Search,cust4767@example.com,AU,Sydney
C04768,2024-09-06,Direct,cust4768@example.com,UK,Bangalore
C04769,2023-01-24,Direct,cust4769@example.com,UK,Sydney
C04770,2023-08-10,Direct,cust4770@example.com,US,NYC
C04771,2023-05-01,Paid Search,cust4771@example.com,IN,Toronto
C04772,2023-11-11,Social Ads,cust4772@example.com,US,London
C04773,2024-11-04,Direct,cust4773@example.com,IN,Mumbai
C04774,2023-05-23,Organic Search,cust4774@example.com,IN,NYC
C04775,2024-11-04,Email,cust4775@example.com,AU,London
C04776,2024-10-23,Organic Search,cust4776@example.com,IN,Delhi
C04777,2023-05-28,Organic Search,cust4777@example.com,CA,Delhi
C04778,2024-05-15,Paid Search,cust4778@example.com,IN,Mumbai
C04779,2023-09-02,Paid Search,cust4779@example.com,UK,Bangalore
C04780,2024-03-08,Influencer,cust4780@example.com,IN,Bangalore
C04781,2024-11-29,Paid Search,cust4781@example.com,US,Sydney
C04782,2023-02-14,Social Ads,cust4782@example.com,IN,NYC
C04783,2024-01-01,Organic Search,cust4783@example.com,IN,NYC
C04784,2024-10-01,Email,cust4784@example.com,UK,Delhi
C04785,2023-06-07,Organic Search,cust4785@example.com,US,Pune
C04786,2023-04-25,Social Ads,cust4786@example.com,UK,Pune
C04787,2023-12-02,Paid Search,cust4787@example.com,AU,Toronto
C04788,2023-06-25,Social Ads,cust4788@example.com,UK,Mumbai
C04789,2023-06-23,Organic Search,cust4789@example.com,IN,Pune
C04790,2023-06-10,Organic Search,cust4790@example.com,IN,Mumbai
C04791,2023-07-23,Organic Search,cust4791@example.com,IN,London
C04792,2024-06-17,Organic Search,cust4792@example.com,US,NYC
C04793,2024-02-09,Email,cust4793@example.com,IN,NYC
C04794,2023-08-14,Paid Search,cust4794@example.com,CA,Mumbai
C04795,2024-06-01,Influencer,cust4795@example.com,IN,Mumbai
C04796,2023-07-22,Paid Search,cust4796@example.com,UK,NYC
C04797,2024-08-27,Paid Search,cust4797@example.com,IN,Sydney
C04798,2024-04-06,Organic Search,cust4798@example.com,UK,NYC
C04799,2024-03-21,Direct,cust4799@example.com,UK,Toronto
C04800,2024-07-11,Email,cust4800@example.com,US,Mumbai
C04801,2024-07-03,Organic Search,cust4801@example.com,AU,Delhi
C04802,2024-03-07,Paid Search,cust4802@example.com,IN,Toronto
C04803,2024-04-30,Organic Search,cust4803@example.com,UK,NYC
C04804,2023-07-22,Paid Search,cust4804@example.com,CA,Bangalore
C04805,2023-04-23,Organic Search,cust4805@example.com,US,Mumbai
C04806,2024-06-09,Direct,cust4806@example.com,IN,NYC
C04807,2024-01-17,Email,cust4807@example.com,CA,Mumbai
C04808,2023-08-10,Paid Search,cust4808@example.com,CA,NYC
C04809,2024-01-27,Paid Search,cust4809@example.com,US,Toronto
C04810,2024-02-02,Direct,cust4810@example.com,UK,Pune
C04811,2023-09-29,Organic Search,cust4811@example.com,US,Mumbai
C04812,2024-04-26,Influencer,cust4812@example.com,UK,Toronto
C04813,2023-05-23,Direct,cust4813@example.com,UK,Delhi
C04814,2023-09-16,Organic Search,cust4814@example.com,IN,Delhi
C04815,2023-01-25,Social Ads,cust4815@example.com,IN,NYC
C04816,2023-06-11,Social Ads,cust4816@example.com,IN,Bangalore
C04817,2024-05-20,Paid Search,cust4817@example.com,IN,Sydney
C04818,2023-02-19,Paid Search,cust4818@example.com,US,Bangalore
C04819,2024-01-31,Email,cust4819@example.com,IN,Delhi
C04820,2023-01-11,Paid Search,cust4820@example.com,CA,NYC
C04821,2024-11-17,Social Ads,cust4821@example.com,IN,Pune
C04822,2023-01-29,Paid Search,cust4822@example.com,IN,Pune
C04823,2024-04-04,Paid Search,cust4823@example.com,IN,Pune
C04824,2023-05-01,Organic Search,cust4824@example.com,AU,Pune
C04825,2024-09-18,Social Ads,cust4825@example.com,IN,London
C04826,2023-09-24,Email,cust4826@example.com,US,Mumbai
C04827,2024-06-29,Social Ads,cust4827@example.com,US,Toronto
C04828,2023-02-22,Email,cust4828@example.com,IN,Mumbai
C04829,2023-01-29,Social Ads,cust4829@example.com,AU,Bangalore
C04830,2023-09-12,Influencer,cust4830@example.com,UK,Mumbai
C04831,2024-09-21,Email,cust4831@example.com,IN,London
C04832,2024-08-03,Social Ads,cust4832@example.com,IN,Mumbai
C04833,2024-10-19,Organic Search,,US,London
C04834,2023-12-11,Direct,cust4834@example.com,IN,Mumbai
C04835,2023-01-07,Social Ads,cust4835@example.com,IN,Toronto
C04836,2024-07-24,Social Ads,cust4836@example.com,IN,NYC
C04837,2024-03-31,Email,cust4837@example.com,US,Sydney
C04838,2024-06-09,Email,cust4838@example.com,US,Delhi
C04839,2023-04-14,Social Ads,cust4839@example.com,US,NYC
C04840,2023-10-31,Organic Search,cust4840@example.com,CA,London
C04841,2023-01-15,Organic Search,cust4841@example.com,US,London
C04842,2024-04-06,Email,cust4842@example.com,IN,London
C04843,2023-07-17,Organic Search,cust4843@example.com,UK,Toronto
C04844,2024-11-09,Paid Search,cust4844@example.com,UK,NYC
C04845,2023-06-05,Influencer,cust4845@example.com,IN,Sydney
C04846,2023-07-11,Email,cust4846@example.com,UK,Pune
C04847,2023-10-21,Paid Search,cust4847@example.com,UK,Bangalore
C04848,2024-05-06,Organic Search,cust4848@example.com,IN,Toronto
C04849,2024-02-11,Direct,cust4849@example.com,IN,London
C04850,2023-05-07,Social Ads,cust4850@example.com,IN,Pune
C04851,2024-03-29,Email,cust4851@example.com,AU,Mumbai
C04852,2024-11-12,Direct,cust4852@example.com,US,Delhi
C04853,2024-04-19,Organic Search,cust4853@example.com,IN,London
C04854,2024-05-15,Influencer,cust4854@example.com,US,Bangalore
C04855,2024-05-14,Direct,cust4855@example.com,US,London
C04856,2024-04-03,Paid Search,cust4856@example.com,AU,NYC
C04857,2024-08-30,Social Ads,cust4857@example.com,IN,Pune
C04858,2023-04-27,Paid Search,cust4858@example.com,UK,NYC
C04859,2024-03-10,Influencer,cust4859@example.com,IN,Delhi
C04860,2023-10-02,Organic Search,cust4860@example.com,IN,Toronto
C04861,2023-12-02,Direct,cust4861@example.com,UK,Sydney
C04862,2024-02-15,Organic Search,cust4862@example.com,US,Toronto
C04863,2023-10-09,Influencer,cust4863@example.com,US,Bangalore
C04864,2023-03-14,Email,cust4864@example.com,AU,Toronto
C04865,2024-10-20,Email,cust4865@example.com,UK,Toronto
C04866,2024-11-28,Social Ads,cust4866@example.com,US,Toronto
C04867,2023-06-03,Email,cust4867@example.com,AU,Mumbai
C04868,2024-04-03,Paid Search,cust4868@example.com,IN,NYC
C04869,2023-09-03,Paid Search,cust4869@example.com,US,London
C04870,2024-11-03,Direct,cust4870@example.com,US,Bangalore
C04871,2023-11-16,Direct,cust4871@example.com,AU,Delhi
C04872,2023-03-23,Social Ads,cust4872@example.com,US,London
C04873,2023-02-28,Paid Search,cust4873@example.com,CA,Delhi
C04874,2023-09-20,Paid Search,cust4874@example.com,CA,NYC
C04875,2024-05-04,Email,cust4875@example.com,US,NYC
C04876,2024-06-16,Paid Search,cust4876@example.com,IN,Toronto
C04877,2023-08-18,Paid Search,cust4877@example.com,CA,Pune
C04878,2024-06-29,Email,cust4878@example.com,IN,Toronto
C04879,2023-01-28,Social Ads,cust4879@example.com,UK,NYC
C04880,2023-06-04,Email,cust4880@example.com,CA,Sydney
C04881,2024-02-11,Social Ads,cust4881@example.com,CA,Pune
C04882,2023-02-27,Paid Search,cust4882@example.com,UK,London
C04883,2023-01-01,Email,cust4883@example.com,AU,London
C04884,2023-07-29,Email,cust4884@example.com,IN,Mumbai
C04885,2023-06-18,Organic Search,cust4885@example.com,US,NYC
C04886,2023-05-09,Organic Search,cust4886@example.com,IN,Pune
C04887,2024-07-25,Social Ads,cust4887@example.com,IN,Sydney
C04888,2024-09-14,Social Ads,,CA,Bangalore
C04889,2023-11-15,Email,cust4889@example.com,IN,Delhi
C04890,2023-09-10,Influencer,cust4890@example.com,US,NYC
C04891,2023-11-01,Organic Search,cust4891@example.com,US,Toronto
C04892,2023-09-02,Organic Search,cust4892@example.com,IN,Toronto
C04893,2023-03-23,Email,cust4893@example.com,US,Bangalore
C04894,2023-02-23,Email,cust4894@example.com,UK,Pune
C04895,2024-09-08,Organic Search,cust4895@example.com,CA,Delhi
C04896,2024-05-31,Email,cust4896@example.com,US,Delhi
C04897,2023-09-06,Paid Search,cust4897@example.com,UK,Bangalore
C04898,2023-09-27,Paid Search,cust4898@example.com,UK,Sydney
C04899,2024-09-23,Email,cust4899@example.com,IN,NYC
C04900,2024-01-14,Social Ads,cust4900@example.com,IN,Sydney
C04901,2024-06-07,Direct,cust4901@example.com,CA,Sydney
C04902,2023-08-11,Organic Search,cust4902@example.com,US,NYC
C04903,2024-11-28,Direct,cust4903@example.com,US,Bangalore
C04904,2023-03-23,Organic Search,cust4904@example.com,US,Delhi
C04905,2024-09-26,Social Ads,cust4905@example.com,IN,Sydney
C04906,2024-10-22,Organic Search,cust4906@example.com,IN,NYC
C04907,2024-02-09,Email,cust4907@example.com,UK,London
C04908,2024-07-04,Paid Search,cust4908@example.com,IN,London
C04909,2023-11-24,Organic Search,cust4909@example.com,IN,NYC
C04910,2024-02-09,Influencer,cust4910@example.com,IN,Sydney
C04911,2024-08-31,Influencer,cust4911@example.com,US,Bangalore
C04912,2023-08-25,Organic Search,cust4912@example.com,IN,Bangalore
C04913,2023-10-06,Paid Search,cust4913@example.com,CA,NYC
C04914,2024-09-22,Organic Search,cust4914@example.com,US,Mumbai
C04915,2024-11-18,Organic Search,cust4915@example.com,UK,Bangalore
C04916,2024-08-19,Paid Search,cust4916@example.com,US,Toronto
C04917,2023-01-05,Organic Search,cust4917@example.com,IN,Bangalore
C04918,2024-08-06,Organic Search,cust4918@example.com,US,Pune
C04919,2024-09-24,Email,cust4919@example.com,UK,Delhi
C04920,2023-06-20,Social Ads,cust4920@example.com,IN,Sydney
C04921,2023-07-26,Paid Search,cust4921@example.com,CA,Mumbai
C04922,2024-06-04,Organic Search,cust4922@example.com,US,Bangalore
C04923,2023-08-16,Direct,cust4923@example.com,US,Toronto
C04924,2023-11-10,Organic Search,cust4924@example.com,UK,Toronto
C04925,2023-12-29,Influencer,cust4925@example.com,US,Toronto
C04926,2023-04-26,Email,cust4926@example.com,IN,Bangalore
C04927,2023-04-25,Organic Search,cust4927@example.com,US,NYC
C04928,2023-11-07,Email,cust4928@example.com,US,Pune
C04929,2023-04-22,Influencer,cust4929@example.com,UK,Mumbai
C04930,2024-01-10,Social Ads,cust4930@example.com,US,Mumbai
C04931,2024-06-01,Direct,cust4931@example.com,IN,NYC
C04932,2023-05-06,Direct,cust4932@example.com,US,Bangalore
C04933,2024-04-09,Organic Search,cust4933@example.com,AU,Pune
C04934,2023-03-09,Direct,cust4934@example.com,IN,London
C04935,2023-05-17,Paid Search,cust4935@example.com,UK,Pune
C04936,2023-05-09,Paid Search,cust4936@example.com,IN,Pune
C04937,2024-04-01,Organic Search,cust4937@example.com,US,Sydney
C04938,2023-07-03,Organic Search,cust4938@example.com,IN,Delhi
C04939,2024-01-18,Direct,cust4939@example.com,AU,Delhi
C04940,2024-02-05,Direct,cust4940@example.com,US,Delhi
C04941,2024-05-25,Influencer,cust4941@example.com,US,Bangalore
C04942,2023-12-07,Email,cust4942@example.com,IN,Bangalore
C04943,2024-08-30,Social Ads,cust4943@example.com,US,Delhi
C04944,2023-12-06,Organic Search,cust4944@example.com,UK,NYC
C04945,2024-04-02,Paid Search,cust4945@example.com,IN,Toronto
C04946,2023-01-03,Organic Search,cust4946@example.com,CA,Mumbai
C04947,2024-04-06,Social Ads,cust4947@example.com,IN,Mumbai
C04948,2024-02-19,Email,cust4948@example.com,UK,NYC
C04949,2023-10-12,Paid Search,cust4949@example.com,IN,NYC
C04950,2023-09-01,Paid Search,cust4950@example.com,IN,Bangalore
C04951,2024-05-21,Direct,cust4951@example.com,IN,Bangalore
C04952,2023-03-22,Email,cust4952@example.com,IN,Mumbai
C04953,2024-04-09,Email,cust4953@example.com,IN,NYC
C04954,2023-10-20,Paid Search,cust4954@example.com,IN,Pune
C04955,2024-07-12,Organic Search,cust4955@example.com,IN,Toronto
C04956,2023-08-10,Direct,cust4956@example.com,IN,Toronto
C04957,2024-03-19,Organic Search,cust4957@example.com,AU,NYC
C04958,2024-11-03,Organic Search,cust4958@example.com,CA,Bangalore
C04959,2023-11-29,Organic Search,cust4959@example.com,IN,Delhi
C04960,2024-07-28,Direct,cust4960@example.com,IN,Toronto
C04961,2023-02-01,Organic Search,cust4961@example.com,US,London
C04962,2023-06-09,Influencer,cust4962@example.com,US,Sydney
C04963,2024-02-22,Influencer,cust4963@example.com,UK,NYC
C04964,2023-11-03,Organic Search,cust4964@example.com,AU,Sydney
C04965,2024-09-24,Organic Search,cust4965@example.com,UK,London
C04966,2023-10-13,Influencer,cust4966@example.com,IN,Bangalore
C04967,2024-04-15,Organic Search,cust4967@example.com,IN,NYC
C04968,2023-05-31,Social Ads,cust4968@example.com,IN,Toronto
C04969,2024-01-02,Organic Search,cust4969@example.com,US,Bangalore
C04970,2023-10-22,Direct,cust4970@example.com,IN,NYC
C04971,2024-10-19,Social Ads,cust4971@example.com,IN,Sydney
C04972,2024-02-26,Social Ads,cust4972@example.com,IN,Mumbai
C04973,2023-05-22,Influencer,cust4973@example.com,IN,NYC
C04974,2023-05-17,Paid Search,cust4974@example.com,IN,Mumbai
C04975,2024-04-08,Organic Search,cust4975@example.com,IN,Mumbai
C04976,2024-06-24,Influencer,cust4976@example.com,IN,NYC
C04977,2024-07-05,Email,cust4977@example.com,AU,Delhi
C04978,2023-01-04,Paid Search,cust4978@example.com,IN,Bangalore
C04979,2023-08-15,Email,cust4979@example.com,IN,Mumbai
C04980,2024-09-17,Organic Search,cust4980@example.com,IN,Pune
C04981,2023-04-09,Paid Search,cust4981@example.com,US,Toronto
C04982,2023-11-17,Influencer,cust4982@example.com,IN,Pune
C04983,2024-03-17,Organic Search,cust4983@example.com,US,Toronto
C04984,2024-11-18,Organic Search,cust4984@example.com,IN,London
C04985,2023-10-07,Direct,cust4985@example.com,UK,NYC
C04986,2024-10-12,Direct,,US,NYC
C04987,2024-07-06,Social Ads,cust4987@example.com,US,Mumbai
C04988,2023-06-02,Influencer,cust4988@example.com,IN,Pune
C04989,2024-05-26,Organic Search,cust4989@example.com,CA,Bangalore
C04990,2023-07-06,Organic Search,cust4990@example.com,US,London
C04991,2023-11-18,Influencer,cust4991@example.com,UK,Sydney
C04992,2023-06-20,Organic Search,cust4992@example.com,IN,NYC
C04993,2024-05-20,Paid Search,cust4993@example.com,IN,Delhi
C04994,2024-04-28,Influencer,cust4994@example.com,IN,Mumbai
C04995,2024-03-30,Influencer,cust4995@example.com,UK,Pune
C04996,2023-06-25,Organic Search,cust4996@example.com,US,Delhi
C04997,2023-03-06,Paid Search,cust4997@example.com,AU,Bangalore
C04998,2023-02-03,Influencer,cust4998@example.com,CA,Pune
C04999,2024-01-20,Organic Search,cust4999@example.com,IN,Delhi
C05000,2023-05-24,Influencer,cust5000@example.com,US,Bangalore
