return_id,order_id,return_date,return_status,refund_amount,return_reason
R50000,O111975,2024-05-09,Full Return,290.58,Changed mind
R50001,O134344,2024-12-20,Partial Return,71.21,Damaged in transit
R50002,O147124,2024-02-12,Full Return,2791.83,Wrong size
R50003,O126382,2025-02-01,Partial Return,140.53,Changed mind
R50004,O139020,2024-09-12,Full Return,426.99,Defective
R50005,O130703,2024-08-24,Full Return,57.7,Wrong size
R50006,O118849,2024-12-22,Partial Return,67.58,Wrong size
R50007,O125216,2024-09-20,Full Return,922.36,Defective
R50008,O135503,2024-10-26,Full Return,170.48,Changed mind
R50009,O147860,2024-05-05,Full Return,1668.5,Defective
R50010,O124296,2024-02-15,Partial Return,1077.1,Not as described
R50011,O100651,2024-09-02,Full Return,258.81,Changed mind
R50012,O105960,2025-01-18,Full Return,6462.57,Not as described
R50013,O117791,2024-10-27,Full Return,53.59,Changed mind
R50014,O120943,2025-01-07,Full Return,6532.92,Wrong size
R50015,O111333,2024-12-09,Full Return,36.87,Defective
R50016,O118780,2024-06-06,Full Return,82.18,Wrong size
R50017,O118374,2024-05-26,Full Return,135.0,Wrong size
R50018,O124493,2024-04-29,Full Return,230.4,Changed mind
R50019,O146141,2024-11-09,Full Return,2938.77,Not as described
R50020,O123088,2024-12-18,Full Return,206.52,Damaged in transit
R50021,O110671,2024-08-30,Full Return,85.3,Wrong size
R50022,O124165,2024-07-14,Full Return,349.96,Changed mind
R50023,O128157,2024-06-08,Partial Return,12.62,Damaged in transit
R50024,O116302,2024-05-29,Partial Return,89.72,Damaged in transit
R50025,O145118,2024-10-24,Full Return,135.0,Not as described
R50026,O108362,2024-03-05,Full Return,72.96,Wrong size
R50027,O111706,2024-07-10,Full Return,38.91,Damaged in transit
R50028,O125637,2024-05-03,Full Return,38.56,Changed mind
R50029,O134846,2024-11-29,Full Return,79.05,Wrong size
R50030,O129783,2024-06-11,Partial Return,25.31,Defective
R50031,O115661,2024-12-25,Full Return,582.15,Changed mind
R50032,O110570,2024-09-24,Full Return,112.75,Changed mind
R50033,O108547,2024-07-02,Full Return,95.64,Changed mind
R50034,O147272,2024-11-29,Full Return,213.39,Changed mind
R50035,O111826,2024-05-20,Full Return,177.3,Defective
R50036,O144861,2024-08-10,Full Return,69.35,Wrong size
R50037,O122178,2024-10-09,Full Return,169.13,Changed mind
R50038,O141071,2024-08-26,Full Return,86.27,Not as described
R50039,O112858,2024-05-30,Partial Return,79.25,Wrong size
R50040,O129877,2025-01-02,Full Return,4945.0,Wrong size
R50041,O108051,2024-08-26,Full Return,40.15,Changed mind
R50042,O107339,2024-11-13,Full Return,208.74,Wrong size
R50043,O136339,2024-06-09,Full Return,22.94,Not as described
R50044,O113543,2024-07-30,Full Return,160.77,Wrong size
R50045,O117058,2024-08-10,Partial Return,67.69,Changed mind
R50046,O109474,2024-12-05,Partial Return,207.12,Wrong size
R50047,O142462,2024-12-12,Full Return,493.24,Wrong size
R50048,O121690,2024-06-16,Full Return,33.69,Not as described
R50049,O100960,2024-09-13,Partial Return,54.68,Changed mind
R50050,O104533,2024-12-25,Full Return,168.44,Defective
R50051,O119980,2024-04-19,Full Return,162.63,Wrong size
R50052,O110098,2024-09-04,Full Return,102.92,Wrong size
R50053,O149721,2024-06-14,Full Return,214.29,Defective
R50054,O111373,2024-12-24,Partial Return,10.34,Changed mind
R50055,O138545,2024-03-08,Full Return,642.55,Changed mind
R50056,O102308,2024-12-21,Full Return,403.04,Changed mind
R50057,O127249,2024-06-13,Full Return,565.46,Changed mind
R50058,O144371,2024-12-13,Full Return,157.83,Defective
R50059,O143092,2024-12-29,Full Return,494.58,Not as described
R50060,O135128,2024-08-16,Full Return,168.4,Defective
R50061,O132567,2024-06-03,Full Return,133.24,Changed mind
R50062,O131071,2024-06-02,Full Return,2177.64,Damaged in transit
R50063,O114107,2024-10-26,Full Return,24.44,Wrong size
R50064,O139532,2024-11-20,Full Return,490.61,Changed mind
R50065,O143411,2024-02-28,Full Return,313.22,Defective
R50066,O150151,2024-03-21,Full Return,444.69,Changed mind
R50067,O145651,2024-09-21,Full Return,316.5,Not as described
R50068,O130800,2024-08-18,Partial Return,207.48,Wrong size
R50069,O139662,2024-12-31,Partial Return,205.85,Defective
R50070,O107584,2024-05-06,Full Return,16.15,Wrong size
R50071,O125487,2024-04-03,Full Return,61.35,Not as described
R50072,O111646,2024-06-21,Partial Return,21.38,Changed mind
R50073,O132331,2024-07-22,Full Return,253.7,Defective
R50074,O125777,2024-11-27,Full Return,340.8,Changed mind
R50075,O126592,2024-11-30,Full Return,158.25,Damaged in transit
R50076,O112683,2024-12-22,Full Return,178.44,Defective
R50077,O140317,2024-10-20,Full Return,129.4,Changed mind
R50078,O139909,2024-11-18,Partial Return,20.76,Changed mind
R50079,O136164,2025-01-15,Full Return,5534.16,Not as described
R50080,O117492,2025-01-19,Full Return,179.26,Wrong size
R50081,O116946,2024-06-28,Full Return,261.45,Defective
R50082,O108220,2024-10-19,Partial Return,56.15,Changed mind
R50083,O124595,2024-05-29,Full Return,4308.38,Changed mind
R50084,O121432,2024-07-21,Partial Return,41.35,Wrong size
R50085,O120049,2024-04-02,Partial Return,61.68,Defective
R50086,O102777,2024-04-24,Full Return,187.33,Not as described
R50087,O126324,2025-01-04,Full Return,2791.83,Changed mind
R50088,O130599,2024-12-07,Full Return,202.5,Changed mind
R50089,O111655,2024-01-26,Full Return,12.29,Changed mind
R50090,O142989,2024-09-24,Full Return,221.42,Not as described
R50091,O106896,2024-12-16,Partial Return,474.87,Damaged in transit
R50092,O122568,2024-11-08,Full Return,45.55,Wrong size
R50093,O144242,2024-12-21,Full Return,3243.39,Defective
R50094,O133644,2024-08-30,Partial Return,941.98,Damaged in transit
R50095,O149855,2025-01-16,Full Return,1089.62,Defective
R50096,O135705,2024-09-28,Full Return,18.73,Defective
R50097,O105518,2024-06-11,Full Return,32.3,Wrong size
R50098,O147315,2024-08-20,Full Return,323.76,Changed mind
R50099,O145568,2024-11-18,Partial Return,190.24,Not as described
R50100,O149222,2025-01-01,Full Return,157.41,Not as described
R50101,O142461,2024-12-13,Partial Return,57.62,Damaged in transit
R50102,O129413,2024-06-30,Partial Return,567.54,Damaged in transit
R50103,O133877,2024-08-23,Full Return,406.17,Wrong size
R50104,O112306,2025-01-08,Full Return,61.11,Wrong size
R50105,O128159,2024-10-02,Full Return,199.86,Changed mind
R50106,O112303,2024-01-22,Full Return,1918.68,Wrong size
R50107,O143220,2024-07-23,Full Return,260.7,Wrong size
R50108,O143814,2024-09-05,Full Return,1545.26,Changed mind
R50109,O115104,2024-04-04,Full Return,33.0,Changed mind
R50110,O111814,2024-09-16,Full Return,233.32,Changed mind
R50111,O120806,2024-07-30,Partial Return,7.47,Wrong size
R50112,O137063,2024-09-17,Full Return,2177.64,Defective
R50113,O134032,2024-08-02,Full Return,123.99,Not as described
R50114,O105679,2024-09-15,Full Return,6209.01,Not as described
R50115,O126511,2024-05-19,Full Return,70.47,Changed mind
R50116,O115353,2024-11-06,Full Return,1101.2,Not as described
R50117,O119054,2024-06-13,Full Return,84.22,Changed mind
R50118,O101835,2025-01-20,Full Return,289.45,Not as described
R50119,O147726,2024-09-15,Partial Return,89.63,Wrong size
R50120,O104265,2024-03-13,Partial Return,239.84,Changed mind
R50121,O114151,2024-10-29,Full Return,38.85,Damaged in transit
R50122,O124315,2024-10-04,Full Return,314.82,Damaged in transit
R50123,O101560,2024-11-03,Full Return,46.96,Wrong size
R50124,O101252,2024-12-01,Full Return,5307.5,Wrong size
R50125,O117830,2024-07-02,Partial Return,136.41,Not as described
R50126,O115788,2024-02-24,Full Return,17.2,Changed mind
R50127,O138433,2024-09-30,Full Return,20.19,Damaged in transit
R50128,O139469,2024-07-01,Full Return,414.25,Wrong size
R50129,O102205,2024-10-24,Full Return,230.4,Changed mind
R50130,O139797,2024-12-03,Partial Return,23.17,Changed mind
R50131,O141286,2025-01-07,Full Return,78.92,Wrong size
R50132,O123557,2025-01-09,Full Return,188.47,Not as described
R50133,O126457,2024-12-09,Full Return,63.15,Defective
R50134,O134210,2024-11-09,Full Return,277.56,Wrong size
R50135,O125205,2024-11-06,Partial Return,31.0,Not as described
R50136,O116767,2024-11-15,Full Return,556.32,Wrong size
R50137,O108293,2024-03-16,Full Return,142.21,Changed mind
R50138,O145112,2024-03-07,Full Return,704.48,Defective
R50139,O106099,2024-11-30,Full Return,762.7,Not as described
R50140,O128091,2024-11-05,Full Return,406.46,Damaged in transit
R50141,O100294,2024-09-21,Full Return,204.84,Damaged in transit
R50142,O138959,2024-05-31,Full Return,617.55,Wrong size
R50143,O144201,2024-06-11,Full Return,16756.5,Changed mind
R50144,O134705,2024-12-20,Full Return,40.74,Changed mind
R50145,O119113,2024-11-29,Full Return,929.74,Not as described
R50146,O132121,2025-01-28,Full Return,444.53,Wrong size
R50147,O115802,2024-03-12,Full Return,114.18,Damaged in transit
R50148,O114841,2024-08-09,Partial Return,214.34,Not as described
R50149,O116140,2024-08-19,Full Return,120.45,Defective
R50150,O104574,2024-07-19,Full Return,320.21,Changed mind
R50151,O102499,2025-01-10,Full Return,1070.76,Defective
R50152,O104832,2024-02-13,Full Return,417.62,Wrong size
R50153,O126703,2024-02-20,Full Return,31.88,Defective
R50154,O146408,2024-12-09,Full Return,213.63,Wrong size
R50155,O121291,2024-03-08,Full Return,922.36,Changed mind
R50156,O136883,2024-06-04,Partial Return,48.9,Wrong size
R50157,O134067,2024-12-07,Full Return,7417.5,Changed mind
R50158,O109392,2024-12-09,Full Return,441.06,Wrong size
R50159,O133227,2024-10-25,Full Return,16.15,Not as described
R50160,O117179,2024-11-23,Full Return,4555.09,Defective
R50161,O129742,2024-08-18,Full Return,1005.51,Wrong size
R50162,O113241,2024-11-05,Full Return,3740.47,Damaged in transit
R50163,O119386,2024-07-11,Full Return,15.65,Not as described
R50164,O144852,2024-08-05,Full Return,289.45,Not as described
R50165,O140790,2024-12-16,Full Return,2472.5,Not as described
R50166,O136761,2024-03-15,Full Return,5578.44,Wrong size
R50167,O109650,2024-07-17,Full Return,39.34,Wrong size
R50168,O138727,2024-06-19,Full Return,4329.8,Changed mind
R50169,O130113,2024-01-16,Full Return,148.15,Wrong size
R50170,O144076,2024-12-26,Full Return,67.38,Changed mind
R50171,O135955,2024-11-22,Partial Return,50.62,Damaged in transit
R50172,O122232,2024-08-16,Full Return,275.31,Damaged in transit
R50173,O124348,2024-02-04,Full Return,20.19,Not as described
R50174,O125042,2024-08-06,Partial Return,1746.45,Wrong size
R50175,O100660,2024-02-01,Full Return,85.01,Changed mind
R50176,O119902,2024-11-18,Partial Return,20.76,Changed mind
R50177,O116137,2024-09-06,Full Return,2293.94,Changed mind
R50178,O100581,2024-05-28,Full Return,413.22,Changed mind
R50179,O135117,2024-12-28,Full Return,260.46,Changed mind
R50180,O104381,2024-09-05,Full Return,19.19,Changed mind
R50181,O117782,2024-05-10,Full Return,118.7,Not as described
R50182,O103975,2025-01-16,Full Return,444.53,Defective
R50183,O118979,2024-09-20,Full Return,2653.11,Not as described
R50184,O123931,2024-01-15,Full Return,67.08,Defective
R50185,O129472,2024-04-17,Partial Return,3738.4,Wrong size
R50186,O102154,2024-08-02,Full Return,23.49,Defective
R50187,O115775,2024-05-09,Full Return,113.65,Changed mind
R50188,O147886,2024-08-02,Full Return,247.29,Not as described
R50189,O136399,2024-07-10,Full Return,631.65,Wrong size
R50190,O127443,2024-04-02,Full Return,29.91,Defective
R50191,O131734,2024-07-04,Full Return,278.16,Defective
R50192,O122851,2024-05-10,Full Return,685.42,Wrong size
R50193,O148226,2024-04-26,Partial Return,495.78,Wrong size
R50194,O121460,2024-09-09,Full Return,510.72,Wrong size
R50195,O142780,2024-09-14,Full Return,204.68,Wrong size
R50196,O118557,2024-05-10,Full Return,2792.75,Not as described
R50197,O111815,2024-12-15,Full Return,210.44,Changed mind
R50198,O121800,2024-12-07,Full Return,173.8,Not as described
R50199,O144173,2024-07-11,Full Return,15.34,Not as described
R50200,O107427,2024-10-15,Full Return,54.63,Damaged in transit
R50201,O142113,2024-11-19,Full Return,78.91,Wrong size
R50202,O138470,2024-12-31,Full Return,90.25,Wrong size
R50203,O139009,2024-07-06,Full Return,240.44,Defective
R50204,O100605,2024-01-26,Full Return,22.85,Changed mind
R50205,O119387,2024-12-30,Full Return,257.42,Not as described
R50206,O147746,2024-12-05,Full Return,125.18,Not as described
R50207,O122062,2024-11-28,Partial Return,619.2,Defective
R50208,O110221,2024-03-01,Partial Return,31.0,Wrong size
R50209,O107722,2024-02-21,Full Return,47.7,Wrong size
R50210,O101134,2024-02-15,Full Return,1622.37,Changed mind
R50211,O129500,2024-12-27,Full Return,86.91,Changed mind
R50212,O146509,2024-07-06,Partial Return,62.95,Defective
R50213,O125378,2024-09-30,Full Return,24.58,Wrong size
R50214,O139296,2024-09-06,Full Return,1451.76,Changed mind
R50215,O133139,2024-05-06,Full Return,3767.93,Damaged in transit
R50216,O121692,2024-03-20,Full Return,75.0,Changed mind
R50217,O142774,2024-04-23,Full Return,65.26,Not as described
R50218,O113980,2024-07-08,Full Return,465.17,Damaged in transit
R50219,O142176,2024-10-11,Full Return,115.96,Changed mind
R50220,O113276,2024-12-11,Full Return,8.93,Defective
R50221,O140768,2024-03-05,Full Return,405.9,Damaged in transit
R50222,O101561,2024-10-31,Full Return,268.69,Wrong size
R50223,O103597,2024-08-09,Partial Return,71.92,Not as described
R50224,O111713,2024-12-31,Partial Return,578.43,Wrong size
R50225,O143663,2024-12-19,Full Return,1606.14,Damaged in transit
R50226,O115526,2024-04-28,Full Return,471.64,Damaged in transit
R50227,O122187,2024-07-25,Full Return,203.08,Changed mind
R50228,O108610,2024-09-17,Full Return,2793.42,Not as described
R50229,O133645,2024-03-19,Full Return,33.59,Changed mind
R50230,O122446,2024-09-29,Full Return,52.61,Not as described
R50231,O146996,2024-12-08,Full Return,444.53,Defective
R50232,O136979,2024-09-21,Full Return,3243.39,Changed mind
R50233,O125813,2024-06-27,Full Return,2014.56,Changed mind
R50234,O118601,2024-09-05,Full Return,38.51,Wrong size
R50235,O122931,2024-04-26,Full Return,40.94,Defective
R50236,O121251,2025-01-09,Full Return,97.89,Wrong size
R50237,O112198,2024-11-30,Partial Return,58.12,Wrong size
R50238,O123127,2024-08-24,Full Return,45.88,Not as described
R50239,O142475,2024-10-11,Full Return,444.69,Changed mind
R50240,O103772,2024-11-19,Full Return,180.03,Damaged in transit
R50241,O133019,2024-11-26,Full Return,1194.83,Damaged in transit
R50242,O147489,2024-07-20,Partial Return,22.45,Changed mind
R50243,O115753,2024-08-22,Full Return,922.36,Changed mind
R50244,O101811,2024-11-29,Full Return,34.73,Damaged in transit
R50245,O135518,2024-07-17,Full Return,21548.84,Defective
R50246,O101805,2024-12-12,Full Return,132.62,Wrong size
R50247,O102348,2024-02-20,Full Return,49.66,Damaged in transit
R50248,O149504,2025-01-05,Full Return,38.16,Changed mind
R50249,O107477,2024-02-22,Partial Return,51.27,Defective
R50250,O137272,2024-09-26,Full Return,264.25,Changed mind
R50251,O106365,2024-08-14,Full Return,131.63,Changed mind
R50252,O129131,2024-10-10,Partial Return,57.09,Not as described
R50253,O124596,2025-01-20,Full Return,235.43,Wrong size
R50254,O109454,2024-11-23,Partial Return,92.2,Wrong size
R50255,O120341,2024-10-02,Full Return,405.3,Changed mind
R50256,O128850,2024-02-17,Full Return,122.85,Changed mind
R50257,O141871,2024-09-07,Full Return,9.04,Defective
R50258,O104183,2024-08-16,Full Return,1487.34,Not as described
R50259,O124445,2024-10-07,Full Return,3937.34,Wrong size
R50260,O135072,2024-09-07,Full Return,119.04,Damaged in transit
R50261,O100664,2024-06-23,Full Return,16.26,Changed mind
R50262,O108495,2024-06-16,Full Return,877.98,Wrong size
R50263,O139043,2024-08-09,Full Return,4788.63,Changed mind
R50264,O131589,2024-04-13,Full Return,57.62,Wrong size
R50265,O112928,2024-12-01,Full Return,163.36,Changed mind
R50266,O132095,2024-11-23,Full Return,396.74,Changed mind
R50267,O149751,2024-12-30,Partial Return,94.22,Not as described
R50268,O112319,2024-11-17,Partial Return,205.85,Changed mind
R50269,O148113,2024-12-12,Full Return,422.22,Defective
R50270,O116256,2024-11-24,Full Return,215.93,Changed mind
R50271,O145634,2024-11-02,Full Return,14.96,Defective
R50272,O105686,2024-11-11,Full Return,29.03,Wrong size
R50273,O144397,2024-09-11,Partial Return,67.36,Damaged in transit
R50274,O138186,2024-09-06,Partial Return,16.23,Not as described
R50275,O139990,2024-12-30,Full Return,658.17,Not as described
R50276,O137065,2024-04-13,Full Return,209.85,Changed mind
R50277,O101222,2024-05-10,Full Return,1396.38,Damaged in transit
R50278,O134038,2024-05-13,Full Return,199.07,Changed mind
R50279,O109996,2024-06-19,Partial Return,29.66,Damaged in transit
R50280,O119616,2025-01-31,Full Return,1005.51,Wrong size
R50281,O142342,2024-09-23,Full Return,922.36,Damaged in transit
R50282,O112938,2024-07-07,Partial Return,62.95,Defective
R50283,O126363,2024-10-22,Full Return,211.62,Defective
R50284,O129115,2024-03-08,Full Return,52.17,Defective
R50285,O126555,2024-12-05,Full Return,380.48,Wrong size
R50286,O148020,2024-08-12,Partial Return,50.6,Defective
R50287,O108775,2024-03-19,Full Return,857.36,Defective
R50288,O123801,2024-07-05,Full Return,186.38,Defective
R50289,O101703,2024-02-23,Partial Return,19.34,Defective
R50290,O127206,2024-11-05,Full Return,298.4,Changed mind
R50291,O104034,2024-09-10,Full Return,495.33,Changed mind
R50292,O125706,2024-12-28,Full Return,11.47,Not as described
R50293,O113610,2024-05-06,Full Return,9.04,Defective
R50294,O119790,2024-05-31,Full Return,32.99,Wrong size
R50295,O102356,2024-03-29,Full Return,109.7,Defective
R50296,O137156,2024-07-02,Partial Return,18.39,Defective
R50297,O125729,2024-10-13,Full Return,3081.22,Not as described
R50298,O136084,2024-11-10,Full Return,2072.12,Wrong size
R50299,O125114,2024-12-14,Partial Return,204.68,Wrong size
R50300,O118161,2024-07-11,Full Return,38.56,Wrong size
R50301,O136540,2024-11-08,Full Return,1189.98,Changed mind
R50302,O143369,2024-03-14,Full Return,6209.01,Changed mind
R50303,O116905,2024-07-20,Full Return,178.44,Not as described
R50304,O133847,2024-12-26,Full Return,340.95,Changed mind
R50305,O148911,2024-12-01,Full Return,74.79,Not as described
R50306,O119702,2024-12-21,Partial Return,76.17,Changed mind
R50307,O129494,2024-09-28,Full Return,149.97,Wrong size
R50308,O140672,2024-10-11,Partial Return,86.97,Wrong size
R50309,O144668,2024-08-24,Full Return,66.87,Defective
R50310,O121513,2024-11-10,Full Return,4549.2,Changed mind
R50311,O130259,2024-07-21,Full Return,428.41,Wrong size
R50312,O111278,2024-11-18,Full Return,112.5,Defective
R50313,O131396,2024-02-23,Full Return,479.38,Changed mind
R50314,O100286,2024-06-12,Full Return,38.56,Not as described
R50315,O142593,2024-07-05,Full Return,6102.88,Damaged in transit
R50316,O130841,2024-11-15,Full Return,157.41,Changed mind
R50317,O111259,2024-10-28,Full Return,655.59,Defective
R50318,O119904,2024-04-26,Full Return,777.04,Not as described
R50319,O119847,2025-01-23,Full Return,236.12,Damaged in transit
R50320,O120474,2024-10-03,Partial Return,105.23,Not as described
R50321,O144802,2024-12-14,Full Return,118.7,Changed mind
R50322,O111775,2024-12-12,Full Return,34.73,Defective
R50323,O119971,2024-08-07,Full Return,105.21,Damaged in transit
R50324,O126342,2024-06-12,Full Return,82.68,Changed mind
R50325,O118916,2024-09-17,Full Return,79.12,Changed mind
R50326,O107143,2024-07-02,Full Return,105.42,Not as described
R50327,O148102,2024-08-14,Full Return,108.05,Changed mind
R50328,O117414,2024-11-27,Full Return,873.22,Wrong size
R50329,O104595,2024-06-04,Full Return,4788.63,Wrong size
R50330,O113470,2024-01-30,Full Return,157.41,Wrong size
R50331,O108784,2024-06-24,Partial Return,53.98,Not as described
R50332,O144060,2024-03-22,Partial Return,394.89,Defective
R50333,O121209,2024-07-20,Full Return,300.86,Changed mind
R50334,O106329,2024-02-18,Full Return,922.36,Defective
R50335,O123868,2024-09-04,Full Return,90.0,Not as described
R50336,O141132,2024-06-23,Partial Return,75.19,Changed mind
R50337,O128550,2024-05-10,Partial Return,165.51,Defective
R50338,O112693,2024-08-14,Full Return,883.82,Not as described
R50339,O103216,2024-10-19,Partial Return,247.12,Changed mind
R50340,O134298,2024-11-02,Partial Return,246.62,Not as described
R50341,O110748,2024-07-03,Partial Return,3266.46,Changed mind
R50342,O126957,2024-11-16,Full Return,1089.62,Changed mind
R50343,O119604,2024-06-29,Full Return,8657.52,Defective
R50344,O139106,2024-12-03,Full Return,436.8,Not as described
R50345,O144251,2024-12-10,Full Return,146.83,Changed mind
R50346,O117339,2024-08-25,Full Return,208.8,Wrong size
R50347,O102811,2024-10-27,Partial Return,67.89,Changed mind
R50348,O115741,2024-12-17,Full Return,142.86,Damaged in transit
R50349,O107741,2025-01-13,Full Return,154.16,Damaged in transit
R50350,O117227,2024-10-22,Partial Return,298.71,Damaged in transit
R50351,O105433,2024-04-15,Full Return,878.16,Changed mind
R50352,O119357,2024-08-26,Full Return,3932.37,Wrong size
R50353,O108007,2024-12-04,Full Return,5585.5,Not as described
R50354,O146898,2024-09-10,Full Return,139.14,Defective
R50355,O106922,2024-12-16,Full Return,23.86,Defective
R50356,O112603,2024-07-19,Full Return,32.04,Changed mind
R50357,O118474,2024-07-21,Partial Return,121.7,Defective
R50358,O105401,2024-11-24,Full Return,3937.34,Defective
R50359,O149443,2024-11-27,Partial Return,37.16,Changed mind
R50360,O111088,2024-10-29,Full Return,115.24,Changed mind
R50361,O110559,2024-09-11,Full Return,349.98,Changed mind
R50362,O111798,2024-02-15,Partial Return,71.43,Wrong size
R50363,O102776,2024-10-27,Full Return,199.07,Damaged in transit
R50364,O141287,2024-11-23,Full Return,17.6,Changed mind
R50365,O130803,2024-12-13,Full Return,82.18,Damaged in transit
R50366,O147965,2025-01-16,Full Return,237.44,Defective
R50367,O127316,2024-10-05,Full Return,34.18,Not as described
R50368,O148907,2024-09-14,Full Return,169.12,Changed mind
R50369,O106977,2024-11-06,Full Return,436.29,Not as described
R50370,O122098,2024-07-11,Full Return,157.41,Changed mind
R50371,O101124,2024-04-27,Full Return,240.5,Wrong size
R50372,O145134,2024-12-16,Full Return,264.4,Defective
R50373,O115796,2025-01-06,Partial Return,118.88,Not as described
R50374,O119802,2024-05-02,Partial Return,13.65,Defective
R50375,O129251,2024-12-11,Full Return,101.2,Changed mind
R50376,O125146,2024-03-17,Full Return,1316.97,Defective
R50377,O144605,2024-07-20,Full Return,163.6,Defective
R50378,O140272,2024-09-21,Full Return,515.08,Wrong size
R50379,O114918,2025-01-04,Full Return,1201.1,Defective
R50380,O150179,2024-10-12,Full Return,135.3,Not as described
R50381,O116568,2025-01-08,Full Return,51.73,Not as described
R50382,O113868,2024-12-26,Full Return,941.98,Changed mind
R50383,O114835,2024-11-05,Full Return,2903.52,Wrong size
R50384,O115111,2024-02-18,Full Return,49.41,Not as described
R50385,O138361,2024-10-24,Full Return,1766.51,Changed mind
R50386,O131650,2024-10-24,Full Return,507.38,Defective
R50387,O118338,2024-04-19,Full Return,150.9,Defective
R50388,O130215,2024-04-16,Full Return,25.23,Changed mind
R50389,O142795,2024-09-20,Partial Return,16.84,Not as described
R50390,O132164,2024-08-01,Full Return,35.14,Damaged in transit
R50391,O123435,2024-09-06,Full Return,125.9,Changed mind
R50392,O117518,2024-09-27,Full Return,66.43,Defective
R50393,O101749,2024-08-09,Full Return,131.63,Damaged in transit
R50394,O122490,2024-03-13,Partial Return,78.7,Damaged in transit
R50395,O137246,2025-01-12,Full Return,1894.95,Changed mind
R50396,O140472,2024-07-14,Full Return,8816.31,Defective
R50397,O139306,2025-01-07,Full Return,31.01,Damaged in transit
R50398,O107332,2024-12-18,Full Return,31.01,Defective
R50399,O113058,2024-12-19,Partial Return,76.17,Wrong size
R50400,O140069,2024-12-18,Full Return,6677.99,Changed mind
R50401,O133141,2024-04-03,Full Return,19.73,Defective
R50402,O144091,2024-04-20,Partial Return,218.4,Defective
R50403,O126265,2024-08-18,Full Return,244.71,Defective
R50404,O121873,2024-05-11,Partial Return,2154.19,Defective
R50405,O122296,2025-01-06,Full Return,858.12,Changed mind
R50406,O142592,2024-11-22,Full Return,23.03,Damaged in transit
R50407,O121378,2024-03-19,Full Return,39.83,Not as described
R50408,O148956,2025-01-08,Full Return,617.55,Defective
R50409,O114924,2024-12-01,Full Return,505.2,Wrong size
R50410,O133880,2024-05-21,Full Return,24.05,Damaged in transit
R50411,O137248,2024-11-12,Full Return,2177.64,Wrong size
R50412,O128474,2024-10-18,Partial Return,51.5,Defective
R50413,O117103,2024-08-24,Partial Return,33.16,Damaged in transit
R50414,O144004,2024-02-25,Full Return,462.32,Defective
R50415,O136995,2024-03-11,Full Return,29.6,Changed mind
R50416,O102413,2024-12-10,Full Return,774.88,Defective
R50417,O131189,2024-03-23,Full Return,292.17,Defective
R50418,O113129,2024-12-01,Partial Return,87.66,Changed mind
R50419,O130371,2024-02-10,Full Return,14.97,Changed mind
R50420,O107940,2024-04-30,Partial Return,2793.42,Changed mind
R50421,O109715,2024-12-09,Full Return,216.53,Changed mind
R50422,O138473,2024-03-26,Full Return,177.63,Not as described
R50423,O150180,2024-05-15,Full Return,94.8,Not as described
R50424,O136642,2024-12-04,Partial Return,2492.26,Not as described
R50425,O111590,2024-11-30,Full Return,227.79,Wrong size
R50426,O104527,2024-03-08,Full Return,29.78,Wrong size
R50427,O124700,2024-11-21,Full Return,59.67,Wrong size
R50428,O104400,2025-01-08,Partial Return,664.9,Changed mind
R50429,O114650,2024-02-26,Full Return,43.64,Changed mind
R50430,O102011,2024-09-26,Full Return,148.3,Not as described
R50431,O103367,2024-09-13,Partial Return,67.58,Wrong size
R50432,O113267,2024-10-27,Full Return,493.98,Changed mind
R50433,O112262,2024-12-08,Partial Return,130.75,Defective
R50434,O134388,2024-12-05,Full Return,255.03,Wrong size
R50435,O106943,2024-06-05,Full Return,277.56,Not as described
R50436,O103778,2024-04-15,Full Return,82.56,Wrong size
R50437,O111090,2024-06-16,Full Return,104.37,Wrong size
R50438,O132778,2024-09-29,Partial Return,219.39,Changed mind
R50439,O117880,2024-12-11,Partial Return,1968.67,Damaged in transit
R50440,O120082,2024-09-03,Full Return,314.82,Wrong size
R50441,O102355,2024-06-26,Partial Return,160.1,Not as described
R50442,O105756,2025-01-27,Full Return,63.15,Wrong size
R50443,O129606,2024-11-16,Full Return,116.66,Wrong size
R50444,O138002,2024-05-24,Full Return,35.14,Wrong size
R50445,O122569,2024-07-14,Full Return,444.69,Wrong size
R50446,O101628,2024-09-09,Partial Return,127.94,Wrong size
R50447,O109355,2024-11-23,Partial Return,37.08,Defective
R50448,O140955,2024-08-05,Full Return,1156.86,Wrong size
R50449,O129176,2025-01-05,Full Return,441.06,Changed mind
R50450,O105390,2024-07-17,Full Return,91.26,Not as described
R50451,O145478,2024-07-19,Full Return,64.06,Changed mind
R50452,O146795,2024-08-13,Full Return,151.88,Defective
R50453,O135753,2024-12-12,Full Return,27.3,Changed mind
R50454,O118917,2024-10-25,Full Return,45.55,Not as described
R50455,O139251,2024-12-11,Partial Return,30.16,Defective
R50456,O142528,2024-07-26,Partial Return,33.44,Damaged in transit
R50457,O139978,2024-09-27,Full Return,252.6,Wrong size
R50458,O140220,2025-01-21,Full Return,642.46,Defective
R50459,O115575,2024-12-31,Full Return,16.26,Changed mind
R50460,O105001,2024-04-07,Full Return,105.21,Changed mind
R50461,O141963,2024-07-15,Full Return,161.88,Changed mind
R50462,O112418,2024-01-27,Partial Return,12.62,Defective
R50463,O135286,2025-01-11,Full Return,275.48,Changed mind
R50464,O122330,2024-09-06,Full Return,8616.76,Wrong size
R50465,O115210,2025-01-17,Partial Return,198.33,Changed mind
R50466,O137333,2024-03-10,Full Return,66.43,Changed mind
R50467,O113605,2024-08-21,Partial Return,8.07,Changed mind
R50468,O137630,2024-07-31,Partial Return,28.85,Defective
R50469,O130700,2024-10-26,Full Return,267.48,Wrong size
R50470,O103993,2024-12-25,Full Return,151.74,Not as described
R50471,O149259,2024-12-18,Full Return,57.38,Defective
R50472,O120173,2024-07-28,Full Return,195.6,Defective
R50473,O132352,2024-12-02,Full Return,22.32,Changed mind
R50474,O145450,2024-11-11,Full Return,9.91,Defective
R50475,O106075,2024-07-24,Partial Return,5906.01,Defective
R50476,O132791,2025-01-12,Full Return,178.71,Changed mind
R50477,O102488,2024-05-04,Full Return,270.97,Wrong size
R50478,O110400,2024-05-02,Full Return,4735.3,Defective
R50479,O127256,2024-12-04,Full Return,37.84,Damaged in transit
R50480,O111964,2024-04-02,Full Return,173.82,Wrong size
R50481,O104566,2024-11-17,Full Return,114.18,Wrong size
R50482,O120825,2024-11-30,Full Return,37.47,Defective
R50483,O145214,2024-05-31,Full Return,35.31,Changed mind
R50484,O102145,2024-05-16,Full Return,537.38,Changed mind
R50485,O107202,2024-11-14,Full Return,70.54,Not as described
R50486,O114228,2024-07-16,Full Return,228.51,Wrong size
R50487,O145169,2025-01-01,Full Return,376.9,Defective
R50488,O111887,2025-01-21,Full Return,540.79,Changed mind
R50489,O143660,2024-12-27,Full Return,9730.17,Changed mind
R50490,O129734,2024-11-25,Full Return,315.63,Changed mind
R50491,O134805,2024-11-30,Partial Return,218.4,Not as described
R50492,O125020,2024-08-01,Full Return,58.04,Not as described
R50493,O135310,2024-03-31,Partial Return,366.34,Defective
R50494,O130324,2024-10-13,Full Return,172.86,Not as described
R50495,O122405,2025-01-01,Full Return,36.8,Wrong size
R50496,O133956,2024-07-25,Full Return,129.4,Changed mind
R50497,O134599,2024-06-14,Full Return,5583.66,Changed mind
R50498,O142953,2024-12-10,Full Return,59.16,Changed mind
R50499,O148809,2024-06-10,Partial Return,135.3,Changed mind
R50500,O133713,2024-01-19,Full Return,92.2,Changed mind
R50501,O107709,2024-12-28,Full Return,2259.54,Wrong size
R50502,O146383,2024-06-05,Full Return,69.55,Changed mind
R50503,O142317,2024-09-18,Full Return,165.42,Wrong size
R50504,O102257,2024-09-27,Partial Return,31.41,Not as described
R50505,O148129,2024-04-20,Full Return,171.27,Defective
R50506,O132880,2024-11-20,Full Return,370.48,Not as described
R50507,O106379,2024-12-12,Full Return,112.75,Not as described
R50508,O103725,2024-10-06,Partial Return,107.97,Changed mind
R50509,O112517,2024-12-18,Partial Return,149.54,Changed mind
R50510,O133021,2024-08-10,Full Return,232.3,Defective
R50511,O136306,2024-06-24,Full Return,162.96,Changed mind
R50512,O122460,2024-10-24,Full Return,2842.42,Damaged in transit
R50513,O123178,2024-09-26,Full Return,210.8,Not as described
R50514,O110806,2024-11-20,Full Return,32.92,Not as described
R50515,O108950,2024-07-31,Full Return,878.16,Not as described
R50516,O102280,2024-10-05,Full Return,210.42,Not as described
R50517,O131077,2024-10-11,Full Return,134.48,Defective
R50518,O100807,2024-09-30,Full Return,56.15,Changed mind
R50519,O145630,2024-12-30,Full Return,278.16,Damaged in transit
R50520,O128169,2024-09-17,Full Return,35.15,Defective
R50521,O135815,2024-09-27,Partial Return,31.6,Not as described
R50522,O143494,2024-08-19,Full Return,170.02,Wrong size
R50523,O136846,2024-05-29,Full Return,4865.08,Defective
R50524,O145874,2024-10-09,Partial Return,699.47,Defective
R50525,O146042,2025-01-19,Full Return,28.79,Wrong size
R50526,O148242,2024-04-18,Full Return,2653.11,Damaged in transit
R50527,O113246,2024-09-10,Full Return,241.51,Defective
R50528,O102377,2024-09-20,Full Return,20.84,Wrong size
R50529,O135386,2024-11-09,Partial Return,303.48,Defective
R50530,O104007,2024-03-14,Full Return,246.62,Damaged in transit
R50531,O121535,2024-04-13,Partial Return,691.77,Wrong size
R50532,O140568,2024-10-11,Partial Return,37.08,Wrong size
R50533,O111693,2024-05-24,Full Return,226.62,Not as described
R50534,O109496,2024-08-30,Full Return,443.31,Wrong size
R50535,O115845,2024-03-22,Full Return,528.88,Wrong size
R50536,O119486,2024-10-11,Partial Return,240.5,Changed mind
R50537,O137416,2024-06-21,Partial Return,87.66,Wrong size
R50538,O107101,2024-04-12,Full Return,208.81,Defective
R50539,O144480,2024-11-20,Partial Return,89.58,Defective
R50540,O108005,2024-12-10,Partial Return,80.89,Wrong size
R50541,O101562,2024-12-10,Full Return,210.37,Changed mind
R50542,O111633,2024-12-28,Full Return,937.16,Wrong size
R50543,O107118,2024-12-06,Partial Return,352.24,Defective
R50544,O109431,2024-08-29,Full Return,230.48,Wrong size
R50545,O114569,2024-08-13,Full Return,115.58,Damaged in transit
R50546,O124180,2024-09-11,Full Return,348.6,Defective
R50547,O122151,2024-12-24,Partial Return,26.36,Changed mind
R50548,O109982,2024-10-21,Full Return,1007.28,Defective
R50549,O137449,2024-12-20,Full Return,1752.48,Defective
R50550,O130109,2024-11-05,Full Return,99.65,Changed mind
R50551,O144526,2024-10-18,Full Return,38.56,Not as described
R50552,O129261,2024-08-05,Full Return,66.31,Changed mind
R50553,O100171,2024-12-21,Full Return,115.96,Not as described
R50554,O130747,2024-09-20,Full Return,153.1,Changed mind
R50555,O135247,2024-11-02,Partial Return,2046.48,Not as described
R50556,O147500,2024-12-22,Full Return,174.33,Not as described
R50557,O105510,2024-09-10,Full Return,658.48,Wrong size
R50558,O140391,2024-12-16,Partial Return,3243.39,Defective
R50559,O109874,2024-11-25,Full Return,215.94,Changed mind
R50560,O114655,2024-10-08,Full Return,722.91,Defective
R50561,O137961,2024-12-10,Full Return,340.8,Defective
R50562,O129490,2024-05-13,Full Return,421.59,Wrong size
R50563,O102417,2024-07-22,Full Return,261.54,Defective
R50564,O107788,2024-12-27,Full Return,655.2,Wrong size
R50565,O102037,2025-01-10,Full Return,511.6,Defective
R50566,O135008,2024-11-22,Full Return,254.4,Wrong size
R50567,O137584,2024-08-25,Full Return,2007.77,Not as described
R50568,O134513,2024-04-05,Partial Return,51.26,Damaged in transit
R50569,O131750,2024-12-05,Full Return,164.86,Wrong size
R50570,O123587,2024-09-17,Full Return,57.0,Defective
R50571,O131981,2024-08-10,Partial Return,81.31,Damaged in transit
R50572,O114273,2024-09-26,Full Return,525.96,Not as described
R50573,O102460,2025-01-01,Full Return,758.28,Changed mind
R50574,O130410,2024-04-29,Partial Return,29.14,Wrong size
R50575,O144611,2024-08-04,Full Return,210.8,Changed mind
R50576,O107626,2024-12-05,Full Return,2938.77,Not as described
R50577,O102135,2024-10-28,Full Return,89.23,Not as described
R50578,O131066,2024-02-24,Full Return,141.81,Wrong size
R50579,O106940,2024-11-09,Partial Return,2472.5,Defective
R50580,O127137,2024-05-23,Full Return,67.5,Wrong size
R50581,O140255,2024-10-03,Full Return,5949.36,Wrong size
R50582,O142995,2024-01-16,Full Return,1236.25,Wrong size
R50583,O102471,2024-12-04,Full Return,255.03,Defective
R50584,O127871,2024-08-15,Full Return,924.29,Damaged in transit
R50585,O141087,2024-07-20,Full Return,4139.34,Wrong size
R50586,O113915,2024-11-07,Full Return,2793.42,Changed mind
R50587,O127685,2024-05-12,Partial Return,12925.14,Not as described
R50588,O120163,2024-02-07,Full Return,777.04,Wrong size
R50589,O118175,2024-05-22,Full Return,97.05,Wrong size
R50590,O126601,2024-09-03,Partial Return,59.2,Defective
R50591,O116058,2024-09-30,Full Return,104.35,Wrong size
R50592,O135300,2025-01-22,Full Return,193.72,Damaged in transit
R50593,O148686,2024-02-23,Full Return,175.32,Defective
R50594,O107171,2024-09-02,Full Return,17.86,Changed mind
R50595,O139851,2024-10-13,Partial Return,60.98,Wrong size
R50596,O139882,2024-04-24,Full Return,660.25,Changed mind
R50597,O144935,2024-11-08,Full Return,3937.34,Defective
R50598,O135249,2024-08-04,Partial Return,401.11,Changed mind
R50599,O102396,2024-10-14,Partial Return,227.61,Changed mind
R50600,O118359,2024-02-24,Full Return,1429.66,Wrong size
R50601,O125543,2024-08-14,Partial Return,215.93,Changed mind
R50602,O119147,2024-10-23,Full Return,34.78,Changed mind
R50603,O146182,2024-05-07,Full Return,19154.52,Defective
R50604,O138153,2025-01-04,Full Return,538.84,Changed mind
R50605,O117057,2024-09-07,Full Return,65.2,Defective
R50606,O108188,2024-10-28,Partial Return,74.77,Defective
R50607,O129872,2024-12-23,Full Return,1394.61,Defective
R50608,O147550,2024-08-13,Full Return,130.4,Not as described
R50609,O143438,2024-09-30,Full Return,664.04,Not as described
R50610,O119872,2024-09-19,Partial Return,9.59,Wrong size
R50611,O139246,2024-10-11,Full Return,14.48,Defective
R50612,O127150,2024-11-11,Full Return,125.05,Changed mind
R50613,O126046,2024-11-10,Full Return,324.1,Not as described
R50614,O132111,2024-04-26,Full Return,55.5,Changed mind
R50615,O117954,2024-11-12,Full Return,105.21,Damaged in transit
R50616,O103848,2024-10-26,Full Return,115.2,Wrong size
R50617,O103722,2024-05-15,Partial Return,41.12,Wrong size
R50618,O105692,2024-05-03,Full Return,288.56,Damaged in transit
R50619,O135663,2025-01-15,Full Return,79.82,Changed mind
R50620,O102079,2024-06-03,Full Return,47.95,Wrong size
R50621,O146140,2024-08-28,Full Return,370.48,Defective
R50622,O100886,2024-09-25,Full Return,38.85,Defective
R50623,O142061,2025-01-09,Full Return,4189.12,Wrong size
R50624,O129330,2025-01-06,Partial Return,542.53,Wrong size
R50625,O103338,2025-01-13,Full Return,19154.52,Wrong size
R50626,O103900,2024-05-15,Partial Return,38.31,Changed mind
R50627,O126392,2024-12-25,Full Return,550.62,Changed mind
R50628,O124522,2024-05-19,Full Return,602.65,Defective
R50629,O124799,2024-09-22,Full Return,1030.82,Wrong size
R50630,O128007,2024-09-08,Full Return,40.95,Wrong size
R50631,O124016,2024-05-20,Full Return,64.87,Changed mind
R50632,O123804,2024-10-15,Partial Return,30.55,Changed mind
R50633,O141744,2025-01-22,Full Return,61.41,Defective
R50634,O129285,2025-01-27,Full Return,152.35,Defective
R50635,O106697,2024-12-02,Full Return,8185.92,Wrong size
R50636,O140065,2024-12-30,Full Return,215.77,Defective
R50637,O137535,2025-01-28,Partial Return,315.8,Changed mind
R50638,O113865,2024-09-11,Full Return,15.74,Damaged in transit
R50639,O103784,2024-03-23,Full Return,4865.08,Damaged in transit
R50640,O104048,2024-08-29,Partial Return,135.09,Wrong size
R50641,O103210,2025-01-06,Full Return,114.25,Defective
R50642,O124527,2024-06-30,Full Return,26.54,Wrong size
R50643,O114239,2024-11-20,Full Return,86.82,Damaged in transit
R50644,O104942,2024-12-26,Full Return,929.74,Not as described
R50645,O103762,2024-03-03,Full Return,5586.84,Damaged in transit
R50646,O139383,2024-11-05,Full Return,395.4,Not as described
R50647,O130598,2024-11-29,Full Return,44.36,Not as described
R50648,O138986,2024-05-13,Full Return,82.71,Wrong size
R50649,O126199,2024-03-08,Partial Return,40.09,Damaged in transit
R50650,O140968,2024-09-22,Full Return,7476.8,Defective
R50651,O119675,2024-11-13,Full Return,1720.46,Defective
R50652,O127609,2024-12-19,Full Return,15.74,Defective
R50653,O142231,2024-11-29,Partial Return,291.07,Not as described
R50654,O117350,2024-09-19,Partial Return,71.13,Damaged in transit
R50655,O118060,2024-11-05,Full Return,11755.08,Changed mind
R50656,O108638,2024-03-15,Full Return,153.32,Wrong size
R50657,O130779,2024-09-10,Full Return,234.64,Changed mind
R50658,O116349,2024-12-10,Partial Return,43.42,Damaged in transit
R50659,O101090,2024-12-06,Partial Return,56.83,Wrong size
R50660,O130571,2024-08-22,Full Return,5906.01,Changed mind
R50661,O129720,2024-12-13,Full Return,68.36,Damaged in transit
R50662,O107228,2024-06-01,Partial Return,1383.54,Not as described
R50663,O132334,2024-12-12,Full Return,196.19,Changed mind
R50664,O123052,2024-09-22,Partial Return,1236.25,Defective
R50665,O136245,2024-01-24,Partial Return,17.39,Not as described
R50666,O131609,2024-11-05,Full Return,2146.56,Wrong size
R50667,O120651,2024-12-17,Partial Return,118.06,Changed mind
R50668,O108729,2024-04-12,Full Return,1089.62,Changed mind
R50669,O149369,2025-01-09,Full Return,761.69,Changed mind
R50670,O116106,2024-10-23,Partial Return,136.41,Defective
R50671,O144446,2024-06-04,Full Return,65.2,Changed mind
R50672,O113622,2024-07-02,Full Return,204.84,Changed mind
R50673,O121465,2024-07-03,Full Return,835.62,Wrong size
R50674,O141415,2024-10-01,Full Return,126.58,Changed mind
R50675,O142960,2024-10-05,Partial Return,71.13,Defective
R50676,O117163,2024-12-22,Full Return,522.67,Wrong size
R50677,O107370,2024-10-31,Full Return,52.71,Damaged in transit
R50678,O123212,2024-12-13,Full Return,3708.75,Defective
R50679,O124886,2025-01-07,Full Return,157.82,Wrong size
R50680,O122113,2024-04-02,Full Return,165.11,Wrong size
R50681,O138537,2024-11-20,Full Return,441.06,Wrong size
R50682,O114666,2024-02-17,Full Return,3932.37,Changed mind
R50683,O148679,2024-12-25,Partial Return,31.43,Defective
R50684,O148500,2024-09-20,Full Return,297.56,Wrong size
R50685,O147436,2024-12-12,Full Return,1048.37,Changed mind
R50686,O106512,2024-09-29,Full Return,324.8,Changed mind
R50687,O114400,2024-11-12,Full Return,490.1,Defective
R50688,O135232,2024-09-28,Full Return,89.22,Changed mind
R50689,O108113,2024-06-13,Full Return,282.73,Wrong size
R50690,O110871,2024-11-04,Full Return,98.32,Wrong size
R50691,O115314,2025-01-29,Full Return,2270.7,Changed mind
R50692,O115103,2024-09-05,Full Return,118.4,Changed mind
R50693,O125547,2024-07-22,Full Return,270.0,Wrong size
R50694,O149393,2024-10-06,Full Return,989.16,Changed mind
R50695,O105725,2024-07-27,Full Return,25.9,Not as described
R50696,O127195,2024-09-14,Partial Return,528.36,Defective
R50697,O143529,2024-09-26,Full Return,1361.15,Defective
R50698,O115433,2024-11-19,Full Return,45.45,Changed mind
R50699,O101483,2024-11-13,Full Return,189.6,Damaged in transit
R50700,O135882,2024-05-14,Full Return,45.55,Wrong size
R50701,O132529,2024-12-06,Full Return,97.05,Wrong size
R50702,O113214,2024-06-17,Full Return,56.15,Wrong size
R50703,O142959,2024-12-05,Full Return,959.34,Not as described
R50704,O117186,2025-01-04,Full Return,5906.01,Not as described
R50705,O104009,2024-12-15,Partial Return,455.22,Changed mind
R50706,O127849,2024-08-04,Full Return,16.15,Changed mind
R50707,O107402,2024-12-12,Full Return,129.4,Defective
R50708,O102614,2024-10-24,Full Return,151.74,Changed mind
R50709,O127170,2024-10-04,Full Return,4945.0,Defective
R50710,O140029,2024-11-15,Partial Return,11.74,Wrong size
R50711,O136910,2024-07-28,Full Return,7182.94,Damaged in transit
R50712,O136870,2025-01-26,Full Return,617.55,Wrong size
R50713,O143778,2024-06-13,Full Return,15.94,Defective
R50714,O109525,2025-01-11,Full Return,1358.59,Defective
R50715,O143599,2024-12-11,Full Return,2767.08,Not as described
R50716,O108908,2024-06-06,Partial Return,17.12,Damaged in transit
R50717,O113710,2024-08-07,Full Return,493.98,Defective
R50718,O117607,2024-10-01,Full Return,33.82,Defective
R50719,O143480,2024-11-06,Full Return,1014.56,Changed mind
R50720,O149717,2024-02-25,Full Return,991.56,Wrong size
R50721,O109395,2024-12-20,Full Return,1844.72,Defective
R50722,O133862,2024-03-05,Partial Return,174.33,Changed mind
R50723,O109130,2024-08-28,Full Return,97.8,Changed mind
R50724,O129518,2024-12-29,Full Return,676.37,Changed mind
R50725,O101807,2024-11-01,Partial Return,161.39,Changed mind
R50726,O109693,2024-12-14,Full Return,101.25,Changed mind
R50727,O149940,2024-10-04,Full Return,338.26,Not as described
R50728,O128721,2024-02-02,Full Return,105.68,Changed mind
R50729,O127961,2024-11-17,Full Return,12567.38,Defective
R50730,O131386,2024-07-16,Full Return,535.32,Wrong size
R50731,O108125,2024-12-22,Full Return,227.3,Changed mind
R50732,O115791,2024-10-22,Partial Return,33.18,Changed mind
R50733,O138211,2025-01-13,Full Return,168.44,Changed mind
R50734,O140854,2024-05-25,Full Return,171.27,Changed mind
R50735,O117685,2024-08-12,Full Return,732.68,Damaged in transit
R50736,O103587,2024-02-01,Full Return,42.81,Defective
R50737,O122720,2024-06-06,Full Return,240.5,Wrong size
R50738,O148386,2025-01-08,Partial Return,192.62,Wrong size
R50739,O128407,2024-10-31,Full Return,782.23,Wrong size
R50740,O146087,2024-07-09,Full Return,24.58,Changed mind
R50741,O143541,2024-02-02,Partial Return,6.14,Defective
R50742,O128057,2024-01-28,Partial Return,2432.54,Not as described
R50743,O110150,2024-11-14,Partial Return,121.68,Wrong size
R50744,O126612,2024-08-12,Full Return,115.96,Changed mind
R50745,O148707,2024-04-17,Full Return,459.3,Wrong size
R50746,O124652,2024-02-28,Full Return,426.63,Changed mind
R50747,O144296,2024-10-13,Full Return,151.88,Wrong size
R50748,O100025,2024-02-06,Partial Return,56.83,Damaged in transit
R50749,O107692,2024-12-02,Full Return,324.8,Defective
R50750,O133669,2024-06-19,Full Return,17632.62,Wrong size
R50751,O121481,2024-09-28,Full Return,101.15,Wrong size
R50752,O108995,2024-06-29,Full Return,110.4,Changed mind
R50753,O100567,2024-12-10,Full Return,272.82,Changed mind
R50754,O139252,2025-01-23,Partial Return,71.11,Changed mind
R50755,O147731,2024-09-04,Full Return,66.87,Wrong size
R50756,O126018,2024-09-05,Full Return,18.4,Changed mind
R50757,O121947,2025-01-07,Partial Return,128.41,Defective
R50758,O119245,2024-07-30,Full Return,51.27,Defective
R50759,O138442,2024-06-22,Full Return,69.57,Not as described
R50760,O114702,2024-07-01,Full Return,12205.75,Not as described
R50761,O104222,2024-10-24,Full Return,216.53,Changed mind
R50762,O104290,2024-06-04,Partial Return,94.17,Wrong size
R50763,O104038,2024-08-11,Full Return,156.94,Damaged in transit
R50764,O138221,2025-01-05,Full Return,444.53,Not as described
R50765,O119317,2024-07-20,Full Return,126.4,Wrong size
R50766,O124815,2024-12-11,Full Return,27.3,Changed mind
R50767,O102602,2024-11-07,Full Return,2792.75,Changed mind
R50768,O143543,2024-12-24,Full Return,16.46,Changed mind
R50769,O143917,2024-11-22,Full Return,2472.5,Changed mind
R50770,O135279,2025-01-08,Full Return,107.97,Wrong size
R50771,O106731,2024-11-19,Partial Return,122.0,Changed mind
R50772,O101604,2024-12-05,Full Return,248.38,Wrong size
R50773,O117753,2024-03-18,Full Return,1429.66,Wrong size
R50774,O145406,2024-11-05,Full Return,220.32,Damaged in transit
R50775,O143124,2024-09-15,Full Return,978.66,Defective
R50776,O120605,2024-12-09,Full Return,105.83,Changed mind
R50777,O112945,2024-09-20,Full Return,185.86,Defective
R50778,O102109,2024-06-16,Full Return,2938.77,Changed mind
R50779,O108331,2024-04-17,Full Return,922.36,Wrong size
R50780,O114851,2024-11-04,Full Return,2797.86,Not as described
R50781,O127559,2025-01-02,Full Return,190.67,Defective
R50782,O137538,2024-04-28,Full Return,248.38,Defective
R50783,O112163,2024-04-09,Full Return,234.64,Defective
R50784,O128972,2024-09-30,Partial Return,37.08,Changed mind
R50785,O132971,2024-07-18,Full Return,17.48,Changed mind
R50786,O148632,2025-01-25,Full Return,232.47,Wrong size
R50787,O142805,2024-10-12,Full Return,278.16,Damaged in transit
R50788,O145875,2024-01-25,Full Return,1104.43,Not as described
R50789,O107504,2024-08-02,Full Return,505.52,Wrong size
R50790,O103967,2024-06-14,Full Return,74.15,Not as described
R50791,O138725,2024-04-25,Full Return,537.38,Wrong size
R50792,O106299,2024-06-17,Partial Return,442.87,Changed mind
R50793,O100410,2024-10-27,Full Return,34.61,Changed mind
R50794,O145127,2024-12-19,Full Return,896.13,Not as described
R50795,O134437,2024-09-22,Full Return,25.23,Damaged in transit
R50796,O111230,2024-09-10,Full Return,102.72,Changed mind
R50797,O123805,2024-06-29,Full Return,483.02,Defective
R50798,O131302,2024-05-05,Full Return,1022.4,Not as described
R50799,O101866,2024-12-21,Full Return,31.27,Changed mind
R50800,O123439,2024-02-02,Full Return,45.58,Changed mind
R50801,O138559,2024-09-28,Partial Return,142.26,Wrong size
R50802,O106451,2024-02-21,Full Return,257.05,Changed mind
R50803,O118558,2024-08-24,Full Return,2022.08,Defective
R50804,O136096,2024-09-14,Full Return,35.14,Damaged in transit
R50805,O106547,2024-05-05,Partial Return,48.94,Not as described
R50806,O107972,2024-04-22,Full Return,301.8,Changed mind
R50807,O137505,2024-11-14,Full Return,2793.42,Wrong size
R50808,O121647,2024-08-31,Full Return,162.96,Not as described
R50809,O116120,2024-07-22,Full Return,77.02,Wrong size
R50810,O117114,2024-08-29,Full Return,403.04,Changed mind
R50811,O121469,2024-05-03,Full Return,941.98,Wrong size
R50812,O130894,2024-09-02,Partial Return,10.1,Changed mind
R50813,O130383,2024-10-27,Full Return,664.04,Wrong size
R50814,O125546,2024-09-16,Full Return,151.38,Wrong size
R50815,O131233,2024-11-06,Full Return,63.2,Changed mind
R50816,O128639,2024-04-11,Full Return,1314.69,Changed mind
R50817,O109169,2024-11-10,Full Return,314.43,Changed mind
R50818,O110969,2024-09-01,Full Return,494.58,Damaged in transit
R50819,O137030,2024-12-09,Partial Return,6462.57,Defective
R50820,O125059,2024-04-05,Full Return,103.65,Defective
R50821,O109218,2024-12-22,Full Return,222.34,Defective
R50822,O147102,2024-01-13,Full Return,33.44,Wrong size
R50823,O133276,2024-10-25,Partial Return,25.86,Changed mind
R50824,O144809,2024-11-25,Full Return,59.16,Defective
R50825,O111872,2024-07-07,Full Return,1257.72,Wrong size
R50826,O147526,2024-07-11,Full Return,108.91,Changed mind
R50827,O145579,2024-08-30,Full Return,265.95,Changed mind
R50828,O105333,2024-07-20,Full Return,40.74,Damaged in transit
R50829,O108570,2024-09-21,Full Return,595.17,Defective
R50830,O110014,2024-10-05,Full Return,79.05,Wrong size
R50831,O104162,2024-12-19,Full Return,47.95,Not as described
R50832,O109540,2024-11-20,Full Return,407.25,Changed mind
R50833,O147181,2024-11-02,Full Return,178.93,Changed mind
R50834,O117216,2024-11-05,Full Return,228.36,Defective
R50835,O127247,2024-12-19,Full Return,65.2,Changed mind
R50836,O111215,2024-10-24,Full Return,114.18,Changed mind
R50837,O144870,2024-10-04,Full Return,115.2,Changed mind
R50838,O139358,2024-12-02,Full Return,415.93,Changed mind
R50839,O141732,2024-10-16,Full Return,494.58,Wrong size
R50840,O126948,2025-01-19,Full Return,3243.39,Wrong size
R50841,O149397,2024-10-19,Full Return,468.58,Wrong size
R50842,O119772,2024-08-30,Full Return,670.34,Not as described
R50843,O131175,2024-07-31,Partial Return,28.69,Wrong size
R50844,O148903,2024-12-25,Full Return,422.48,Defective
R50845,O139981,2024-08-23,Full Return,493.24,Changed mind
R50846,O133454,2024-09-06,Full Return,14.27,Wrong size
R50847,O144016,2024-09-19,Full Return,253.7,Not as described
R50848,O117433,2024-07-08,Full Return,45.66,Wrong size
R50849,O110915,2024-05-29,Full Return,83.82,Changed mind
R50850,O150193,2024-04-12,Full Return,184.05,Changed mind
R50851,O104232,2024-09-07,Full Return,134.94,Not as described
R50852,O115813,2024-02-05,Full Return,139.2,Not as described
R50853,O104716,2024-08-13,Full Return,68.28,Changed mind
R50854,O108405,2024-12-01,Full Return,17.86,Not as described
R50855,O126072,2024-08-30,Full Return,1383.54,Not as described
R50856,O136026,2024-08-08,Full Return,35.14,Changed mind
R50857,O146454,2024-07-08,Full Return,88.48,Changed mind
R50858,O142870,2024-08-18,Partial Return,88.81,Not as described
R50859,O136754,2024-11-22,Full Return,127.9,Defective
R50860,O110785,2024-07-16,Full Return,267.26,Defective
R50861,O120392,2024-07-08,Full Return,4408.16,Changed mind
R50862,O147643,2024-08-30,Full Return,14.48,Changed mind
R50863,O112218,2025-01-08,Full Return,8816.31,Defective
R50864,O119273,2024-08-05,Full Return,340.04,Changed mind
R50865,O121792,2025-01-03,Partial Return,134.34,Wrong size
R50866,O144167,2024-06-17,Full Return,20.76,Wrong size
R50867,O112821,2024-09-26,Partial Return,67.89,Changed mind
R50868,O109985,2024-10-08,Partial Return,725.88,Not as described
R50869,O113587,2024-07-04,Full Return,990.38,Changed mind
R50870,O125885,2024-10-27,Full Return,129.4,Changed mind
R50871,O100746,2024-06-17,Partial Return,2513.62,Wrong size
R50872,O137212,2024-03-27,Full Return,246.99,Wrong size
R50873,O126485,2024-01-26,Full Return,131.63,Wrong size
R50874,O140451,2024-07-18,Full Return,660.25,Defective
R50875,O111440,2024-11-28,Partial Return,216.53,Changed mind
R50876,O113063,2024-05-10,Full Return,411.41,Not as described
R50877,O114758,2024-07-29,Partial Return,7476.8,Wrong size
R50878,O127967,2025-01-27,Partial Return,17.36,Changed mind
R50879,O108373,2025-01-17,Full Return,494.25,Changed mind
R50880,O104175,2024-06-29,Full Return,32.73,Not as described
R50881,O131908,2024-10-21,Full Return,599.88,Wrong size
R50882,O122508,2024-11-11,Full Return,131.63,Wrong size
R50883,O124764,2024-03-27,Full Return,157.41,Defective
R50884,O127828,2024-08-12,Full Return,924.29,Wrong size
R50885,O122212,2025-01-16,Partial Return,153.74,Changed mind
R50886,O137194,2024-12-14,Full Return,225.5,Changed mind
R50887,O127336,2024-12-23,Partial Return,16.02,Changed mind
R50888,O141575,2024-10-09,Full Return,22.0,Wrong size
R50889,O117644,2024-12-23,Partial Return,98.72,Defective
R50890,O116569,2025-01-02,Full Return,376.86,Not as described
R50891,O117224,2024-07-14,Full Return,64.06,Changed mind
R50892,O138426,2025-01-04,Full Return,66.43,Wrong size
R50893,O110428,2024-11-22,Full Return,79.05,Changed mind
R50894,O132097,2024-10-01,Full Return,86.27,Defective
R50895,O113917,2024-11-04,Full Return,4945.0,Changed mind
R50896,O106126,2024-10-24,Partial Return,7.13,Wrong size
R50897,O120712,2024-02-04,Full Return,87.16,Wrong size
R50898,O147660,2024-11-09,Partial Return,232.59,Wrong size
R50899,O136474,2024-02-03,Full Return,2472.5,Changed mind
R50900,O143361,2024-04-02,Full Return,177.63,Changed mind
R50901,O115665,2024-11-25,Full Return,17.21,Wrong size
R50902,O105111,2024-07-27,Full Return,142.26,Not as described
R50903,O132647,2024-10-24,Full Return,78.86,Wrong size
R50904,O137084,2024-02-14,Full Return,18.4,Defective
R50905,O121933,2024-12-18,Full Return,47.27,Changed mind
R50906,O126974,2024-11-01,Full Return,4865.08,Wrong size
R50907,O145991,2024-02-14,Partial Return,1854.38,Not as described
R50908,O138583,2025-01-04,Partial Return,118.69,Wrong size
R50909,O117981,2024-12-09,Full Return,212.13,Changed mind
R50910,O139367,2024-02-12,Full Return,206.49,Not as described
R50911,O131670,2024-04-20,Full Return,61.11,Wrong size
R50912,O141390,2024-08-01,Full Return,2472.5,Defective
R50913,O129855,2024-10-01,Full Return,71.93,Changed mind
R50914,O126958,2024-08-05,Full Return,103.74,Changed mind
R50915,O111806,2024-06-06,Full Return,224.96,Not as described
R50916,O102703,2024-12-23,Partial Return,2046.48,Wrong size
R50917,O118538,2024-07-27,Full Return,340.8,Defective
R50918,O106228,2024-11-24,Partial Return,19.72,Changed mind
R50919,O115902,2024-03-23,Full Return,199.08,Not as described
R50920,O110628,2024-10-22,Full Return,152.35,Defective
R50921,O111261,2025-01-22,Full Return,66.43,Damaged in transit
R50922,O135952,2024-05-17,Full Return,66.31,Changed mind
R50923,O140762,2024-10-01,Full Return,1263.3,Defective
R50924,O111885,2024-11-04,Partial Return,147.14,Defective
R50925,O114321,2024-05-23,Full Return,15.94,Defective
R50926,O142787,2024-04-23,Full Return,82.18,Damaged in transit
R50927,O102018,2024-04-24,Full Return,52.1,Defective
R50928,O112014,2024-08-06,Full Return,4500.46,Wrong size
R50929,O116766,2024-09-07,Full Return,165.11,Wrong size
R50930,O142172,2024-05-24,Full Return,97.05,Wrong size
R50931,O129599,2024-01-21,Full Return,136.38,Not as described
R50932,O110068,2024-12-30,Full Return,12925.14,Not as described
R50933,O136329,2024-11-17,Full Return,79.13,Changed mind
R50934,O106845,2025-01-08,Partial Return,2394.32,Defective
R50935,O147409,2024-06-08,Full Return,216.64,Defective
R50936,O132888,2024-06-10,Full Return,158.25,Wrong size
R50937,O103489,2024-04-02,Full Return,4308.38,Wrong size
R50938,O135022,2024-11-28,Full Return,85.95,Not as described
R50939,O104844,2024-10-27,Full Return,175.32,Defective
R50940,O139000,2024-11-24,Full Return,179.74,Wrong size
R50941,O107891,2024-07-19,Full Return,1011.04,Changed mind
R50942,O135212,2024-03-31,Partial Return,260.46,Wrong size
R50943,O110884,2024-11-01,Full Return,968.34,Not as described
R50944,O136113,2024-06-19,Full Return,340.04,Changed mind
R50945,O103611,2024-12-09,Full Return,296.59,Wrong size
R50946,O142686,2024-07-08,Full Return,203.67,Not as described
R50947,O140639,2024-11-18,Full Return,1720.46,Changed mind
R50948,O111073,2024-03-31,Full Return,210.37,Not as described
R50949,O107435,2024-11-28,Full Return,567.54,Changed mind
R50950,O137000,2024-10-26,Partial Return,45.71,Wrong size
R50951,O109389,2024-12-09,Partial Return,58.08,Not as described
R50952,O127496,2024-10-02,Full Return,199.92,Not as described
R50953,O113898,2024-12-11,Partial Return,31.0,Changed mind
R50954,O131484,2024-07-30,Full Return,35.95,Wrong size
R50955,O147472,2024-03-08,Full Return,61.35,Wrong size
R50956,O134864,2024-03-30,Partial Return,23.64,Defective
R50957,O100873,2024-11-20,Full Return,168.4,Wrong size
R50958,O106709,2024-12-14,Full Return,137.72,Defective
R50959,O135693,2025-01-21,Full Return,39.34,Not as described
R50960,O139388,2025-01-21,Partial Return,528.36,Not as described
R50961,O133298,2024-10-10,Full Return,36.78,Not as described
R50962,O101117,2024-09-13,Full Return,255.36,Changed mind
R50963,O136089,2024-12-26,Full Return,171.48,Changed mind
R50964,O143633,2024-10-04,Full Return,6462.57,Changed mind
R50965,O122265,2024-11-27,Full Return,370.36,Wrong size
R50966,O126464,2024-11-15,Partial Return,19.73,Wrong size
R50967,O145949,2024-11-24,Full Return,128.2,Damaged in transit
R50968,O106954,2024-03-29,Full Return,402.51,Not as described
R50969,O131945,2024-04-22,Full Return,82.71,Changed mind
R50970,O119195,2025-01-11,Full Return,340.8,Changed mind
R50971,O135407,2024-12-30,Full Return,74.0,Defective
R50972,O105112,2024-09-25,Full Return,2938.77,Changed mind
R50973,O105192,2024-10-07,Partial Return,52.16,Wrong size
R50974,O135644,2024-03-24,Full Return,493.24,Not as described
R50975,O115543,2024-01-27,Full Return,421.07,Changed mind
R50976,O106428,2024-09-10,Full Return,29.8,Defective
R50977,O123648,2024-04-23,Full Return,24.58,Wrong size
R50978,O106970,2024-12-28,Full Return,241.51,Changed mind
R50979,O138432,2024-08-05,Full Return,171.46,Defective
R50980,O142553,2024-04-08,Full Return,3708.75,Changed mind
R50981,O149671,2024-08-17,Partial Return,528.36,Defective
R50982,O131885,2024-10-24,Full Return,616.19,Wrong size
R50983,O108106,2024-10-07,Full Return,113.65,Defective
R50984,O101443,2024-11-30,Full Return,82.24,Defective
R50985,O128546,2024-05-25,Full Return,422.48,Wrong size
R50986,O144048,2024-11-07,Full Return,79.13,Wrong size
R50987,O102482,2024-12-19,Full Return,264.44,Wrong size
R50988,O138819,2024-04-01,Full Return,823.4,Changed mind
R50989,O132878,2024-12-08,Full Return,73.42,Defective
R50990,O112011,2024-12-06,Full Return,161.39,Defective
R50991,O124631,2024-08-24,Full Return,777.04,Not as described
R50992,O106795,2024-07-26,Full Return,350.64,Wrong size
R50993,O134729,2024-09-02,Partial Return,47.78,Not as described
R50994,O126603,2024-07-10,Full Return,1844.72,Wrong size
R50995,O140144,2025-01-05,Full Return,2938.77,Not as described
R50996,O150223,2024-03-27,Partial Return,29.57,Not as described
R50997,O145136,2024-03-21,Full Return,206.49,Changed mind
R50998,O129053,2025-01-22,Full Return,930.34,Defective
R50999,O108043,2024-12-02,Full Return,323.17,Changed mind
R51000,O147239,2024-12-10,Partial Return,135.38,Changed mind
R51001,O101974,2024-09-01,Full Return,289.45,Changed mind
R51002,O110074,2024-10-12,Full Return,35.14,Wrong size
R51003,O140952,2024-12-22,Full Return,51.9,Not as described
R51004,O129829,2024-11-19,Partial Return,17.39,Wrong size
R51005,O130707,2024-12-10,Full Return,105.81,Wrong size
R51006,O116940,2024-06-25,Full Return,214.29,Wrong size
R51007,O109814,2024-07-03,Full Return,157.82,Changed mind
R51008,O103084,2025-01-05,Full Return,66.43,Not as described
R51009,O133901,2024-09-12,Full Return,115.58,Defective
R51010,O111330,2024-12-26,Full Return,148.23,Changed mind
R51011,O138842,2024-07-11,Full Return,36.34,Defective
R51012,O135803,2024-12-02,Full Return,12.62,Changed mind
R51013,O144831,2024-08-27,Full Return,627.24,Defective
R51014,O116249,2024-09-03,Full Return,314.43,Wrong size
R51015,O139938,2024-04-09,Full Return,56.87,Defective
R51016,O117928,2024-08-28,Full Return,490.7,Defective
R51017,O103475,2024-11-29,Partial Return,170.4,Not as described
R51018,O130037,2024-05-10,Full Return,162.27,Defective
R51019,O140331,2024-11-19,Full Return,248.0,Not as described
R51020,O141846,2024-12-09,Full Return,265.24,Changed mind
R51021,O113349,2025-01-25,Full Return,324.96,Wrong size
R51022,O138742,2024-12-14,Full Return,7182.94,Changed mind
R51023,O146164,2024-07-05,Full Return,214.36,Defective
R51024,O131889,2024-05-02,Partial Return,94.42,Wrong size
R51025,O140838,2024-12-08,Full Return,115.96,Defective
R51026,O144576,2024-12-14,Partial Return,54.81,Changed mind
R51027,O115918,2025-01-17,Full Return,44.24,Wrong size
R51028,O123625,2024-11-19,Partial Return,81.14,Changed mind
R51029,O104863,2024-11-18,Full Return,108.91,Wrong size
R51030,O147353,2024-04-25,Full Return,420.74,Changed mind
R51031,O101025,2024-12-03,Full Return,228.51,Damaged in transit
R51032,O111922,2024-03-08,Full Return,217.08,Changed mind
R51033,O110478,2024-07-10,Partial Return,304.63,Not as described
R51034,O145472,2024-02-23,Partial Return,30.37,Not as described
R51035,O142537,2024-06-01,Full Return,80.76,Wrong size
R51036,O134709,2025-01-09,Partial Return,59.28,Changed mind
R51037,O118432,2024-07-05,Partial Return,87.49,Changed mind
R51038,O139639,2024-04-30,Full Return,145.57,Damaged in transit
R51039,O147243,2024-12-02,Full Return,420.74,Changed mind
R51040,O121747,2024-07-13,Full Return,1036.06,Defective
R51041,O109521,2024-07-22,Full Return,435.96,Not as described
R51042,O101770,2024-07-09,Full Return,270.97,Wrong size
R51043,O143118,2024-06-22,Full Return,20.19,Damaged in transit
R51044,O111816,2024-04-06,Full Return,3740.47,Changed mind
R51045,O141346,2024-09-25,Partial Return,10.04,Wrong size
R51046,O118958,2024-06-08,Full Return,2472.5,Not as described
R51047,O110633,2024-12-26,Full Return,59.49,Not as described
R51048,O110437,2024-10-27,Full Return,1014.56,Wrong size
R51049,O135331,2024-04-24,Partial Return,84.44,Changed mind
R51050,O116640,2024-06-25,Partial Return,45.12,Defective
R51051,O147895,2024-11-14,Full Return,7874.68,Defective
R51052,O105484,2024-09-12,Full Return,1622.37,Wrong size
R51053,O148245,2024-08-10,Full Return,228.8,Changed mind
R51054,O122359,2024-04-21,Full Return,340.8,Wrong size
R51055,O112852,2025-01-14,Partial Return,76.17,Not as described
R51056,O129398,2024-07-05,Partial Return,113.74,Damaged in transit
R51057,O135226,2024-09-08,Full Return,182.52,Changed mind
R51058,O120810,2025-01-05,Full Return,197.1,Not as described
R51059,O124248,2024-08-13,Partial Return,43.13,Wrong size
R51060,O122458,2024-02-18,Full Return,3892.07,Wrong size
R51061,O102435,2024-12-18,Full Return,191.14,Not as described
R51062,O113303,2024-02-27,Full Return,117.58,Wrong size
R51063,O109961,2024-06-09,Partial Return,1545.26,Not as described
R51064,O111417,2024-10-28,Full Return,2472.5,Damaged in transit
R51065,O128246,2024-12-02,Full Return,15.48,Wrong size
R51066,O102475,2024-07-15,Full Return,175.32,Wrong size
R51067,O146635,2024-06-03,Full Return,228.48,Damaged in transit
R51068,O104120,2024-07-19,Full Return,8380.26,Not as described
R51069,O144676,2024-11-29,Full Return,246.91,Wrong size
R51070,O118627,2025-01-01,Full Return,27.6,Defective
R51071,O140264,2024-10-30,Full Return,433.06,Changed mind
R51072,O105008,2024-12-01,Partial Return,286.04,Wrong size
R51073,O144412,2024-10-06,Full Return,128.99,Wrong size
R51074,O132007,2024-10-19,Full Return,158.25,Wrong size
R51075,O125955,2024-09-01,Partial Return,42.46,Changed mind
R51076,O120851,2024-07-14,Full Return,60.84,Changed mind
R51077,O137831,2024-12-30,Full Return,63.2,Defective
R51078,O129515,2024-11-24,Full Return,40.89,Wrong size
R51079,O127313,2025-01-16,Full Return,681.6,Defective
R51080,O112844,2024-10-31,Full Return,74.34,Changed mind
R51081,O139453,2024-09-01,Full Return,886.54,Defective
R51082,O117023,2024-12-26,Full Return,338.26,Changed mind
R51083,O107360,2024-04-01,Full Return,264.44,Changed mind
R51084,O143422,2024-04-11,Full Return,304.2,Wrong size
R51085,O137209,2024-08-03,Full Return,33.38,Not as described
R51086,O127099,2025-01-26,Partial Return,11.74,Not as described
R51087,O146583,2024-11-22,Full Return,170.58,Changed mind
R51088,O119977,2024-06-17,Full Return,1254.47,Damaged in transit
R51089,O123500,2024-12-22,Partial Return,33.16,Wrong size
R51090,O110091,2024-04-28,Full Return,31.13,Wrong size
R51091,O132696,2024-12-24,Partial Return,82.43,Changed mind
R51092,O144418,2024-11-10,Full Return,135.39,Changed mind
R51093,O147974,2024-12-26,Full Return,370.48,Wrong size
R51094,O107094,2024-08-24,Full Return,1036.06,Wrong size
R51095,O132256,2024-10-21,Full Return,23.35,Defective
R51096,O142441,2024-05-16,Full Return,345.6,Not as described
R51097,O105352,2025-01-07,Partial Return,145.32,Wrong size
R51098,O134519,2024-09-18,Full Return,444.53,Wrong size
R51099,O108485,2024-11-27,Partial Return,220.53,Damaged in transit
R51100,O120277,2025-01-04,Full Return,222.34,Changed mind
R51101,O125064,2024-02-22,Partial Return,180.73,Defective
R51102,O116681,2024-08-15,Full Return,163.6,Damaged in transit
R51103,O147597,2024-08-27,Full Return,18.0,Defective
R51104,O137040,2024-07-26,Full Return,228.8,Changed mind
R51105,O137233,2024-05-24,Full Return,116.55,Wrong size
R51106,O119806,2024-12-11,Partial Return,14.8,Changed mind
R51107,O109836,2024-11-11,Full Return,35.14,Damaged in transit
R51108,O125423,2024-12-02,Full Return,71.25,Not as described
R51109,O136975,2024-12-14,Full Return,246.91,Changed mind
R51110,O109234,2024-07-20,Full Return,186.38,Wrong size
R51111,O121520,2024-10-11,Full Return,57.8,Not as described
R51112,O108697,2024-10-02,Full Return,396.74,Damaged in transit
R51113,O112179,2025-01-01,Full Return,122.7,Wrong size
R51114,O101228,2024-11-18,Partial Return,172.78,Changed mind
R51115,O112487,2024-06-26,Full Return,642.62,Defective
R51116,O105454,2025-01-22,Full Return,58.36,Changed mind
R51117,O135217,2025-01-14,Full Return,29.6,Wrong size
R51118,O100883,2025-01-12,Full Return,834.48,Changed mind
R51119,O113959,2024-03-09,Full Return,659.44,Wrong size
R51120,O125126,2024-06-10,Full Return,197.1,Wrong size
R51121,O115241,2024-12-03,Full Return,89.36,Wrong size
R51122,O110287,2024-06-05,Partial Return,35.27,Not as described
R51123,O138479,2024-11-02,Full Return,162.67,Defective
R51124,O148049,2024-02-06,Full Return,195.14,Defective
R51125,O114065,2024-10-27,Partial Return,85.64,Wrong size
R51126,O120213,2024-08-31,Full Return,295.65,Wrong size
R51127,O110724,2024-06-13,Full Return,413.22,Not as described
R51128,O139077,2024-08-26,Full Return,3937.34,Damaged in transit
R51129,O107651,2024-10-01,Full Return,142.26,Defective
R51130,O126637,2024-03-09,Partial Return,545.97,Wrong size
R51131,O109588,2024-12-10,Full Return,42.79,Changed mind
R51132,O111690,2024-09-09,Full Return,93.0,Wrong size
R51133,O119438,2024-08-14,Full Return,466.31,Damaged in transit
R51134,O124109,2024-12-08,Full Return,202.41,Damaged in transit
R51135,O115711,2024-12-17,Full Return,422.3,Defective
R51136,O104491,2024-11-17,Partial Return,308.1,Wrong size
R51137,O146849,2024-12-11,Full Return,209.85,Changed mind
R51138,O105880,2025-01-11,Full Return,24.39,Changed mind
R51139,O124904,2024-10-22,Full Return,198.24,Defective
R51140,O127197,2024-02-02,Full Return,40.74,Wrong size
R51141,O139641,2024-05-10,Full Return,342.75,Changed mind
R51142,O112552,2024-12-25,Full Return,270.97,Wrong size
R51143,O110426,2024-05-14,Partial Return,34.26,Not as described
R51144,O108989,2025-01-04,Full Return,255.03,Changed mind
R51145,O117583,2024-12-23,Partial Return,35.23,Changed mind
R51146,O137144,2024-05-23,Full Return,30.42,Changed mind
R51147,O104920,2024-11-15,Full Return,127.9,Changed mind
R51148,O130160,2024-11-26,Full Return,49.92,Wrong size
R51149,O133024,2024-12-28,Full Return,14.97,Wrong size
R51150,O111647,2024-07-05,Full Return,793.32,Damaged in transit
R51151,O149160,2024-09-17,Partial Return,78.25,Changed mind
R51152,O124673,2024-03-15,Full Return,811.18,Changed mind
R51153,O118667,2024-12-29,Full Return,6462.57,Defective
R51154,O122776,2024-02-27,Full Return,208.42,Defective
R51155,O147682,2024-06-10,Full Return,334.69,Defective
R51156,O119178,2024-09-17,Full Return,88.72,Not as described
R51157,O133040,2024-06-02,Full Return,86.91,Wrong size
R51158,O105833,2024-09-07,Full Return,59.57,Changed mind
R51159,O100377,2024-04-10,Partial Return,2154.19,Not as described
R51160,O118007,2024-06-06,Full Return,68.57,Changed mind
R51161,O138484,2024-06-07,Full Return,67.38,Not as described
R51162,O116162,2024-12-30,Partial Return,79.26,Not as described
R51163,O130411,2024-06-24,Full Return,162.27,Not as described
R51164,O126071,2024-09-18,Full Return,1545.26,Wrong size
R51165,O120576,2024-08-03,Partial Return,1469.38,Defective
R51166,O143170,2024-10-31,Full Return,61.35,Defective
R51167,O126220,2024-09-19,Full Return,168.4,Changed mind
R51168,O145532,2024-06-29,Full Return,39.46,Changed mind
R51169,O108591,2024-09-26,Full Return,2472.5,Wrong size
R51170,O132005,2024-11-10,Full Return,380.48,Wrong size
R51171,O130170,2024-09-27,Full Return,36.87,Wrong size
R51172,O106925,2024-07-01,Full Return,505.52,Not as described
R51173,O104775,2024-04-19,Full Return,271.12,Defective
R51174,O139354,2024-07-12,Full Return,175.32,Changed mind
R51175,O135971,2024-12-18,Full Return,1859.48,Defective
R51176,O142864,2024-12-25,Full Return,118.32,Defective
R51177,O128403,2024-12-14,Full Return,262.98,Wrong size
R51178,O117827,2024-08-30,Full Return,78.91,Wrong size
R51179,O106861,2024-03-05,Full Return,118.29,Changed mind
R51180,O113174,2024-12-30,Full Return,17.91,Changed mind
R51181,O130405,2024-11-10,Partial Return,33.16,Not as described
R51182,O137232,2024-12-20,Full Return,428.68,Damaged in transit
R51183,O146277,2024-12-30,Full Return,81.32,Changed mind
R51184,O141547,2024-09-27,Partial Return,136.41,Not as described
R51185,O134840,2024-07-18,Full Return,8816.31,Changed mind
R51186,O134117,2024-04-07,Full Return,175.32,Defective
R51187,O114876,2024-11-16,Partial Return,1439.01,Defective
R51188,O126806,2024-11-09,Full Return,4308.38,Defective
R51189,O137794,2024-06-20,Full Return,97.8,Defective
R51190,O116674,2024-11-23,Partial Return,777.04,Changed mind
R51191,O109639,2024-12-02,Full Return,687.07,Defective
R51192,O139437,2024-03-03,Partial Return,118.37,Damaged in transit
R51193,O136117,2024-05-28,Full Return,7417.5,Changed mind
R51194,O140713,2025-01-19,Full Return,145.57,Changed mind
R51195,O121856,2024-08-17,Full Return,124.06,Changed mind
R51196,O138886,2024-09-21,Full Return,3740.47,Changed mind
R51197,O129796,2024-07-03,Full Return,406.89,Damaged in transit
R51198,O140140,2024-03-27,Full Return,108.91,Changed mind
R51199,O118961,2024-06-18,Partial Return,689.59,Defective
R51200,O129441,2024-12-29,Partial Return,99.19,Not as described
R51201,O108965,2024-02-04,Partial Return,39.28,Changed mind
R51202,O109848,2024-12-01,Full Return,70.44,Damaged in transit
R51203,O130518,2025-01-30,Full Return,861.8,Defective
R51204,O135519,2024-12-31,Full Return,198.37,Wrong size
R51205,O139563,2024-08-27,Full Return,266.44,Changed mind
R51206,O116245,2024-04-07,Full Return,20.67,Damaged in transit
R51207,O118658,2024-10-19,Full Return,100.6,Damaged in transit
R51208,O134953,2024-06-03,Full Return,52.17,Damaged in transit
R51209,O132014,2024-10-16,Full Return,1263.32,Not as described
R51210,O128943,2024-08-31,Partial Return,56.87,Changed mind
R51211,O121855,2024-07-25,Partial Return,19.91,Not as described
R51212,O128503,2024-12-09,Full Return,35.14,Defective
R51213,O127188,2024-12-27,Full Return,672.28,Not as described
R51214,O110377,2024-06-24,Full Return,4139.34,Changed mind
R51215,O147640,2024-10-05,Full Return,151.74,Wrong size
R51216,O128479,2024-12-20,Full Return,200.61,Changed mind
R51217,O100537,2024-12-04,Full Return,239.21,Changed mind
R51218,O123436,2024-09-27,Partial Return,338.26,Changed mind
R51219,O105570,2025-01-16,Full Return,584.34,Changed mind
R51220,O111764,2024-12-29,Full Return,165.06,Wrong size
R51221,O145501,2024-10-26,Full Return,313.11,Defective
R51222,O142709,2024-07-24,Full Return,55.2,Wrong size
R51223,O139884,2024-11-09,Full Return,16.81,Wrong size
R51224,O133935,2024-09-20,Full Return,74.79,Changed mind
R51225,O133839,2024-08-09,Full Return,154.55,Defective
R51226,O131184,2024-06-30,Partial Return,192.62,Wrong size
R51227,O107860,2024-11-11,Full Return,723.18,Wrong size
R51228,O124121,2024-12-21,Full Return,80.56,Changed mind
R51229,O130504,2024-11-20,Partial Return,227.61,Not as described
R51230,O126175,2024-04-04,Full Return,61.41,Changed mind
R51231,O114024,2025-01-15,Partial Return,182.26,Changed mind
R51232,O101563,2024-07-15,Full Return,382.28,Damaged in transit
R51233,O148519,2024-11-15,Full Return,74.15,Defective
R51234,O122743,2024-06-21,Partial Return,35.97,Not as described
R51235,O104042,2024-10-10,Partial Return,140.53,Changed mind
R51236,O137461,2025-01-07,Full Return,112.75,Defective
R51237,O100450,2024-11-29,Full Return,947.47,Wrong size
R51238,O145379,2024-11-03,Full Return,71.73,Changed mind
R51239,O146702,2024-02-04,Full Return,582.15,Wrong size
R51240,O128711,2024-11-30,Full Return,40.95,Defective
R51241,O142688,2024-04-21,Full Return,199.86,Defective
R51242,O104091,2024-07-22,Full Return,132.31,Not as described
R51243,O105202,2024-08-30,Partial Return,136.41,Defective
R51244,O125027,2024-12-21,Full Return,1085.07,Wrong size
R51245,O116392,2024-10-04,Full Return,83.87,Changed mind
R51246,O111923,2024-10-08,Full Return,119.62,Wrong size
R51247,O121805,2024-12-10,Partial Return,2432.54,Not as described
R51248,O127324,2024-09-27,Full Return,1451.76,Defective
R51249,O118162,2024-11-22,Full Return,92.2,Changed mind
R51250,O111272,2024-05-28,Partial Return,320.44,Changed mind
R51251,O128684,2024-12-20,Partial Return,251.8,Damaged in transit
R51252,O135077,2024-05-21,Full Return,213.32,Changed mind
R51253,O111755,2025-01-02,Full Return,59.29,Not as described
R51254,O104995,2024-10-10,Full Return,1146.97,Not as described
R51255,O131003,2024-11-11,Full Return,428.45,Damaged in transit
R51256,O107633,2024-11-11,Full Return,2634.48,Changed mind
R51257,O106191,2024-04-01,Full Return,756.9,Defective
R51258,O145131,2024-10-31,Full Return,164.86,Wrong size
R51259,O134715,2024-07-19,Full Return,59.16,Changed mind
R51260,O123309,2024-05-21,Full Return,221.42,Wrong size
R51261,O124692,2025-01-30,Full Return,7182.94,Defective
R51262,O137632,2024-10-09,Partial Return,3937.34,Defective
R51263,O140907,2024-12-21,Full Return,27.6,Changed mind
R51264,O131663,2024-07-16,Full Return,335.62,Not as described
R51265,O126022,2024-12-01,Full Return,30.29,Changed mind
R51266,O112490,2025-01-05,Full Return,30.29,Defective
R51267,O135196,2024-08-16,Full Return,1030.17,Wrong size
R51268,O130312,2024-03-16,Partial Return,36.45,Damaged in transit
R51269,O100175,2024-11-25,Full Return,82.71,Wrong size
R51270,O107650,2024-08-18,Full Return,4555.09,Defective
R51271,O140394,2024-12-11,Full Return,162.27,Wrong size
R51272,O131569,2024-12-01,Partial Return,64.7,Defective
R51273,O123286,2024-10-30,Full Return,148.23,Not as described
R51274,O142573,2024-11-22,Full Return,800.73,Defective
R51275,O109131,2024-12-02,Full Return,52.6,Changed mind
R51276,O126346,2024-01-31,Full Return,266.44,Damaged in transit
R51277,O147984,2024-06-04,Full Return,133.72,Not as described
R51278,O122145,2025-01-07,Full Return,158.1,Defective
R51279,O103645,2024-02-14,Partial Return,106.69,Wrong size
R51280,O109107,2025-01-14,Partial Return,9313.51,Changed mind
R51281,O119434,2024-05-22,Full Return,2653.11,Not as described
R51282,O137843,2025-01-29,Partial Return,140.82,Changed mind
R51283,O123824,2024-12-08,Full Return,141.81,Damaged in transit
R51284,O113854,2024-12-01,Full Return,361.69,Wrong size
R51285,O106969,2024-06-30,Full Return,111.98,Wrong size
R51286,O142048,2024-05-07,Full Return,47.73,Wrong size
R51287,O111577,2024-03-21,Full Return,105.21,Wrong size
R51288,O109636,2024-07-18,Partial Return,4.96,Defective
R51289,O143406,2024-09-18,Full Return,74.15,Defective
R51290,O105925,2024-09-06,Full Return,704.48,Wrong size
R51291,O126486,2025-01-25,Full Return,126.4,Not as described
R51292,O142789,2024-12-23,Partial Return,213.5,Not as described
R51293,O113736,2024-02-12,Partial Return,2069.67,Changed mind
R51294,O119871,2024-12-24,Full Return,261.5,Wrong size
R51295,O104480,2024-04-25,Partial Return,851.31,Wrong size
R51296,O115342,2024-08-01,Partial Return,12.9,Changed mind
R51297,O133890,2024-12-16,Full Return,47.95,Changed mind
R51298,O143585,2024-11-13,Partial Return,98.55,Changed mind
R51299,O106000,2024-03-10,Partial Return,24.57,Changed mind
R51300,O122647,2024-12-31,Partial Return,5906.01,Defective
R51301,O124853,2024-07-01,Full Return,310.39,Defective
R51302,O117920,2024-06-08,Partial Return,218.4,Damaged in transit
R51303,O123146,2024-09-16,Full Return,52.75,Changed mind
R51304,O113897,2024-03-31,Full Return,15.36,Changed mind
R51305,O135862,2024-01-28,Full Return,127.47,Defective
R51306,O132330,2024-11-09,Full Return,142.26,Changed mind
R51307,O109902,2024-12-19,Full Return,113.53,Not as described
R51308,O101046,2024-07-22,Full Return,16760.52,Damaged in transit
R51309,O104611,2024-12-28,Full Return,466.31,Changed mind
R51310,O108434,2024-11-15,Full Return,79.08,Defective
R51311,O117845,2024-12-16,Full Return,206.52,Not as described
R51312,O122880,2024-12-19,Full Return,145.35,Defective
R51313,O100228,2025-01-16,Partial Return,7.24,Wrong size
R51314,O107070,2025-01-02,Partial Return,1236.25,Changed mind
R51315,O124172,2024-11-27,Full Return,16.26,Wrong size
R51316,O121277,2025-01-04,Full Return,257.19,Defective
R51317,O115316,2024-10-13,Partial Return,271.26,Changed mind
R51318,O123238,2024-10-25,Full Return,255.03,Wrong size
R51319,O117881,2024-08-14,Full Return,130.36,Wrong size
R51320,O108864,2024-11-01,Full Return,38.46,Damaged in transit
R51321,O117084,2024-06-30,Full Return,4450.5,Changed mind
R51322,O109347,2024-04-30,Full Return,903.97,Changed mind
R51323,O148916,2024-10-01,Full Return,216.94,Defective
R51324,O132303,2024-07-01,Full Return,57.7,Changed mind
R51325,O102900,2024-04-24,Full Return,128.99,Changed mind
R51326,O120475,2024-07-26,Full Return,85.3,Wrong size
R51327,O130825,2025-01-17,Full Return,69.46,Wrong size
R51328,O108130,2024-09-30,Full Return,448.65,Defective
R51329,O141898,2024-02-03,Full Return,59.57,Damaged in transit
R51330,O123256,2024-01-29,Full Return,444.53,Damaged in transit
R51331,O111945,2024-11-28,Partial Return,67.69,Damaged in transit
R51332,O128663,2024-12-24,Full Return,203.67,Defective
R51333,O145078,2024-02-10,Partial Return,67.02,Changed mind
R51334,O141234,2024-11-23,Full Return,1030.17,Defective
R51335,O146955,2024-05-23,Partial Return,81.03,Changed mind
R51336,O145290,2024-12-13,Full Return,81.48,Wrong size
R51337,O149620,2024-10-18,Full Return,44.4,Wrong size
R51338,O100089,2024-12-08,Partial Return,179.74,Changed mind
R51339,O110524,2024-10-03,Full Return,32.73,Defective
R51340,O146985,2024-09-30,Partial Return,78.91,Defective
R51341,O111790,2024-10-20,Full Return,50.46,Changed mind
R51342,O119776,2024-12-15,Full Return,179.26,Not as described
R51343,O114541,2024-05-18,Full Return,603.6,Changed mind
R51344,O118251,2024-11-26,Partial Return,233.16,Changed mind
R51345,O101864,2024-12-06,Partial Return,114.24,Damaged in transit
R51346,O121964,2024-12-20,Full Return,5877.54,Not as described
R51347,O121911,2024-06-18,Full Return,411.7,Defective
R51348,O108977,2024-03-30,Full Return,11.94,Defective
R51349,O138987,2024-06-30,Full Return,2408.84,Not as described
R51350,O127301,2024-12-02,Full Return,237.38,Changed mind
R51351,O108162,2024-08-28,Full Return,3740.47,Defective
R51352,O140677,2024-08-27,Partial Return,62.52,Defective
R51353,O133030,2024-10-30,Full Return,208.81,Changed mind
R51354,O121930,2024-05-24,Full Return,86.55,Damaged in transit
R51355,O131476,2024-06-16,Full Return,38.91,Not as described
R51356,O143157,2024-09-03,Partial Return,219.13,Damaged in transit
R51357,O108413,2024-12-05,Full Return,65.2,Wrong size
R51358,O142225,2024-05-02,Partial Return,714.83,Wrong size
R51359,O139668,2024-11-08,Full Return,288.08,Changed mind
R51360,O105440,2025-01-13,Full Return,348.45,Changed mind
R51361,O133851,2024-06-30,Full Return,127.9,Defective
R51362,O100566,2024-03-19,Full Return,232.46,Wrong size
R51363,O121002,2024-11-26,Full Return,289.45,Wrong size
R51364,O146486,2024-03-17,Full Return,67.47,Defective
R51365,O131867,2024-10-25,Full Return,428.41,Not as described
R51366,O101024,2024-09-03,Full Return,266.44,Wrong size
R51367,O143352,2024-08-12,Full Return,292.17,Wrong size
R51368,O127868,2025-01-15,Full Return,275.31,Not as described
R51369,O133808,2024-08-26,Partial Return,330.12,Not as described
R51370,O128629,2024-07-31,Full Return,267.26,Wrong size
R51371,O140503,2025-01-06,Full Return,22.46,Changed mind
R51372,O139631,2024-07-05,Full Return,46.98,Defective
R51373,O137303,2024-02-01,Full Return,255.53,Defective
R51374,O107458,2024-08-02,Full Return,13.4,Changed mind
R51375,O149159,2024-08-13,Partial Return,12.84,Defective
R51376,O135995,2025-01-02,Partial Return,33.73,Defective
R51377,O103189,2024-10-09,Partial Return,86.43,Defective
R51378,O127243,2024-07-08,Partial Return,3243.39,Changed mind
R51379,O109024,2024-02-17,Partial Return,61.41,Changed mind
R51380,O136619,2024-12-21,Full Return,115.53,Damaged in transit
R51381,O124586,2024-12-15,Full Return,179.26,Not as described
R51382,O120611,2024-02-15,Full Return,493.98,Wrong size
R51383,O112902,2024-01-18,Full Return,168.4,Wrong size
R51384,O137254,2024-02-11,Partial Return,16.46,Wrong size
R51385,O137373,2024-12-01,Full Return,135.38,Changed mind
R51386,O119970,2024-08-09,Full Return,248.13,Defective
R51387,O115710,2024-11-24,Full Return,76.8,Damaged in transit
R51388,O113878,2024-08-03,Full Return,82.68,Not as described
R51389,O103790,2024-07-02,Full Return,6462.57,Damaged in transit
R51390,O139816,2024-11-29,Full Return,97.8,Defective
R51391,O135914,2025-01-20,Full Return,77.19,Defective
R51392,O107153,2024-07-29,Full Return,213.32,Wrong size
R51393,O123591,2024-07-08,Full Return,323.17,Changed mind
R51394,O131063,2025-01-01,Partial Return,101.25,Changed mind
R51395,O138480,2024-09-19,Full Return,3708.75,Changed mind
R51396,O150164,2024-11-30,Full Return,275.31,Damaged in transit
R51397,O130560,2024-12-08,Partial Return,14.48,Changed mind
R51398,O123526,2024-02-18,Partial Return,318.41,Damaged in transit
R51399,O132776,2024-12-26,Full Return,15.91,Changed mind
R51400,O120966,2024-11-03,Full Return,987.64,Not as described
R51401,O119775,2024-12-09,Full Return,602.65,Not as described
R51402,O135904,2024-03-23,Full Return,158.51,Defective
R51403,O138710,2024-05-23,Partial Return,86.55,Changed mind
R51404,O107647,2024-12-04,Full Return,20.67,Not as described
R51405,O118131,2024-12-17,Partial Return,110.27,Wrong size
R51406,O127377,2024-07-09,Full Return,105.21,Changed mind
R51407,O131621,2024-03-09,Full Return,4139.34,Damaged in transit
R51408,O142716,2024-07-18,Full Return,600.07,Wrong size
R51409,O138603,2024-03-19,Full Return,15.22,Changed mind
R51410,O112280,2024-10-29,Full Return,903.97,Defective
R51411,O106147,2024-11-12,Full Return,28.12,Wrong size
R51412,O110487,2024-04-18,Full Return,655.59,Damaged in transit
R51413,O101498,2024-12-07,Partial Return,27.75,Wrong size
R51414,O131209,2024-12-29,Full Return,438.99,Changed mind
R51415,O141168,2024-03-09,Full Return,80.69,Wrong size
R51416,O113307,2024-08-20,Full Return,2177.64,Wrong size
R51417,O133703,2024-02-20,Full Return,72.91,Changed mind
R51418,O134939,2024-06-11,Partial Return,100.63,Defective
R51419,O120719,2024-02-01,Full Return,13.65,Defective
R51420,O145155,2024-12-17,Full Return,15.91,Wrong size
R51421,O122278,2024-08-24,Full Return,169.6,Wrong size
R51422,O120247,2024-04-26,Full Return,8278.68,Damaged in transit
R51423,O148908,2025-01-21,Full Return,157.82,Wrong size
R51424,O139278,2024-06-20,Full Return,174.98,Changed mind
R51425,O118107,2024-10-08,Full Return,38.69,Defective
R51426,O120698,2024-07-30,Full Return,1920.98,Damaged in transit
R51427,O114527,2024-08-01,Partial Return,9.59,Wrong size
R51428,O112836,2024-10-09,Full Return,60.22,Wrong size
R51429,O133726,2024-05-29,Partial Return,2095.07,Defective
R51430,O144070,2024-07-06,Partial Return,11.93,Damaged in transit
R51431,O104506,2024-12-08,Full Return,83.87,Changed mind
R51432,O128508,2024-11-18,Full Return,1921.26,Wrong size
R51433,O112813,2024-11-20,Full Return,113.65,Changed mind
R51434,O130437,2024-08-23,Full Return,21.79,Defective
R51435,O115724,2024-10-11,Partial Return,1968.67,Changed mind
R51436,O148010,2025-01-01,Full Return,444.53,Wrong size
R51437,O144556,2024-05-04,Full Return,28.79,Changed mind
R51438,O123219,2024-12-31,Partial Return,18.5,Defective
R51439,O132394,2024-10-11,Partial Return,108.47,Changed mind
R51440,O100974,2024-10-03,Full Return,89.22,Not as described
R51441,O113906,2024-12-17,Partial Return,139.27,Not as described
R51442,O133729,2025-01-04,Full Return,79.12,Not as described
R51443,O147677,2024-11-15,Full Return,4549.2,Wrong size
R51444,O146148,2024-12-23,Partial Return,104.34,Wrong size
R51445,O131509,2024-12-11,Full Return,1014.56,Changed mind
R51446,O133323,2024-06-06,Full Return,54.27,Damaged in transit
R51447,O141811,2024-08-25,Full Return,62.0,Wrong size
R51448,O131456,2024-08-15,Partial Return,259.01,Damaged in transit
R51449,O102757,2025-01-12,Full Return,79.68,Wrong size
R51450,O134528,2024-11-04,Partial Return,240.16,Changed mind
R51451,O138462,2024-07-02,Full Return,124.06,Wrong size
R51452,O109993,2024-12-08,Full Return,153.32,Defective
R51453,O145947,2024-10-25,Full Return,188.35,Not as described
R51454,O126938,2024-06-27,Full Return,260.73,Wrong size
R51455,O105894,2025-01-20,Full Return,1545.26,Wrong size
R51456,O100890,2024-11-12,Full Return,174.33,Changed mind
R51457,O125714,2024-07-23,Full Return,480.24,Not as described
R51458,O117212,2024-10-02,Full Return,34.61,Not as described
R51459,O105754,2025-01-12,Partial Return,32.6,Damaged in transit
R51460,O106292,2024-10-07,Partial Return,8.07,Changed mind
R51461,O144640,2024-04-15,Full Return,66.09,Damaged in transit
R51462,O135627,2024-10-29,Partial Return,157.41,Wrong size
R51463,O142578,2024-04-02,Full Return,224.96,Changed mind
R51464,O106685,2024-06-26,Full Return,932.62,Changed mind
R51465,O134483,2024-04-11,Partial Return,114.18,Not as described
R51466,O102783,2024-05-15,Partial Return,18.59,Defective
R51467,O147534,2025-01-08,Full Return,3081.22,Defective
R51468,O138552,2024-12-02,Full Return,4984.53,Defective
R51469,O149658,2024-11-03,Full Return,115.24,Damaged in transit
R51470,O132481,2024-11-25,Full Return,210.42,Wrong size
R51471,O103291,2024-05-22,Full Return,196.17,Not as described
R51472,O120045,2024-12-26,Full Return,3212.28,Not as described
R51473,O119835,2024-12-27,Full Return,168.24,Changed mind
R51474,O147400,2024-09-05,Full Return,420.0,Wrong size
R51475,O130130,2024-12-31,Partial Return,206.02,Changed mind
R51476,O137508,2024-09-15,Partial Return,48.08,Defective
R51477,O129893,2024-06-05,Full Return,436.29,Defective
R51478,O108042,2024-12-18,Full Return,4308.38,Not as described
R51479,O108519,2024-10-16,Full Return,219.39,Changed mind
R51480,O103494,2024-12-04,Partial Return,228.51,Wrong size
R51481,O126240,2024-08-23,Full Return,218.52,Not as described
R51482,O111342,2024-08-13,Full Return,95.39,Wrong size
R51483,O111654,2024-12-15,Full Return,122.85,Changed mind
R51484,O115326,2024-05-30,Partial Return,105.19,Changed mind
R51485,O144021,2025-01-16,Full Return,158.51,Changed mind
R51486,O117781,2024-12-06,Full Return,21.4,Wrong size
R51487,O140745,2024-03-22,Full Return,24.22,Damaged in transit
R51488,O128790,2024-11-12,Partial Return,57.96,Changed mind
R51489,O109269,2024-02-18,Full Return,41.46,Changed mind
R51490,O142685,2024-12-27,Full Return,270.97,Changed mind
R51491,O107587,2024-09-11,Full Return,436.8,Defective
R51492,O129417,2024-11-29,Partial Return,32.05,Not as described
R51493,O105709,2025-01-04,Full Return,135.39,Changed mind
R51494,O117434,2025-01-22,Full Return,1244.88,Changed mind
R51495,O128590,2025-01-12,Partial Return,108.42,Changed mind
R51496,O125604,2024-10-23,Partial Return,33.16,Defective
R51497,O112043,2024-11-30,Full Return,16760.52,Damaged in transit
R51498,O120251,2024-09-08,Full Return,8378.25,Changed mind
R51499,O132416,2024-11-10,Full Return,265.72,Changed mind
R51500,O106914,2024-12-29,Full Return,1894.82,Changed mind
R51501,O119592,2024-11-30,Full Return,469.66,Changed mind
R51502,O129294,2024-09-12,Full Return,4984.53,Not as described
R51503,O124100,2024-06-19,Full Return,172.86,Not as described
R51504,O148512,2024-10-20,Full Return,165.61,Wrong size
R51505,O127384,2024-11-03,Full Return,90.25,Wrong size
R51506,O100497,2024-11-28,Full Return,122.7,Wrong size
R51507,O127003,2024-12-12,Full Return,297.58,Wrong size
R51508,O125134,2024-11-22,Full Return,800.73,Wrong size
R51509,O108417,2024-10-25,Partial Return,18.4,Changed mind
R51510,O146831,2024-05-12,Partial Return,63.95,Wrong size
R51511,O102567,2025-01-18,Full Return,6209.01,Not as described
R51512,O149842,2024-11-06,Full Return,2938.77,Changed mind
R51513,O112092,2024-11-13,Full Return,70.54,Wrong size
R51514,O128645,2024-12-11,Full Return,20.19,Changed mind
R51515,O133188,2024-02-17,Full Return,235.2,Wrong size
R51516,O110420,2024-12-24,Full Return,417.24,Defective
R51517,O139490,2024-06-25,Full Return,1487.34,Defective
R51518,O113560,2024-09-26,Full Return,1146.97,Damaged in transit
R51519,O126764,2025-01-08,Full Return,119.73,Wrong size
R51520,O107293,2025-01-13,Full Return,76.5,Wrong size
R51521,O105767,2024-12-02,Partial Return,18.5,Changed mind
R51522,O129256,2024-06-13,Full Return,17.21,Changed mind
R51523,O145921,2024-02-17,Full Return,367.06,Changed mind
R51524,O105288,2024-09-02,Partial Return,8.07,Changed mind
R51525,O145536,2024-12-11,Partial Return,755.46,Wrong size
R51526,O148040,2024-11-16,Partial Return,714.83,Wrong size
R51527,O112110,2024-12-16,Full Return,93.0,Not as described
R51528,O127252,2024-04-14,Partial Return,211.23,Not as described
R51529,O123441,2024-12-24,Full Return,15749.36,Changed mind
R51530,O106027,2024-04-11,Full Return,215.84,Defective
R51531,O124712,2024-06-25,Full Return,275.48,Defective
R51532,O105781,2024-08-31,Full Return,1081.58,Defective
R51533,O102607,2024-07-31,Full Return,66.62,Changed mind
R51534,O123451,2024-11-07,Full Return,142.8,Changed mind
R51535,O110661,2024-05-22,Full Return,170.58,Not as described
R51536,O102606,2024-08-04,Full Return,38.91,Wrong size
R51537,O116282,2024-12-20,Full Return,74.79,Wrong size
R51538,O103304,2024-10-02,Full Return,1451.76,Changed mind
R51539,O134255,2024-07-31,Full Return,275.31,Defective
R51540,O128737,2024-10-26,Full Return,57.38,Wrong size
R51541,O119427,2024-05-31,Full Return,64.06,Wrong size
R51542,O142892,2024-11-23,Full Return,99.93,Changed mind
R51543,O141032,2024-12-11,Full Return,151.74,Defective
R51544,O124782,2024-12-08,Partial Return,25.86,Changed mind
R51545,O121626,2024-06-07,Full Return,153.6,Wrong size
R51546,O125412,2024-12-30,Full Return,348.66,Wrong size
R51547,O118038,2024-12-08,Partial Return,642.62,Changed mind
R51548,O127032,2024-07-21,Full Return,2767.08,Wrong size
R51549,O105088,2024-11-09,Partial Return,323.81,Defective
R51550,O137745,2024-06-08,Partial Return,219.5,Damaged in transit
R51551,O130192,2024-07-08,Full Return,1030.17,Defective
R51552,O146172,2024-09-28,Full Return,1910.19,Wrong size
R51553,O142435,2024-12-28,Full Return,51.27,Changed mind
R51554,O128843,2024-04-27,Partial Return,75.87,Wrong size
R51555,O102930,2024-05-02,Full Return,2634.48,Changed mind
R51556,O131282,2024-06-05,Full Return,256.83,Wrong size
R51557,O129564,2024-12-13,Full Return,1301.19,Wrong size
R51558,O128990,2024-10-31,Full Return,739.86,Not as described
R51559,O112279,2024-07-13,Full Return,33.69,Wrong size
R51560,O100458,2024-05-07,Partial Return,72.08,Defective
R51561,O144906,2024-09-30,Full Return,3937.34,Changed mind
R51562,O107852,2024-12-09,Full Return,160.67,Defective
R51563,O144752,2024-03-08,Full Return,52.75,Defective
R51564,O113858,2025-01-15,Full Return,282.6,Not as described
R51565,O105912,2025-01-01,Full Return,155.42,Defective
R51566,O125010,2024-05-27,Full Return,173.8,Damaged in transit
R51567,O110647,2024-09-29,Full Return,228.52,Changed mind
R51568,O144077,2025-01-13,Full Return,186.0,Wrong size
R51569,O108231,2024-06-29,Full Return,4697.75,Changed mind
R51570,O144996,2024-06-21,Partial Return,380.35,Not as described
R51571,O136015,2024-07-05,Full Return,58.69,Wrong size
R51572,O105873,2024-11-15,Full Return,303.48,Wrong size
R51573,O149458,2024-09-17,Full Return,38.25,Changed mind
R51574,O105842,2024-08-12,Partial Return,80.39,Wrong size
R51575,O113034,2024-08-25,Full Return,532.89,Changed mind
R51576,O145008,2024-09-19,Full Return,331.03,Not as described
R51577,O103538,2025-01-16,Full Return,70.3,Not as described
R51578,O137451,2024-03-23,Full Return,2793.42,Changed mind
R51579,O136900,2024-07-12,Full Return,155.64,Wrong size
R51580,O135541,2024-08-12,Full Return,147.85,Not as described
R51581,O106683,2024-06-03,Full Return,155.64,Changed mind
R51582,O134458,2024-04-01,Partial Return,4.5,Defective
R51583,O133175,2024-07-11,Full Return,602.65,Changed mind
R51584,O127690,2024-12-11,Full Return,7664.75,Changed mind
R51585,O123578,2024-05-19,Partial Return,67.69,Changed mind
R51586,O137301,2024-08-24,Full Return,17.21,Wrong size
R51587,O113892,2024-03-19,Full Return,39.43,Changed mind
R51588,O105492,2024-10-20,Full Return,171.27,Not as described
R51589,O103312,2024-09-14,Full Return,44.92,Changed mind
R51590,O112532,2024-09-10,Full Return,134.17,Wrong size
R51591,O113699,2024-10-15,Full Return,990.38,Changed mind
R51592,O113318,2024-06-05,Full Return,883.25,Wrong size
R51593,O105417,2024-12-29,Full Return,563.3,Not as described
R51594,O132062,2024-12-05,Partial Return,271.56,Changed mind
R51595,O139598,2024-11-10,Full Return,3042.77,Wrong size
R51596,O126859,2024-07-04,Full Return,52.61,Defective
R51597,O103818,2024-10-26,Full Return,112.5,Wrong size
R51598,O106915,2024-05-28,Full Return,165.42,Defective
R51599,O124205,2024-12-27,Full Return,796.28,Damaged in transit
R51600,O118798,2024-11-02,Full Return,55.5,Changed mind
R51601,O143081,2024-12-05,Full Return,40.65,Wrong size
R51602,O149358,2024-11-22,Full Return,329.08,Not as described
R51603,O104158,2024-09-01,Full Return,242.08,Wrong size
R51604,O130045,2024-12-25,Full Return,45.09,Defective
R51605,O142215,2024-11-21,Full Return,667.04,Not as described
R51606,O109457,2024-04-25,Full Return,127.9,Wrong size
R51607,O147702,2024-11-23,Full Return,7182.94,Wrong size
R51608,O138035,2024-12-03,Full Return,170.02,Changed mind
R51609,O140520,2024-06-13,Full Return,70.62,Defective
R51610,O136319,2024-11-05,Full Return,44.24,Changed mind
R51611,O126231,2024-04-10,Full Return,377.7,Defective
R51612,O130845,2024-08-03,Full Return,108.42,Defective
R51613,O116274,2024-12-26,Full Return,205.7,Damaged in transit
R51614,O147899,2024-07-15,Full Return,69.56,Wrong size
R51615,O102140,2024-12-11,Full Return,470.39,Not as described
R51616,O108717,2024-09-20,Full Return,282.64,Defective
R51617,O131514,2024-06-01,Full Return,84.22,Damaged in transit
R51618,O142845,2025-01-12,Full Return,227.3,Defective
R51619,O127869,2024-07-14,Full Return,283.77,Changed mind
R51620,O103486,2025-01-04,Full Return,2938.77,Wrong size
R51621,O120795,2024-07-16,Full Return,23.49,Changed mind
R51622,O133158,2024-07-05,Full Return,38.91,Wrong size
R51623,O100152,2024-08-15,Full Return,51.5,Damaged in transit
R51624,O137591,2024-12-17,Partial Return,465.17,Wrong size
R51625,O140653,2024-09-29,Full Return,107.92,Wrong size
R51626,O140815,2024-10-13,Full Return,84.76,Changed mind
R51627,O113223,2024-06-02,Full Return,806.07,Not as described
R51628,O110653,2024-03-17,Full Return,97.36,Defective
R51629,O120484,2024-03-11,Full Return,215.45,Changed mind
R51630,O129076,2024-09-14,Full Return,59.31,Defective
R51631,O144341,2024-02-05,Full Return,52.17,Changed mind
R51632,O108173,2024-09-15,Partial Return,30.68,Defective
R51633,O127791,2024-05-01,Full Return,372.0,Damaged in transit
R51634,O128172,2024-10-31,Full Return,4945.0,Damaged in transit
R51635,O102467,2024-07-19,Full Return,150.9,Changed mind
R51636,O125793,2024-10-14,Full Return,112.75,Changed mind
R51637,O141097,2024-06-14,Partial Return,180.84,Changed mind
R51638,O117557,2024-10-12,Full Return,474.87,Not as described
R51639,O120186,2024-09-11,Partial Return,4190.13,Changed mind
R51640,O120669,2025-01-20,Full Return,53.43,Damaged in transit
R51641,O140435,2024-08-05,Partial Return,133.71,Changed mind
R51642,O141158,2024-10-04,Full Return,27.6,Wrong size
R51643,O109609,2024-02-02,Full Return,162.05,Defective
R51644,O148097,2024-04-16,Partial Return,38.4,Changed mind
R51645,O135526,2024-02-21,Full Return,306.2,Changed mind
R51646,O118417,2024-04-30,Full Return,90.62,Wrong size
R51647,O110449,2024-11-28,Full Return,12570.39,Wrong size
R51648,O108830,2024-06-20,Full Return,268.69,Wrong size
R51649,O114606,2024-09-25,Full Return,902.33,Changed mind
R51650,O102595,2024-12-13,Partial Return,461.18,Wrong size
R51651,O101255,2024-03-01,Full Return,134.94,Changed mind
R51652,O103200,2025-01-14,Full Return,86.85,Damaged in transit
R51653,O128537,2024-02-08,Full Return,185.86,Defective
R51654,O115397,2024-12-30,Full Return,198.39,Wrong size
R51655,O125642,2024-06-09,Partial Return,256.88,Changed mind
R51656,O127354,2024-12-13,Partial Return,82.38,Defective
R51657,O124386,2024-11-01,Full Return,486.81,Defective
R51658,O142384,2024-07-20,Full Return,54.79,Changed mind
R51659,O102641,2024-03-11,Full Return,46.7,Defective
R51660,O114143,2024-08-18,Full Return,10.9,Wrong size
R51661,O135522,2024-02-12,Full Return,90.25,Not as described
R51662,O144661,2024-01-23,Full Return,174.98,Defective
R51663,O123685,2024-10-20,Full Return,2472.5,Not as described
R51664,O114000,2024-12-09,Full Return,165.61,Defective
R51665,O101385,2024-09-25,Full Return,462.32,Wrong size
R51666,O121242,2024-10-07,Full Return,157.82,Not as described
R51667,O104369,2024-11-08,Full Return,237.15,Changed mind
R51668,O133436,2024-11-16,Full Return,2472.5,Damaged in transit
R51669,O111433,2024-12-09,Partial Return,247.29,Changed mind
R51670,O101523,2024-04-23,Partial Return,93.0,Changed mind
R51671,O115734,2024-10-28,Full Return,127.2,Wrong size
R51672,O101747,2024-05-26,Full Return,701.28,Wrong size
R51673,O138667,2025-01-26,Full Return,71.05,Damaged in transit
R51674,O109974,2024-03-16,Full Return,67.64,Defective
R51675,O122540,2024-07-14,Full Return,6532.92,Damaged in transit
R51676,O133786,2024-08-24,Full Return,14.21,Defective
R51677,O131190,2024-11-15,Full Return,428.41,Defective
R51678,O108107,2024-05-27,Partial Return,1236.25,Wrong size
R51679,O134389,2024-08-05,Partial Return,104.45,Not as described
R51680,O106611,2024-11-24,Full Return,106.86,Defective
R51681,O105118,2025-01-28,Full Return,21.72,Wrong size
R51682,O118997,2024-09-13,Full Return,4139.34,Wrong size
R51683,O143484,2024-07-18,Partial Return,85.69,Defective
R51684,O100953,2025-01-18,Full Return,108.91,Changed mind
R51685,O100217,2024-10-19,Full Return,168.4,Damaged in transit
R51686,O146513,2024-04-27,Full Return,406.46,Damaged in transit
R51687,O130513,2024-04-24,Full Return,147.61,Changed mind
R51688,O112469,2024-11-29,Partial Return,48.09,Wrong size
R51689,O124135,2024-10-26,Full Return,261.04,Damaged in transit
R51690,O140364,2024-02-07,Full Return,85.72,Wrong size
R51691,O117072,2024-10-22,Partial Return,72.09,Defective
R51692,O124306,2024-12-01,Full Return,162.96,Wrong size
R51693,O125498,2024-05-07,Full Return,370.36,Wrong size
R51694,O116829,2024-07-09,Full Return,61.11,Changed mind
R51695,O126696,2024-07-13,Full Return,170.02,Defective
R51696,O116929,2025-01-01,Partial Return,89.53,Changed mind
R51697,O130336,2024-04-17,Full Return,412.12,Wrong size
R51698,O114185,2024-07-10,Full Return,251.61,Wrong size
R51699,O136262,2024-11-30,Full Return,7182.94,Changed mind
R51700,O128888,2024-08-04,Full Return,396.78,Changed mind
R51701,O137422,2024-09-25,Full Return,160.36,Damaged in transit
R51702,O108887,2024-03-11,Partial Return,15.51,Not as described
R51703,O128957,2024-11-23,Full Return,168.44,Changed mind
R51704,O145193,2024-04-12,Full Return,682.32,Changed mind
R51705,O132225,2024-07-17,Full Return,270.97,Not as described
R51706,O128427,2024-09-03,Full Return,438.78,Not as described
R51707,O120233,2024-02-21,Full Return,115.96,Defective
R51708,O119041,2024-07-22,Partial Return,39.52,Wrong size
R51709,O135860,2024-08-14,Full Return,142.21,Changed mind
R51710,O132733,2024-09-15,Full Return,232.14,Damaged in transit
R51711,O130093,2024-04-04,Full Return,8380.26,Changed mind
R51712,O137650,2024-06-28,Full Return,340.8,Wrong size
R51713,O133710,2024-12-29,Partial Return,42.87,Not as described
R51714,O116303,2024-10-05,Full Return,156.56,Damaged in transit
R51715,O118236,2024-04-09,Partial Return,12.29,Defective
R51716,O123103,2024-06-30,Full Return,2177.64,Not as described
R51717,O125961,2024-05-16,Partial Return,32.09,Defective
R51718,O129963,2024-03-25,Full Return,94.72,Changed mind
R51719,O129555,2024-05-13,Full Return,84.8,Changed mind
R51720,O126530,2024-05-13,Full Return,59.19,Defective
R51721,O105741,2024-12-29,Partial Return,144.73,Not as described
R51722,O148924,2024-02-09,Full Return,153.1,Wrong size
R51723,O108372,2024-11-24,Partial Return,197.19,Damaged in transit
R51724,O147689,2024-07-12,Partial Return,42.87,Changed mind
R51725,O147405,2024-02-24,Full Return,244.44,Not as described
R51726,O119899,2024-04-01,Full Return,261.45,Changed mind
R51727,O149708,2024-12-22,Full Return,215.93,Defective
R51728,O101377,2025-01-16,Partial Return,1487.34,Changed mind
R51729,O133965,2025-01-23,Full Return,62.0,Changed mind
R51730,O135012,2024-04-19,Full Return,367.06,Defective
R51731,O135836,2025-01-07,Full Return,922.36,Changed mind
R51732,O140212,2024-09-24,Full Return,1894.82,Not as described
R51733,O141395,2024-05-13,Full Return,188.66,Changed mind
R51734,O134706,2024-12-28,Partial Return,136.89,Defective
R51735,O128307,2024-09-21,Full Return,2767.08,Defective
R51736,O100700,2024-06-21,Full Return,642.62,Defective
R51737,O101736,2025-01-13,Partial Return,147.82,Defective
R51738,O120383,2024-08-06,Full Return,252.6,Changed mind
R51739,O147419,2024-12-12,Full Return,2472.5,Wrong size
R51740,O109593,2024-06-18,Full Return,3081.22,Changed mind
R51741,O140651,2024-05-17,Full Return,23.86,Changed mind
R51742,O116322,2024-06-19,Full Return,105.21,Damaged in transit
R51743,O126261,2024-05-20,Full Return,3432.48,Wrong size
R51744,O147751,2024-09-30,Full Return,2029.11,Defective
R51745,O127345,2024-11-24,Full Return,95.57,Wrong size
R51746,O145102,2024-01-24,Full Return,97.58,Not as described
R51747,O108960,2024-02-07,Full Return,12.86,Defective
R51748,O107919,2024-10-11,Full Return,2250.23,Changed mind
R51749,O112410,2024-03-14,Full Return,1146.97,Defective
R51750,O145866,2024-10-11,Full Return,125.9,Not as described
R51751,O121502,2024-06-07,Full Return,135.1,Not as described
R51752,O134726,2024-11-18,Full Return,8278.68,Wrong size
R51753,O104328,2024-12-20,Full Return,676.37,Damaged in transit
R51754,O138658,2024-05-29,Full Return,59.67,Not as described
R51755,O120420,2024-04-04,Partial Return,59.16,Damaged in transit
R51756,O126039,2024-12-12,Full Return,124.0,Changed mind
R51757,O134551,2024-06-04,Full Return,40.95,Wrong size
R51758,O135512,2024-09-05,Full Return,36.58,Wrong size
R51759,O127976,2024-12-13,Partial Return,2492.26,Changed mind
R51760,O124437,2024-09-27,Full Return,40.95,Defective
R51761,O143055,2025-01-05,Full Return,38.15,Defective
R51762,O105651,2024-12-13,Full Return,4190.13,Changed mind
R51763,O102496,2024-07-29,Full Return,114.25,Wrong size
R51764,O106255,2024-11-11,Full Return,314.82,Changed mind
R51765,O143857,2024-11-05,Full Return,922.36,Wrong size
R51766,O100045,2024-12-27,Partial Return,9.46,Wrong size
R51767,O139948,2024-06-23,Full Return,171.38,Not as described
R51768,O138468,2024-04-28,Partial Return,61.95,Not as described
R51769,O142359,2024-12-25,Partial Return,88.81,Not as described
R51770,O143193,2024-09-15,Full Return,219.39,Wrong size
R51771,O134047,2024-08-02,Full Return,34.18,Not as described
R51772,O113527,2024-05-07,Full Return,14.96,Wrong size
R51773,O111182,2024-11-15,Full Return,251.8,Changed mind
R51774,O123546,2024-11-27,Full Return,241.16,Changed mind
R51775,O120759,2024-11-28,Full Return,87.03,Defective
R51776,O109574,2024-05-23,Full Return,385.24,Defective
R51777,O103822,2024-09-17,Full Return,104.35,Changed mind
R51778,O102984,2024-09-01,Full Return,61.37,Changed mind
R51779,O105684,2024-06-28,Full Return,45.0,Defective
R51780,O145073,2024-11-20,Full Return,17.21,Wrong size
R51781,O116701,2025-01-01,Full Return,228.51,Not as described
R51782,O141689,2024-07-04,Full Return,1483.5,Wrong size
R51783,O132895,2024-10-23,Full Return,25.23,Not as described
R51784,O135960,2024-11-13,Partial Return,704.48,Defective
R51785,O134696,2024-05-04,Full Return,1352.74,Changed mind
R51786,O123437,2024-09-09,Partial Return,1396.38,Changed mind
R51787,O122765,2024-09-21,Full Return,84.41,Damaged in transit
R51788,O124036,2024-11-24,Full Return,19.18,Damaged in transit
R51789,O100392,2024-12-28,Partial Return,62.87,Not as described
R51790,O115641,2024-10-11,Full Return,1201.1,Changed mind
R51791,O149046,2024-08-26,Full Return,4283.04,Not as described
R51792,O123733,2024-12-05,Full Return,197.19,Wrong size
R51793,O111563,2024-01-24,Full Return,329.08,Defective
R51794,O146171,2024-10-19,Full Return,156.62,Damaged in transit
R51795,O130760,2024-12-31,Full Return,251.61,Wrong size
R51796,O148972,2024-11-14,Full Return,128.99,Wrong size
R51797,O100110,2024-12-11,Full Return,295.22,Wrong size
R51798,O105219,2024-06-27,Partial Return,199.29,Not as described
R51799,O116352,2024-11-30,Partial Return,3231.28,Changed mind
R51800,O103909,2024-04-24,Full Return,85.86,Changed mind
R51801,O116281,2024-11-18,Full Return,81.9,Defective
R51802,O105430,2024-10-01,Full Return,171.27,Defective
R51803,O130593,2024-11-19,Partial Return,1621.69,Wrong size
R51804,O126481,2024-10-03,Full Return,306.2,Damaged in transit
R51805,O100830,2024-04-15,Partial Return,71.21,Not as described
R51806,O121335,2024-12-31,Partial Return,7.55,Wrong size
R51807,O135946,2024-05-04,Full Return,99.15,Wrong size
R51808,O135296,2024-07-17,Full Return,2938.77,Defective
R51809,O137615,2024-08-03,Full Return,372.0,Wrong size
R51810,O131829,2024-01-26,Full Return,188.85,Wrong size
R51811,O103404,2024-05-16,Full Return,112.75,Wrong size
R51812,O123911,2024-02-21,Full Return,168.4,Defective
R51813,O104313,2024-03-15,Partial Return,8.38,Changed mind
R51814,O128485,2024-07-25,Full Return,38.25,Not as described
R51815,O102724,2025-01-25,Full Return,52.61,Changed mind
R51816,O105645,2024-06-11,Partial Return,439.08,Changed mind
R51817,O100915,2024-08-29,Full Return,116.55,Not as described
R51818,O116951,2024-10-27,Full Return,626.43,Defective
R51819,O136842,2024-04-12,Full Return,340.95,Wrong size
R51820,O133564,2024-12-02,Full Return,400.02,Wrong size
R51821,O111000,2024-06-21,Full Return,240.5,Defective
R51822,O102693,2024-10-01,Partial Return,99.19,Changed mind
R51823,O108903,2024-11-12,Full Return,156.56,Wrong size
R51824,O108328,2024-09-09,Full Return,329.08,Defective
R51825,O107521,2024-12-05,Full Return,135.3,Not as described
R51826,O115325,2024-09-16,Full Return,1408.96,Changed mind
R51827,O134788,2024-06-12,Full Return,332.48,Damaged in transit
R51828,O102658,2024-04-26,Full Return,1001.84,Wrong size
R51829,O111453,2024-12-31,Full Return,71.73,Wrong size
R51830,O124470,2024-11-10,Full Return,1597.94,Damaged in transit
R51831,O113636,2024-05-04,Full Return,23.22,Defective
R51832,O103269,2025-01-16,Partial Return,7476.8,Wrong size
R51833,O147964,2025-01-01,Full Return,44.21,Not as described
R51834,O129424,2024-05-28,Full Return,682.32,Defective
R51835,O124091,2024-03-08,Full Return,141.36,Defective
R51836,O145098,2024-11-22,Full Return,111.51,Changed mind
R51837,O119150,2024-07-23,Full Return,224.96,Wrong size
R51838,O103245,2024-08-27,Partial Return,41.24,Changed mind
R51839,O105426,2024-12-04,Full Return,168.81,Wrong size
R51840,O126711,2024-11-22,Partial Return,59.35,Defective
R51841,O135754,2024-03-27,Full Return,61.11,Wrong size
R51842,O150044,2024-11-30,Partial Return,23.98,Changed mind
R51843,O126086,2024-03-07,Full Return,349.52,Not as described
R51844,O136387,2024-05-20,Partial Return,8.07,Wrong size
R51845,O137880,2024-08-08,Full Return,210.42,Wrong size
R51846,O126467,2024-12-04,Full Return,1129.77,Wrong size
R51847,O141657,2024-05-17,Partial Return,114.26,Wrong size
R51848,O128480,2024-07-07,Full Return,368.79,Changed mind
R51849,O102600,2025-01-17,Partial Return,1383.54,Damaged in transit
R51850,O146558,2025-01-10,Full Return,721.01,Damaged in transit
R51851,O108379,2024-03-16,Full Return,758.28,Damaged in transit
R51852,O132839,2024-03-22,Full Return,122.7,Wrong size
R51853,O137329,2024-11-13,Full Return,210.37,Damaged in transit
R51854,O108525,2024-05-02,Full Return,217.08,Not as described
R51855,O144798,2024-08-13,Full Return,197.1,Wrong size
R51856,O117520,2024-07-15,Full Return,343.25,Changed mind
R51857,O133715,2024-11-07,Partial Return,4190.13,Defective
R51858,O123909,2024-02-21,Full Return,723.18,Not as described
R51859,O146998,2024-04-29,Full Return,39.88,Changed mind
R51860,O126070,2024-11-18,Full Return,123.36,Damaged in transit
R51861,O105204,2024-09-14,Partial Return,122.7,Damaged in transit
R51862,O126194,2024-05-04,Full Return,130.23,Defective
R51863,O115271,2025-01-10,Full Return,9969.06,Changed mind
R51864,O142162,2024-11-01,Full Return,326.61,Changed mind
R51865,O121339,2024-11-07,Partial Return,177.3,Defective
R51866,O130204,2024-04-02,Partial Return,65.81,Damaged in transit
R51867,O107859,2024-10-25,Full Return,272.82,Changed mind
R51868,O102465,2024-12-31,Full Return,202.41,Changed mind
R51869,O148859,2024-04-27,Full Return,213.32,Changed mind
R51870,O111131,2024-05-10,Full Return,161.52,Changed mind
R51871,O105165,2024-06-29,Full Return,246.99,Defective
R51872,O102354,2024-08-29,Full Return,929.74,Changed mind
R51873,O110348,2024-12-09,Full Return,58.23,Wrong size
R51874,O149412,2024-07-29,Full Return,149.54,Changed mind
R51875,O120211,2024-11-20,Full Return,29.74,Not as described
R51876,O149930,2024-07-18,Full Return,234.64,Wrong size
R51877,O146006,2025-01-30,Full Return,130.23,Defective
R51878,O133452,2024-11-02,Full Return,71.93,Wrong size
R51879,O143802,2024-04-27,Full Return,1352.74,Changed mind
R51880,O144962,2024-12-19,Full Return,85.73,Changed mind
R51881,O107844,2024-10-27,Full Return,40.74,Wrong size
R51882,O119701,2025-01-06,Partial Return,22.5,Changed mind
R51883,O119773,2024-06-04,Full Return,355.26,Wrong size
R51884,O100251,2025-01-11,Full Return,262.47,Changed mind
R51885,O136505,2024-07-25,Full Return,42.71,Defective
R51886,O100689,2024-06-07,Full Return,89.44,Damaged in transit
R51887,O106448,2024-09-17,Full Return,71.9,Defective
R51888,O133971,2024-08-14,Full Return,36.18,Changed mind
R51889,O101686,2024-10-02,Full Return,427.26,Wrong size
R51890,O144437,2024-06-17,Full Return,156.94,Defective
R51891,O100008,2024-07-07,Full Return,237.39,Wrong size
R51892,O105616,2024-11-03,Full Return,176.98,Wrong size
R51893,O101773,2024-08-21,Full Return,147.61,Changed mind
R51894,O128680,2024-05-25,Full Return,159.35,Wrong size
R51895,O121739,2024-10-13,Full Return,3081.22,Not as described
R51896,O129181,2024-06-26,Full Return,2288.32,Not as described
R51897,O110472,2025-01-05,Full Return,205.7,Wrong size
R51898,O116575,2024-05-17,Full Return,37.84,Wrong size
R51899,O138848,2024-09-09,Full Return,170.02,Changed mind
R51900,O111454,2024-08-07,Full Return,58.36,Not as described
R51901,O129467,2024-07-05,Full Return,58.33,Wrong size
R51902,O145552,2024-12-21,Partial Return,31.5,Changed mind
R51903,O121302,2024-12-06,Full Return,25.23,Changed mind
R51904,O148337,2024-07-27,Full Return,8378.25,Damaged in transit
R51905,O105546,2024-06-03,Full Return,563.3,Wrong size
R51906,O113377,2024-10-20,Partial Return,9577.26,Not as described
R51907,O102199,2024-07-22,Full Return,6181.02,Defective
R51908,O123854,2024-10-01,Full Return,492.13,Wrong size
R51909,O113738,2024-08-17,Full Return,1383.54,Defective
R51910,O114792,2024-05-17,Full Return,74.15,Changed mind
R51911,O140196,2024-04-03,Partial Return,524.94,Changed mind
R51912,O108272,2024-02-14,Full Return,1229.89,Not as described
R51913,O135791,2024-11-27,Full Return,1272.78,Changed mind
R51914,O108424,2024-10-30,Full Return,179.26,Wrong size
R51915,O121123,2024-11-28,Full Return,1354.89,Wrong size
R51916,O131735,2024-03-24,Full Return,271.12,Changed mind
R51917,O113528,2024-10-08,Full Return,823.4,Wrong size
R51918,O119465,2024-09-22,Full Return,672.28,Changed mind
R51919,O128927,2024-10-23,Full Return,693.48,Changed mind
R51920,O103366,2024-11-05,Full Return,157.41,Changed mind
R51921,O133414,2024-10-11,Full Return,407.25,Not as described
R51922,O144523,2024-04-22,Full Return,65.82,Changed mind
R51923,O118626,2024-10-27,Partial Return,74.11,Changed mind
R51924,O113467,2025-01-02,Full Return,298.4,Wrong size
R51925,O104169,2025-01-12,Full Return,903.97,Defective
R51926,O122983,2024-11-23,Full Return,1030.26,Damaged in transit
R51927,O149931,2024-06-11,Partial Return,101.24,Not as described
R51928,O116102,2024-12-04,Full Return,237.44,Changed mind
R51929,O142274,2024-10-01,Full Return,24.39,Defective
R51930,O118728,2024-10-30,Full Return,153.32,Defective
R51931,O136874,2024-12-23,Full Return,163.6,Defective
R51932,O144467,2024-12-18,Full Return,175.32,Damaged in transit
R51933,O126678,2024-12-16,Full Return,4190.13,Not as described
R51934,O149091,2024-02-26,Full Return,54.21,Changed mind
R51935,O114250,2024-12-30,Full Return,173.94,Changed mind
R51936,O102855,2024-05-14,Full Return,135.78,Changed mind
R51937,O109230,2024-06-06,Partial Return,7182.94,Changed mind
R51938,O123672,2024-02-03,Partial Return,19.3,Changed mind
R51939,O139554,2024-04-28,Full Return,2641.0,Not as described
R51940,O133376,2024-08-13,Full Return,4308.38,Wrong size
R51941,O135557,2024-12-09,Full Return,149.58,Changed mind
R51942,O145360,2024-10-07,Full Return,385.24,Wrong size
R51943,O135912,2024-02-24,Full Return,631.6,Defective
R51944,O113830,2024-05-09,Full Return,67.47,Defective
R51945,O108165,2024-05-24,Partial Return,171.38,Changed mind
R51946,O117858,2024-06-23,Full Return,68.14,Wrong size
R51947,O114855,2025-01-11,Full Return,947.47,Changed mind
R51948,O142529,2024-11-05,Full Return,1383.54,Changed mind
R51949,O129187,2024-12-11,Full Return,108.32,Changed mind
R51950,O128212,2024-11-15,Partial Return,412.98,Not as described
R51951,O137520,2024-11-10,Partial Return,428.41,Wrong size
R51952,O134452,2024-07-04,Full Return,7476.8,Damaged in transit
R51953,O147298,2024-04-19,Full Return,330.84,Not as described
R51954,O102151,2024-11-06,Full Return,281.06,Changed mind
R51955,O129233,2024-09-07,Full Return,230.48,Changed mind
R51956,O102206,2025-01-26,Partial Return,1174.44,Changed mind
R51957,O111418,2024-11-03,Full Return,90.25,Defective
R51958,O103466,2024-12-07,Partial Return,379.14,Damaged in transit
R51959,O140089,2024-11-25,Full Return,13.97,Changed mind
R51960,O132752,2024-10-14,Full Return,422.48,Wrong size
R51961,O125519,2024-02-28,Full Return,40.74,Changed mind
R51962,O147809,2024-11-19,Full Return,156.94,Damaged in transit
R51963,O140305,2024-04-16,Full Return,67.47,Changed mind
R51964,O128176,2024-03-10,Full Return,2029.11,Changed mind
R51965,O122332,2024-11-01,Full Return,52.1,Damaged in transit
R51966,O117192,2024-09-05,Partial Return,59.35,Wrong size
R51967,O128532,2024-06-02,Full Return,267.26,Defective
R51968,O124661,2024-04-06,Partial Return,1141.04,Wrong size
R51969,O137579,2024-10-26,Full Return,64.1,Wrong size
R51970,O133556,2025-01-22,Full Return,83.87,Damaged in transit
R51971,O146559,2024-05-19,Full Return,532.89,Changed mind
R51972,O124217,2024-02-14,Full Return,118.7,Defective
R51973,O116279,2024-10-14,Full Return,59.15,Changed mind
R51974,O144090,2024-04-05,Full Return,174.33,Not as described
R51975,O109821,2024-09-23,Full Return,35.7,Defective
R51976,O114094,2024-10-18,Full Return,370.48,Damaged in transit
R51977,O119199,2024-12-22,Partial Return,38.38,Changed mind
R51978,O132264,2024-06-09,Full Return,115.71,Wrong size
R51979,O132147,2024-03-29,Full Return,164.86,Not as described
R51980,O103880,2025-01-15,Full Return,144.15,Changed mind
R51981,O100320,2024-11-30,Full Return,811.18,Not as described
R51982,O122969,2024-10-14,Full Return,360.75,Not as described
R51983,O109971,2024-08-09,Full Return,16.15,Changed mind
R51984,O109301,2024-10-06,Full Return,34.73,Not as described
R51985,O122402,2024-08-18,Full Return,3432.48,Defective
R51986,O116803,2024-06-23,Full Return,67.47,Not as described
R51987,O149090,2024-10-29,Full Return,1328.91,Wrong size
R51988,O128630,2024-11-03,Partial Return,103.03,Not as described
R51989,O138314,2024-12-14,Full Return,17.1,Changed mind
R51990,O102863,2024-02-18,Partial Return,34.77,Defective
R51991,O117430,2024-06-08,Full Return,7182.94,Not as described
R51992,O138087,2024-10-01,Partial Return,111.17,Wrong size
R51993,O126934,2024-01-29,Full Return,108.91,Not as described
R51994,O139171,2024-10-28,Full Return,125.9,Wrong size
R51995,O143290,2024-11-21,Full Return,336.8,Not as described
R51996,O133365,2024-11-15,Full Return,272.82,Not as described
R51997,O106376,2024-03-25,Full Return,35.14,Defective
R51998,O138584,2024-07-06,Full Return,380.48,Wrong size
R51999,O126029,2025-01-22,Full Return,298.94,Not as described
R52000,O132236,2024-12-26,Partial Return,50.3,Not as described
R52001,O128046,2024-01-31,Full Return,211.0,Wrong size
R52002,O126095,2024-08-01,Full Return,301.06,Wrong size
R52003,O127105,2024-10-25,Full Return,1129.77,Wrong size
R52004,O136270,2024-08-11,Full Return,9098.4,Defective
R52005,O138346,2024-11-10,Full Return,21548.84,Changed mind
R52006,O148219,2024-12-31,Partial Return,31.41,Defective
R52007,O147745,2024-12-11,Full Return,667.9,Changed mind
R52008,O136944,2024-06-21,Full Return,75.93,Changed mind
R52009,O148247,2024-12-30,Full Return,30.45,Not as described
R52010,O105618,2024-12-29,Full Return,200.71,Changed mind
R52011,O138174,2024-07-11,Full Return,217.01,Defective
R52012,O124017,2024-05-29,Full Return,39.79,Damaged in transit
R52013,O130848,2024-12-10,Partial Return,309.74,Wrong size
R52014,O146545,2024-07-18,Full Return,406.68,Defective
R52015,O143982,2024-05-19,Full Return,42.03,Changed mind
R52016,O103609,2024-08-30,Full Return,1238.9,Defective
R52017,O107968,2024-09-14,Full Return,55.76,Wrong size
R52018,O110707,2024-08-28,Full Return,27.6,Defective
R52019,O100378,2025-01-07,Full Return,98.76,Changed mind
R52020,O113489,2024-06-10,Full Return,459.3,Not as described
R52021,O120041,2024-12-26,Partial Return,187.17,Defective
R52022,O109845,2024-12-04,Full Return,2793.42,Changed mind
R52023,O148715,2024-07-23,Full Return,270.17,Defective
R52024,O109976,2024-09-05,Full Return,213.57,Not as described
R52025,O112787,2024-12-10,Full Return,15.74,Defective
R52026,O113500,2024-09-27,Full Return,89.36,Wrong size
R52027,O144909,2025-01-04,Full Return,511.42,Defective
R52028,O139287,2024-05-24,Partial Return,461.18,Damaged in transit
R52029,O105968,2024-09-14,Full Return,582.15,Wrong size
R52030,O135362,2024-11-07,Full Return,798.97,Defective
R52031,O104002,2024-06-06,Partial Return,50.62,Wrong size
R52032,O132906,2025-01-04,Full Return,16.26,Defective
R52033,O112361,2024-09-12,Full Return,4735.3,Not as described
R52034,O123853,2024-04-07,Full Return,79.12,Defective
R52035,O149937,2024-07-04,Full Return,434.2,Wrong size
R52036,O101278,2025-01-03,Full Return,266.44,Damaged in transit
R52037,O112365,2024-07-23,Partial Return,71.23,Damaged in transit
R52038,O131882,2024-10-17,Full Return,189.6,Not as described
R52039,O101027,2024-10-06,Full Return,115.58,Wrong size
R52040,O104010,2024-10-26,Full Return,25.23,Wrong size
R52041,O141375,2024-05-09,Full Return,267.57,Defective
R52042,O142306,2024-07-15,Full Return,83.48,Changed mind
R52043,O127812,2024-11-21,Full Return,99.15,Wrong size
R52044,O124531,2024-02-07,Full Return,1036.06,Not as described
R52045,O113088,2024-08-23,Full Return,35.24,Defective
R52046,O115499,2024-07-13,Full Return,258.81,Not as described
R52047,O130720,2024-11-13,Partial Return,2014.56,Defective
R52048,O119072,2024-07-11,Full Return,6677.99,Damaged in transit
R52049,O134771,2025-01-08,Full Return,4788.63,Defective
R52050,O139291,2024-12-08,Full Return,838.22,Wrong size
R52051,O100680,2024-07-09,Partial Return,725.88,Changed mind
R52052,O110276,2024-10-20,Full Return,118.62,Wrong size
R52053,O115580,2024-11-28,Full Return,144.15,Wrong size
R52054,O125555,2025-01-05,Partial Return,85.01,Wrong size
R52055,O113641,2025-01-20,Partial Return,18.2,Changed mind
R52056,O104438,2024-04-08,Full Return,922.36,Damaged in transit
R52057,O110376,2024-01-28,Full Return,60.84,Wrong size
R52058,O147430,2024-08-19,Partial Return,658.62,Wrong size
R52059,O121837,2024-12-14,Full Return,300.92,Defective
R52060,O105608,2024-12-05,Full Return,426.63,Wrong size
R52061,O107585,2024-05-01,Full Return,86.91,Defective
R52062,O108071,2024-11-10,Partial Return,2953.01,Wrong size
R52063,O117320,2024-09-21,Full Return,5756.04,Changed mind
R52064,O131142,2024-04-14,Full Return,2793.42,Not as described
R52065,O136913,2024-06-02,Full Return,86.27,Changed mind
R52066,O136770,2024-08-26,Full Return,167.9,Changed mind
R52067,O148256,2024-05-18,Partial Return,52.17,Wrong size
R52068,O142880,2024-07-09,Full Return,21.4,Wrong size
R52069,O105563,2024-08-08,Partial Return,16.84,Defective
R52070,O102293,2024-06-21,Full Return,143.85,Defective
R52071,O144816,2024-02-18,Full Return,168.4,Damaged in transit
R52072,O115175,2024-11-14,Full Return,169.12,Changed mind
R52073,O123590,2024-10-19,Full Return,119.6,Not as described
R52074,O120352,2024-03-02,Full Return,59.57,Changed mind
R52075,O115461,2024-07-12,Partial Return,18.48,Damaged in transit
R52076,O131208,2024-10-25,Full Return,84.0,Wrong size
R52077,O138846,2024-12-15,Full Return,32.04,Changed mind
R52078,O135408,2024-02-02,Full Return,134.94,Wrong size
R52079,O104082,2024-08-20,Full Return,247.29,Wrong size
R52080,O145028,2024-07-29,Full Return,885.66,Defective
R52081,O111888,2024-11-08,Full Return,443.31,Wrong size
R52082,O109956,2024-06-02,Partial Return,267.69,Changed mind
R52083,O100056,2024-12-23,Full Return,45.55,Changed mind
R52084,O142267,2024-07-28,Full Return,281.65,Changed mind
R52085,O147065,2024-04-21,Full Return,22.72,Changed mind
R52086,O111110,2024-11-22,Full Return,8378.25,Wrong size
R52087,O114983,2024-12-30,Partial Return,8.56,Not as described
R52088,O107350,2024-10-12,Full Return,85.28,Changed mind
R52089,O139255,2024-10-03,Full Return,97.8,Wrong size
R52090,O112072,2024-01-28,Full Return,4788.63,Wrong size
R52091,O124906,2024-09-24,Full Return,922.36,Changed mind
R52092,O124845,2024-06-02,Full Return,417.24,Not as described
R52093,O140446,2024-11-08,Full Return,80.94,Defective
R52094,O106758,2024-06-26,Full Return,67.5,Wrong size
R52095,O111596,2024-09-03,Full Return,81.44,Not as described
R52096,O128265,2024-10-29,Partial Return,676.37,Wrong size
R52097,O116842,2024-06-11,Full Return,148.23,Changed mind
R52098,O105331,2024-08-12,Full Return,270.97,Wrong size
R52099,O100114,2025-01-15,Partial Return,64.7,Defective
R52100,O125174,2024-11-25,Full Return,392.17,Not as described
R52101,O114948,2024-09-17,Partial Return,118.29,Damaged in transit
R52102,O134895,2024-03-28,Full Return,66.95,Not as described
R52103,O129635,2024-06-05,Full Return,2472.5,Not as described
R52104,O129970,2024-11-12,Full Return,42.03,Defective
R52105,O148155,2024-04-06,Partial Return,720.55,Not as described
R52106,O133061,2024-10-23,Full Return,25.73,Changed mind
R52107,O140766,2024-08-07,Full Return,408.05,Changed mind
R52108,O122268,2024-05-14,Full Return,124.0,Wrong size
R52109,O119042,2024-09-08,Full Return,261.45,Wrong size
R52110,O107371,2024-07-29,Full Return,272.82,Defective
R52111,O138971,2024-03-08,Partial Return,113.65,Damaged in transit
R52112,O101240,2025-01-08,Full Return,243.36,Changed mind
R52113,O124344,2024-12-14,Full Return,1545.26,Changed mind
R52114,O121713,2024-06-21,Partial Return,1966.18,Changed mind
R52115,O134106,2024-10-17,Full Return,2791.83,Not as described
R52116,O123115,2024-06-06,Full Return,115.58,Defective
R52117,O145988,2024-12-20,Full Return,135.78,Wrong size
R52118,O149947,2025-01-04,Full Return,142.21,Defective
R52119,O137909,2024-11-09,Full Return,116.15,Changed mind
R52120,O100400,2024-05-24,Full Return,41.34,Not as described
R52121,O109450,2024-10-26,Full Return,163.6,Defective
R52122,O106328,2024-10-09,Full Return,406.46,Wrong size
R52123,O131962,2024-07-18,Full Return,43.44,Wrong size
R52124,O118588,2025-01-13,Partial Return,23.35,Wrong size
R52125,O137590,2024-03-02,Full Return,4190.13,Changed mind
R52126,O139279,2024-10-09,Full Return,213.39,Defective
R52127,O129964,2024-10-27,Full Return,370.36,Not as described
R52128,O131551,2024-09-13,Full Return,460.96,Defective
R52129,O148182,2024-04-08,Full Return,54.47,Changed mind
R52130,O126121,2024-05-01,Full Return,18.23,Not as described
R52131,O125902,2025-01-26,Full Return,163.08,Changed mind
R52132,O134670,2024-12-15,Full Return,10615.0,Wrong size
R52133,O127180,2025-01-12,Partial Return,23.98,Damaged in transit
R52134,O141370,2024-12-08,Full Return,424.1,Wrong size
R52135,O143336,2024-08-13,Full Return,104.37,Changed mind
R52136,O140400,2024-10-02,Partial Return,65.81,Wrong size
R52137,O130475,2024-11-17,Full Return,184.03,Not as described
R52138,O120746,2024-07-20,Full Return,109.48,Wrong size
R52139,O132311,2024-06-01,Full Return,130.52,Wrong size
R52140,O134892,2024-09-17,Full Return,915.18,Wrong size
R52141,O109718,2025-01-13,Partial Return,148.79,Defective
R52142,O134526,2024-12-13,Partial Return,38.91,Not as described
R52143,O141478,2024-06-24,Full Return,15.45,Wrong size
R52144,O112320,2024-07-25,Full Return,88.72,Not as described
R52145,O133358,2025-01-16,Full Return,300.27,Damaged in transit
R52146,O125362,2024-12-01,Partial Return,461.18,Changed mind
R52147,O137207,2024-07-08,Full Return,178.71,Changed mind
R52148,O121934,2024-12-25,Full Return,164.86,Not as described
R52149,O103837,2024-08-15,Full Return,62.0,Changed mind
R52150,O125532,2024-03-02,Full Return,2792.75,Defective
R52151,O102420,2024-07-23,Full Return,42.79,Defective
R52152,O119989,2024-02-07,Full Return,40.94,Not as described
R52153,O106535,2024-06-23,Full Return,4735.3,Wrong size
R52154,O105228,2024-10-28,Partial Return,479.67,Not as described
R52155,O128941,2024-10-28,Full Return,814.68,Defective
R52156,O139941,2024-10-13,Full Return,479.94,Defective
R52157,O149767,2024-09-06,Full Return,95.39,Defective
R52158,O108765,2024-11-28,Full Return,113.74,Wrong size
R52159,O107742,2024-08-13,Full Return,340.8,Changed mind
R52160,O138642,2024-12-28,Full Return,283.77,Defective
R52161,O145878,2024-05-28,Partial Return,308.77,Changed mind
R52162,O115907,2024-07-13,Full Return,8378.25,Defective
R52163,O101171,2024-02-02,Full Return,658.48,Wrong size
R52164,O124526,2024-12-02,Partial Return,157.81,Not as described
R52165,O133474,2024-06-26,Partial Return,464.87,Wrong size
R52166,O117552,2025-01-05,Full Return,1383.54,Defective
R52167,O117544,2024-04-07,Full Return,2270.7,Damaged in transit
R52168,O129029,2024-12-10,Full Return,1913.83,Not as described
R52169,O118549,2024-02-13,Full Return,260.8,Changed mind
R52170,O146759,2024-04-27,Full Return,197.1,Changed mind
R52171,O136892,2024-12-23,Full Return,14.48,Wrong size
R52172,O111547,2024-12-28,Full Return,90.18,Changed mind
R52173,O123193,2024-11-07,Full Return,48.06,Not as described
R52174,O130400,2024-12-12,Partial Return,210.53,Wrong size
R52175,O123380,2024-07-08,Full Return,104.4,Changed mind
R52176,O131875,2024-06-07,Partial Return,147.89,Damaged in transit
R52177,O143412,2024-09-26,Full Return,70.47,Wrong size
R52178,O100485,2025-01-03,Full Return,336.8,Wrong size
R52179,O109935,2024-08-23,Full Return,228.51,Changed mind
R52180,O128679,2025-01-11,Full Return,617.55,Changed mind
R52181,O113681,2024-10-16,Full Return,14.9,Not as described
R52182,O130321,2024-10-03,Full Return,92.2,Not as described
R52183,O116847,2024-07-04,Full Return,265.95,Changed mind
R52184,O145018,2024-12-03,Full Return,2472.5,Changed mind
R52185,O127971,2024-12-09,Full Return,54.47,Defective
R52186,O113278,2024-12-08,Full Return,505.52,Not as described
R52187,O117436,2024-09-16,Full Return,63.15,Defective
R52188,O106194,2024-07-02,Full Return,31.82,Not as described
R52189,O142647,2024-11-04,Full Return,1542.48,Damaged in transit
R52190,O130381,2024-10-23,Full Return,1070.76,Wrong size
R52191,O147699,2024-08-23,Full Return,15.09,Defective
R52192,O146725,2024-08-21,Full Return,576.61,Not as described
R52193,O138567,2024-12-08,Full Return,84.22,Wrong size
R52194,O125213,2024-12-13,Full Return,245.4,Defective
R52195,O106505,2025-01-16,Full Return,57.7,Changed mind
R52196,O105345,2025-01-02,Full Return,183.33,Defective
R52197,O106044,2024-07-07,Full Return,63.2,Changed mind
R52198,O124947,2024-02-21,Full Return,2394.32,Changed mind
R52199,O123573,2024-12-17,Full Return,77.82,Changed mind
R52200,O141533,2024-09-23,Full Return,292.17,Defective
R52201,O115203,2024-10-20,Full Return,25.17,Wrong size
R52202,O114688,2024-11-06,Full Return,56.15,Changed mind
R52203,O100608,2024-04-22,Partial Return,246.62,Defective
R52204,O100088,2024-09-30,Partial Return,573.49,Wrong size
R52205,O134702,2024-12-20,Full Return,95.39,Defective
R52206,O106009,2024-02-13,Partial Return,436.61,Wrong size
R52207,O127978,2024-12-17,Full Return,200.71,Changed mind
R52208,O101481,2024-07-13,Full Return,617.55,Damaged in transit
R52209,O100895,2024-02-12,Full Return,86.27,Defective
R52210,O119621,2024-12-09,Partial Return,17.3,Defective
R52211,O104599,2025-01-19,Full Return,66.32,Not as described
R52212,O100312,2025-01-17,Full Return,98.29,Wrong size
R52213,O121075,2024-03-14,Full Return,257.7,Not as described
R52214,O106415,2024-11-21,Full Return,25.94,Defective
R52215,O140053,2024-09-29,Full Return,1451.76,Not as described
R52216,O138675,2024-12-02,Full Return,947.47,Changed mind
R52217,O123499,2024-06-23,Full Return,2007.77,Changed mind
R52218,O106422,2024-07-06,Partial Return,82.24,Wrong size
R52219,O105378,2024-07-11,Full Return,511.74,Changed mind
R52220,O122679,2024-11-07,Full Return,180.0,Changed mind
R52221,O139167,2024-06-09,Full Return,80.39,Defective
R52222,O147761,2024-01-18,Full Return,212.13,Wrong size
R52223,O108186,2024-11-19,Full Return,49.43,Wrong size
R52224,O135061,2024-12-19,Full Return,197.1,Defective
R52225,O148300,2025-01-11,Full Return,65.2,Changed mind
R52226,O128926,2024-12-10,Partial Return,335.17,Defective
R52227,O119298,2024-05-12,Partial Return,22.2,Changed mind
R52228,O112824,2025-01-14,Partial Return,433.73,Not as described
R52229,O102339,2024-07-21,Full Return,21.34,Changed mind
R52230,O146621,2024-10-11,Full Return,36.08,Wrong size
R52231,O121005,2024-12-03,Full Return,640.71,Wrong size
R52232,O125195,2024-01-14,Full Return,660.25,Changed mind
R52233,O130908,2024-10-11,Partial Return,76.55,Changed mind
R52234,O118757,2024-07-04,Full Return,40.38,Defective
R52235,O141473,2024-10-07,Full Return,124.52,Defective
R52236,O135464,2024-10-27,Full Return,362.26,Wrong size
R52237,O117347,2024-03-11,Full Return,7476.8,Changed mind
R52238,O127004,2024-03-15,Partial Return,2204.08,Wrong size
R52239,O135933,2024-11-20,Full Return,422.22,Defective
R52240,O103121,2025-01-17,Partial Return,17.39,Not as described
R52241,O108163,2024-11-08,Full Return,173.82,Wrong size
R52242,O134578,2024-11-14,Full Return,228.52,Wrong size
R52243,O102092,2024-05-11,Partial Return,758.28,Wrong size
R52244,O144665,2024-07-10,Partial Return,1236.25,Wrong size
R52245,O127790,2024-08-13,Partial Return,9.59,Changed mind
R52246,O126655,2024-12-20,Full Return,112.5,Changed mind
R52247,O139088,2024-05-03,Partial Return,41.35,Wrong size
R52248,O106225,2024-12-15,Full Return,243.36,Wrong size
R52249,O143424,2024-12-22,Full Return,669.26,Changed mind
R52250,O136208,2024-12-19,Full Return,710.52,Defective
R52251,O106146,2024-05-10,Full Return,2177.64,Wrong size
R52252,O124072,2024-06-27,Full Return,155.64,Not as described
R52253,O105950,2024-07-22,Full Return,37.86,Wrong size
R52254,O147531,2024-12-10,Full Return,361.46,Wrong size
R52255,O135637,2024-12-02,Partial Return,465.17,Changed mind
R52256,O135558,2024-03-25,Full Return,208.91,Changed mind
R52257,O113119,2024-07-30,Partial Return,1174.44,Defective
R52258,O115633,2024-03-16,Full Return,173.8,Not as described
R52259,O107205,2024-08-01,Full Return,125.8,Changed mind
R52260,O110699,2024-10-09,Partial Return,39.52,Not as described
R52261,O123877,2024-09-17,Full Return,139.89,Not as described
R52262,O105347,2024-10-21,Full Return,301.17,Changed mind
R52263,O128544,2024-05-31,Full Return,378.23,Changed mind
R52264,O125923,2025-01-28,Full Return,111.98,Wrong size
R52265,O147867,2024-05-05,Partial Return,76.55,Not as described
R52266,O133596,2024-09-22,Partial Return,443.27,Wrong size
R52267,O143351,2024-05-29,Full Return,182.84,Wrong size
R52268,O143053,2024-12-28,Partial Return,34.73,Defective
R52269,O103750,2024-12-01,Full Return,125.9,Changed mind
R52270,O141493,2024-10-07,Full Return,133.83,Changed mind
R52271,O104752,2024-04-17,Full Return,220.53,Damaged in transit
R52272,O133022,2024-10-05,Full Return,132.86,Changed mind
R52273,O107615,2024-01-25,Partial Return,929.74,Changed mind
R52274,O101144,2024-03-29,Full Return,800.73,Wrong size
R52275,O119975,2024-08-03,Partial Return,1469.38,Changed mind
R52276,O100751,2024-03-03,Full Return,246.91,Defective
R52277,O100788,2024-08-01,Partial Return,131.24,Defective
R52278,O100822,2024-07-12,Full Return,33.69,Changed mind
R52279,O144772,2024-07-06,Full Return,51.9,Changed mind
R52280,O146191,2024-11-12,Full Return,2653.11,Defective
R52281,O115133,2024-04-10,Partial Return,43.45,Damaged in transit
R52282,O147103,2024-08-25,Full Return,52.75,Changed mind
R52283,O142426,2024-02-06,Full Return,81.55,Defective
R52284,O135325,2024-09-05,Full Return,11812.02,Wrong size
R52285,O139406,2024-12-05,Full Return,759.02,Defective
R52286,O109273,2024-10-14,Full Return,78.57,Wrong size
R52287,O146262,2024-10-27,Partial Return,27.11,Changed mind
R52288,O119311,2024-07-27,Full Return,47.95,Damaged in transit
R52289,O104993,2024-07-06,Full Return,37.08,Damaged in transit
R52290,O117629,2024-09-09,Full Return,749.32,Changed mind
R52291,O125294,2024-10-20,Full Return,9.91,Not as described
R52292,O134343,2024-08-09,Partial Return,28.5,Changed mind
R52293,O140777,2025-01-20,Full Return,72.96,Changed mind
R52294,O127484,2024-12-26,Full Return,295.71,Changed mind
R52295,O147879,2024-04-22,Full Return,340.8,Wrong size
R52296,O136041,2024-10-31,Full Return,616.19,Wrong size
R52297,O120678,2024-12-30,Partial Return,631.65,Wrong size
R52298,O135868,2024-11-03,Full Return,16.15,Changed mind
R52299,O143489,2024-11-04,Full Return,142.21,Not as described
R52300,O139466,2024-10-20,Full Return,320.21,Defective
R52301,O111105,2024-09-01,Full Return,438.99,Defective
R52302,O101365,2024-06-30,Full Return,4283.04,Changed mind
R52303,O113994,2024-10-31,Full Return,122.7,Not as described
R52304,O108250,2024-01-19,Partial Return,58.12,Wrong size
R52305,O141105,2024-10-23,Partial Return,41.35,Changed mind
R52306,O105573,2024-10-22,Full Return,132.16,Damaged in transit
R52307,O126458,2024-11-29,Full Return,449.91,Changed mind
R52308,O133635,2024-05-08,Full Return,198.37,Defective
R52309,O117680,2024-07-14,Full Return,4541.4,Wrong size
R52310,O118041,2024-09-27,Full Return,74.15,Defective
R52311,O106869,2024-10-31,Full Return,2653.11,Wrong size
R52312,O143271,2024-12-03,Full Return,676.37,Wrong size
R52313,O120444,2024-08-22,Full Return,5585.5,Wrong size
R52314,O122941,2024-02-14,Full Return,2492.26,Wrong size
R52315,O145037,2024-06-03,Full Return,922.36,Defective
R52316,O137987,2024-11-17,Full Return,664.9,Defective
R52317,O129741,2024-12-31,Full Return,437.06,Changed mind
R52318,O124114,2024-09-21,Full Return,142.86,Changed mind
R52319,O131377,2024-05-25,Full Return,1316.34,Wrong size
R52320,O123778,2024-10-29,Full Return,34.78,Not as described
R52321,O142820,2024-12-24,Full Return,38.25,Defective
R52322,O149055,2024-08-05,Full Return,2792.75,Wrong size
R52323,O109217,2024-05-04,Partial Return,74.15,Changed mind
R52324,O140557,2024-12-05,Full Return,246.91,Not as described
R52325,O121802,2024-12-29,Full Return,109.48,Defective
R52326,O112971,2024-01-21,Full Return,2938.77,Defective
R52327,O139805,2024-12-19,Partial Return,112.5,Changed mind
R52328,O101746,2024-12-01,Full Return,62.0,Defective
R52329,O105956,2024-10-10,Full Return,61.35,Wrong size
R52330,O110545,2024-07-08,Partial Return,3863.01,Defective
R52331,O102176,2024-03-11,Full Return,62.81,Wrong size
R52332,O130038,2024-07-30,Full Return,430.9,Changed mind
R52333,O111801,2024-12-19,Full Return,27.3,Wrong size
R52334,O126596,2024-02-13,Partial Return,131.69,Wrong size
R52335,O139844,2024-09-04,Full Return,39.86,Wrong size
R52336,O109375,2024-11-03,Full Return,164.86,Changed mind
R52337,O122044,2024-11-27,Full Return,18.51,Defective
R52338,O105495,2024-08-17,Full Return,492.13,Not as described
R52339,O117768,2024-11-07,Full Return,170.48,Defective
R52340,O136390,2024-09-06,Full Return,1070.76,Changed mind
R52341,O144226,2024-08-24,Partial Return,87.17,Not as described
R52342,O148353,2025-01-08,Full Return,60.04,Not as described
R52343,O144553,2024-07-07,Full Return,18.4,Changed mind
R52344,O133255,2024-12-31,Full Return,220.53,Defective
R52345,O128799,2024-06-27,Full Return,5306.22,Wrong size
R52346,O131710,2024-02-17,Partial Return,90.42,Defective
R52347,O149532,2024-03-13,Full Return,699.46,Changed mind
R52348,O132413,2024-12-14,Partial Return,28.69,Damaged in transit
R52349,O146041,2024-06-19,Full Return,9577.26,Wrong size
R52350,O129975,2024-09-25,Full Return,361.69,Changed mind
R52351,O131787,2024-12-24,Partial Return,50.62,Changed mind
R52352,O129382,2025-01-18,Full Return,34.92,Wrong size
R52353,O137083,2024-05-25,Full Return,35.95,Wrong size
R52354,O107733,2024-10-08,Full Return,190.58,Changed mind
R52355,O124216,2024-06-07,Full Return,16.78,Wrong size
R52356,O119464,2024-08-22,Full Return,149.97,Wrong size
R52357,O140013,2024-09-22,Full Return,255.03,Changed mind
R52358,O112565,2024-06-09,Full Return,911.37,Wrong size
R52359,O130863,2024-10-26,Partial Return,2953.01,Changed mind
R52360,O130076,2024-04-28,Full Return,392.17,Damaged in transit
R52361,O145151,2024-12-03,Full Return,4022.04,Changed mind
R52362,O127702,2024-03-29,Full Return,52.84,Changed mind
R52363,O148257,2024-08-12,Full Return,135.39,Defective
R52364,O129012,2024-07-30,Full Return,252.6,Damaged in transit
R52365,O141185,2024-12-20,Full Return,28.79,Damaged in transit
R52366,O134119,2024-08-20,Full Return,112.5,Changed mind
R52367,O106960,2024-09-02,Full Return,1746.45,Wrong size
R52368,O100434,2024-07-29,Full Return,2792.75,Not as described
R52369,O122127,2024-09-14,Partial Return,75.87,Changed mind
R52370,O146566,2024-04-17,Full Return,798.97,Defective
R52371,O128444,2024-06-14,Full Return,144.72,Changed mind
R52372,O130942,2024-07-07,Full Return,1260.71,Damaged in transit
R52373,O107266,2024-10-27,Full Return,614.03,Not as described
R52374,O102027,2024-03-30,Full Return,348.66,Defective
R52375,O114990,2025-01-15,Full Return,175.32,Not as described
R52376,O150085,2024-09-22,Full Return,802.95,Wrong size
R52377,O100968,2024-06-02,Full Return,329.72,Wrong size
R52378,O132029,2024-06-24,Full Return,328.43,Damaged in transit
R52379,O141147,2024-08-15,Full Return,28.79,Not as described
R52380,O144329,2024-10-25,Partial Return,57.89,Changed mind
R52381,O113750,2024-10-17,Partial Return,37.4,Defective
R52382,O132743,2024-07-27,Full Return,5877.54,Not as described
R52383,O100118,2024-10-09,Full Return,100.3,Damaged in transit
R52384,O126658,2024-12-04,Full Return,759.02,Not as described
R52385,O142558,2024-07-17,Partial Return,49.83,Not as described
R52386,O137536,2024-11-13,Partial Return,17.39,Defective
R52387,O124608,2024-09-04,Partial Return,64.7,Wrong size
R52388,O117623,2024-10-02,Partial Return,219.13,Defective
R52389,O114366,2025-01-01,Full Return,66.12,Changed mind
R52390,O150216,2024-05-26,Full Return,320.21,Wrong size
R52391,O139743,2024-11-15,Full Return,127.47,Changed mind
R52392,O107482,2024-04-30,Partial Return,62.9,Wrong size
R52393,O134130,2024-09-11,Full Return,246.99,Changed mind
R52394,O110623,2024-04-21,Full Return,122.22,Changed mind
R52395,O104620,2024-12-28,Full Return,15.74,Defective
R52396,O104952,2024-08-30,Partial Return,216.87,Changed mind
R52397,O144706,2024-11-01,Full Return,518.03,Wrong size
R52398,O148116,2024-08-05,Full Return,157.82,Defective
R52399,O141693,2024-08-16,Full Return,4183.83,Wrong size
R52400,O128605,2024-08-29,Full Return,66.62,Changed mind
R52401,O139533,2024-08-18,Full Return,76.8,Wrong size
R52402,O120683,2024-10-22,Partial Return,27.41,Damaged in transit
R52403,O117018,2024-10-02,Full Return,34.73,Changed mind
R52404,O142557,2025-01-05,Full Return,103.65,Wrong size
R52405,O120820,2025-01-27,Full Return,11.47,Changed mind
R52406,O117554,2024-08-12,Partial Return,118.69,Not as described
R52407,O121219,2024-09-19,Full Return,139.27,Damaged in transit
R52408,O128209,2024-12-06,Full Return,85.73,Changed mind
R52409,O103896,2024-12-07,Full Return,179.26,Not as described
R52410,O109751,2024-10-07,Full Return,324.96,Defective
R52411,O132067,2024-10-07,Full Return,74.65,Not as described
R52412,O119064,2024-10-11,Full Return,281.06,Defective
R52413,O135931,2024-06-18,Full Return,227.3,Defective
R52414,O108426,2024-03-20,Partial Return,146.09,Defective
R52415,O125700,2024-04-23,Full Return,295.22,Damaged in transit
R52416,O112615,2025-01-09,Full Return,177.3,Changed mind
R52417,O120895,2024-08-10,Full Return,268.69,Wrong size
R52418,O120299,2024-08-11,Partial Return,62.03,Not as described
R52419,O128101,2024-07-20,Full Return,4945.0,Wrong size
R52420,O107611,2024-10-07,Partial Return,21.02,Damaged in transit
R52421,O115306,2025-01-03,Full Return,511.74,Wrong size
R52422,O141848,2024-09-10,Full Return,34.73,Defective
R52423,O116497,2024-05-30,Full Return,828.32,Damaged in transit
R52424,O104104,2024-09-09,Full Return,86.55,Wrong size
R52425,O143359,2024-11-26,Partial Return,4190.13,Changed mind
R52426,O100831,2024-12-07,Full Return,115.96,Defective
R52427,O119575,2024-11-25,Partial Return,327.6,Defective
R52428,O132366,2024-11-13,Partial Return,174.33,Changed mind
R52429,O104941,2024-06-23,Full Return,11.18,Changed mind
R52430,O145179,2024-12-12,Full Return,105.68,Wrong size
R52431,O105478,2024-02-13,Partial Return,330.12,Wrong size
R52432,O128133,2024-10-24,Full Return,196.17,Defective
R52433,O137727,2024-07-08,Full Return,740.73,Damaged in transit
R52434,O125975,2024-06-28,Full Return,172.86,Wrong size
R52435,O147554,2024-08-22,Partial Return,206.02,Changed mind
R52436,O104458,2024-12-31,Full Return,222.34,Wrong size
R52437,O133183,2024-09-09,Partial Return,11.94,Changed mind
R52438,O132712,2024-09-01,Full Return,54.6,Not as described
R52439,O133487,2024-08-04,Partial Return,62.87,Not as described
R52440,O118941,2024-08-03,Partial Return,246.62,Changed mind
R52441,O129776,2025-01-21,Full Return,282.52,Changed mind
R52442,O133754,2024-04-30,Full Return,54.82,Damaged in transit
R52443,O118646,2024-09-20,Full Return,213.63,Defective
R52444,O111214,2024-12-07,Full Return,178.62,Changed mind
R52445,O119307,2025-01-17,Full Return,147.61,Not as described
R52446,O134391,2024-10-09,Full Return,758.28,Defective
R52447,O100825,2024-10-10,Full Return,362.26,Wrong size
R52448,O102315,2024-09-03,Full Return,24.05,Changed mind
R52449,O103247,2024-06-26,Full Return,474.78,Wrong size
R52450,O124594,2024-07-16,Full Return,47.42,Not as described
R52451,O134324,2024-03-24,Partial Return,23.49,Defective
R52452,O127357,2024-12-06,Full Return,105.22,Not as described
R52453,O122847,2025-01-01,Full Return,3966.24,Wrong size
R52454,O141600,2024-12-03,Full Return,215.7,Defective
R52455,O140386,2024-12-09,Full Return,9098.4,Wrong size
R52456,O111344,2024-12-04,Partial Return,32.95,Defective
R52457,O136338,2024-11-27,Full Return,130.36,Changed mind
R52458,O108395,2024-06-30,Partial Return,65.81,Wrong size
R52459,O106605,2024-03-27,Full Return,170.58,Damaged in transit
R52460,O115766,2025-01-08,Full Return,278.16,Not as described
R52461,O144903,2024-08-10,Full Return,160.77,Wrong size
R52462,O119601,2024-11-03,Full Return,51.46,Wrong size
R52463,O109176,2024-08-02,Full Return,148.23,Not as described
R52464,O129953,2024-12-11,Full Return,23.35,Wrong size
R52465,O124688,2024-05-07,Full Return,314.82,Not as described
R52466,O120207,2024-11-20,Full Return,52.61,Wrong size
R52467,O137110,2024-12-24,Full Return,135.78,Defective
R52468,O146769,2024-03-29,Full Return,20.19,Wrong size
R52469,O133395,2024-07-29,Full Return,131.63,Damaged in transit
R52470,O112070,2024-11-26,Full Return,173.8,Wrong size
R52471,O108676,2024-06-05,Full Return,436.8,Changed mind
R52472,O108771,2024-12-13,Partial Return,1469.38,Defective
R52473,O122045,2024-09-02,Full Return,119.51,Wrong size
R52474,O126216,2024-10-21,Full Return,74.32,Damaged in transit
R52475,O101802,2024-12-15,Partial Return,436.61,Wrong size
R52476,O129522,2024-07-19,Full Return,30.29,Wrong size
R52477,O148684,2024-09-23,Full Return,164.44,Not as described
R52478,O140510,2024-07-25,Full Return,22.46,Changed mind
R52479,O117017,2024-10-22,Full Return,616.19,Wrong size
R52480,O123085,2024-05-22,Full Return,173.37,Changed mind
R52481,O146074,2024-05-27,Partial Return,62.0,Defective
R52482,O147348,2024-03-21,Full Return,1545.26,Wrong size
R52483,O148588,2024-08-23,Partial Return,135.38,Wrong size
R52484,O116407,2024-12-07,Full Return,162.27,Defective
R52485,O113973,2024-04-10,Full Return,6209.01,Wrong size
R52486,O114803,2024-11-02,Full Return,960.63,Not as described
R52487,O106764,2024-11-06,Partial Return,206.48,Not as described
R52488,O119876,2024-05-18,Full Return,103.59,Defective
R52489,O105997,2024-10-13,Full Return,331.17,Changed mind
R52490,O125611,2024-08-21,Full Return,274.26,Changed mind
R52491,O130334,2024-12-04,Full Return,15452.04,Wrong size
R52492,O109655,2024-01-28,Full Return,161.12,Not as described
R52493,O109786,2024-07-18,Full Return,3021.84,Changed mind
R52494,O113190,2024-10-12,Partial Return,113.81,Changed mind
R52495,O105511,2024-12-31,Partial Return,133.22,Changed mind
R52496,O145238,2024-10-15,Full Return,174.98,Changed mind
R52497,O136468,2024-08-04,Partial Return,161.88,Changed mind
R52498,O139791,2024-10-27,Full Return,28.79,Changed mind
R52499,O111823,2024-04-22,Full Return,59.69,Wrong size
R52500,O147158,2024-02-01,Full Return,115.58,Changed mind
R52501,O116400,2024-05-28,Partial Return,1236.25,Changed mind
R52502,O144987,2024-08-06,Full Return,1241.13,Wrong size
R52503,O111019,2024-05-31,Full Return,2472.5,Defective
R52504,O139505,2024-10-01,Partial Return,321.31,Changed mind
R52505,O140872,2024-11-05,Full Return,666.8,Damaged in transit
R52506,O149232,2024-12-09,Full Return,270.21,Defective
R52507,O106392,2024-11-24,Full Return,929.74,Not as described
R52508,O101673,2025-01-23,Partial Return,78.92,Damaged in transit
R52509,O101693,2024-09-14,Full Return,2791.83,Wrong size
R52510,O135905,2024-11-06,Full Return,65.2,Changed mind
R52511,O103209,2024-05-03,Full Return,28.1,Not as described
R52512,O137921,2025-01-27,Full Return,29.74,Not as described
R52513,O124354,2025-01-01,Full Return,15.65,Changed mind
R52514,O112812,2024-11-26,Full Return,25.73,Not as described
R52515,O123221,2024-09-17,Partial Return,535.38,Changed mind
R52516,O143776,2024-04-08,Full Return,115.24,Changed mind
R52517,O149477,2024-05-09,Full Return,17.21,Defective
R52518,O130563,2024-08-20,Full Return,173.82,Changed mind
R52519,O108172,2024-08-08,Full Return,63.2,Damaged in transit
R52520,O124920,2024-06-15,Partial Return,10.38,Changed mind
R52521,O115975,2024-12-21,Full Return,61.35,Defective
R52522,O104881,2024-04-24,Full Return,119.51,Changed mind
R52523,O127818,2024-04-05,Full Return,1625.82,Wrong size
R52524,O102715,2024-08-08,Full Return,258.81,Defective
R52525,O142964,2024-11-14,Partial Return,2095.07,Changed mind
R52526,O147137,2024-06-12,Partial Return,57.12,Damaged in transit
R52527,O148541,2024-07-06,Full Return,68.37,Changed mind
R52528,O107812,2024-02-09,Partial Return,39.16,Damaged in transit
R52529,O142276,2024-06-09,Full Return,41.91,Not as described
R52530,O145266,2024-09-08,Full Return,57.7,Changed mind
R52531,O105513,2024-11-08,Partial Return,121.04,Changed mind
R52532,O129881,2024-10-26,Partial Return,53.55,Defective
R52533,O137146,2024-03-01,Full Return,54.21,Not as described
R52534,O102489,2024-10-07,Partial Return,734.13,Wrong size
R52535,O103681,2024-05-21,Partial Return,107.88,Damaged in transit
R52536,O101028,2024-08-10,Full Return,149.03,Wrong size
R52537,O111441,2024-12-15,Full Return,131.63,Wrong size
R52538,O119119,2024-03-19,Partial Return,28.07,Defective
R52539,O113564,2024-11-25,Full Return,59.81,Damaged in transit
R52540,O130398,2024-11-28,Partial Return,33.73,Changed mind
R52541,O120164,2024-09-25,Full Return,1017.22,Changed mind
R52542,O122935,2025-01-07,Full Return,438.26,Not as described
R52543,O101021,2024-01-30,Partial Return,57.98,Wrong size
R52544,O124929,2024-12-15,Full Return,162.27,Changed mind
R52545,O105957,2024-08-01,Full Return,174.23,Not as described
R52546,O140848,2024-07-28,Full Return,208.81,Defective
R52547,O146542,2024-11-18,Full Return,106.68,Wrong size
R52548,O146785,2024-03-11,Partial Return,1394.61,Wrong size
R52549,O128460,2024-12-28,Full Return,34.78,Changed mind
R52550,O135894,2024-11-29,Full Return,4355.28,Defective
R52551,O119285,2024-07-04,Full Return,1276.27,Wrong size
R52552,O143373,2024-09-04,Full Return,1351.48,Changed mind
R52553,O133845,2024-11-19,Full Return,59.81,Damaged in transit
R52554,O144860,2024-05-26,Full Return,370.36,Changed mind
R52555,O112024,2024-07-20,Full Return,17.48,Changed mind
R52556,O109891,2024-10-21,Full Return,2767.08,Changed mind
R52557,O115688,2024-07-31,Full Return,268.69,Damaged in transit
R52558,O104579,2024-04-16,Partial Return,270.3,Not as described
R52559,O124134,2024-12-23,Full Return,14953.59,Wrong size
R52560,O109669,2025-02-01,Full Return,669.26,Not as described
R52561,O137526,2024-12-26,Full Return,33.0,Wrong size
R52562,O144221,2024-10-06,Full Return,87.03,Changed mind
R52563,O133005,2024-06-04,Partial Return,41.53,Defective
R52564,O105831,2024-11-17,Full Return,244.71,Changed mind
R52565,O109119,2024-09-10,Full Return,69.6,Changed mind
R52566,O122283,2024-11-18,Full Return,125.9,Not as described
R52567,O101580,2024-10-18,Full Return,93.0,Changed mind
R52568,O127100,2024-09-06,Full Return,56.59,Defective
R52569,O104099,2024-06-10,Partial Return,8.07,Not as described
R52570,O101730,2024-09-12,Full Return,783.56,Defective
R52571,O106355,2024-11-22,Full Return,157.83,Changed mind
R52572,O140869,2024-11-13,Full Return,96.1,Defective
R52573,O132741,2024-05-27,Full Return,57.92,Not as described
R52574,O131770,2025-01-07,Full Return,937.16,Defective
R52575,O136650,2024-10-17,Full Return,411.7,Changed mind
R52576,O134353,2024-06-05,Full Return,52.05,Changed mind
R52577,O144800,2024-04-16,Partial Return,67.47,Wrong size
R52578,O144972,2024-03-09,Full Return,1027.32,Wrong size
R52579,O129574,2024-09-11,Full Return,7476.8,Changed mind
R52580,O111831,2024-02-13,Full Return,69.35,Wrong size
R52581,O131092,2024-09-05,Full Return,47.27,Damaged in transit
R52582,O118784,2024-05-06,Full Return,12925.14,Changed mind
R52583,O112367,2024-10-21,Full Return,281.65,Defective
R52584,O143622,2024-12-18,Full Return,66.43,Wrong size
R52585,O138760,2025-01-21,Partial Return,63.6,Changed mind
R52586,O126045,2024-11-08,Full Return,168.4,Defective
R52587,O137142,2025-01-16,Full Return,3740.47,Not as described
R52588,O107287,2025-01-11,Full Return,38.36,Wrong size
R52589,O123722,2024-12-30,Full Return,45.0,Defective
R52590,O126138,2025-01-15,Partial Return,323.89,Wrong size
R52591,O126172,2024-09-11,Full Return,900.8,Damaged in transit
R52592,O101700,2024-11-08,Full Return,329.5,Not as described
R52593,O143534,2024-09-07,Full Return,135.49,Defective
R52594,O130802,2024-05-04,Full Return,45.0,Defective
R52595,O137640,2024-12-17,Full Return,179.74,Changed mind
R52596,O149425,2024-08-26,Full Return,79.13,Changed mind
R52597,O141033,2024-09-26,Partial Return,33.69,Defective
R52598,O112057,2024-09-05,Full Return,490.8,Wrong size
R52599,O118454,2024-11-09,Full Return,930.34,Wrong size
R52600,O102795,2024-09-18,Full Return,4984.53,Damaged in transit
R52601,O143010,2024-01-23,Full Return,929.74,Damaged in transit
R52602,O107294,2024-07-06,Full Return,745.13,Not as described
R52603,O141975,2024-10-12,Full Return,5906.01,Changed mind
R52604,O125504,2024-04-29,Partial Return,90.0,Changed mind
R52605,O110675,2024-05-03,Full Return,349.96,Changed mind
R52606,O139953,2024-11-02,Partial Return,45.63,Wrong size
R52607,O128112,2024-04-11,Full Return,197.1,Wrong size
R52608,O150150,2024-11-14,Full Return,298.4,Damaged in transit
R52609,O138342,2024-07-02,Full Return,281.06,Changed mind
R52610,O108335,2024-06-01,Full Return,330.8,Damaged in transit
R52611,O131399,2024-08-28,Partial Return,87.17,Defective
R52612,O144630,2024-07-10,Full Return,161.88,Changed mind
R52613,O143367,2024-08-17,Partial Return,11.23,Changed mind
R52614,O103417,2024-06-21,Full Return,271.56,Not as described
R52615,O118510,2024-07-16,Full Return,1028.3,Changed mind
R52616,O143584,2024-12-17,Full Return,66.87,Wrong size
R52617,O117399,2024-11-14,Full Return,354.6,Defective
R52618,O104323,2024-11-29,Full Return,54.63,Damaged in transit
R52619,O102111,2024-11-13,Full Return,59.67,Changed mind
R52620,O101629,2024-12-08,Full Return,309.09,Not as described
R52621,O137502,2025-01-05,Full Return,140.53,Wrong size
R52622,O117484,2024-05-10,Full Return,922.36,Wrong size
R52623,O116982,2024-09-27,Full Return,170.02,Not as described
R52624,O124711,2024-06-13,Partial Return,55.41,Wrong size
R52625,O134342,2024-08-23,Full Return,535.13,Damaged in transit
R52626,O111771,2024-03-06,Partial Return,1854.38,Changed mind
R52627,O105205,2024-09-15,Full Return,6209.01,Changed mind
R52628,O148429,2024-11-14,Partial Return,963.92,Not as described
R52629,O148828,2025-01-06,Full Return,13.56,Wrong size
R52630,O109384,2024-07-19,Full Return,34.73,Wrong size
R52631,O105304,2024-03-09,Full Return,46.98,Changed mind
R52632,O150129,2024-04-11,Full Return,323.76,Changed mind
R52633,O112723,2024-10-27,Full Return,134.17,Wrong size
R52634,O108412,2024-12-19,Full Return,4139.34,Not as described
R52635,O133029,2024-04-03,Full Return,320.21,Changed mind
R52636,O128555,2024-12-21,Full Return,142.42,Damaged in transit
R52637,O114506,2025-01-04,Partial Return,403.04,Changed mind
R52638,O133757,2024-09-26,Full Return,680.43,Defective
R52639,O132267,2024-07-25,Full Return,168.4,Defective
R52640,O141784,2024-11-18,Full Return,190.67,Defective
R52641,O107567,2024-03-22,Full Return,51.73,Changed mind
R52642,O128355,2024-07-23,Full Return,105.96,Defective
R52643,O101872,2024-07-29,Full Return,466.31,Wrong size
R52644,O147291,2024-08-25,Full Return,122.82,Not as described
R52645,O120831,2024-01-29,Full Return,354.19,Wrong size
R52646,O144157,2024-11-24,Full Return,5906.01,Wrong size
R52647,O102242,2024-10-06,Full Return,241.51,Defective
R52648,O123829,2024-08-08,Full Return,177.3,Defective
R52649,O111720,2025-01-07,Full Return,16.26,Wrong size
R52650,O146357,2024-02-29,Full Return,101.25,Changed mind
R52651,O148186,2024-05-29,Full Return,37.0,Defective
R52652,O118349,2024-10-05,Full Return,40.74,Wrong size
R52653,O137398,2024-12-23,Full Return,602.65,Wrong size
R52654,O130705,2024-03-29,Partial Return,19.91,Defective
R52655,O149209,2024-12-23,Full Return,349.96,Changed mind
R52656,O104740,2024-09-28,Full Return,660.25,Damaged in transit
R52657,O149502,2024-10-04,Full Return,41.34,Defective
R52658,O118786,2025-01-08,Full Return,540.42,Not as described
R52659,O122884,2024-10-01,Full Return,505.52,Wrong size
R52660,O128139,2024-06-14,Full Return,400.89,Wrong size
R52661,O111704,2024-12-23,Full Return,205.7,Not as described
R52662,O144272,2024-03-04,Full Return,273.78,Defective
R52663,O137231,2024-10-21,Full Return,283.77,Defective
R52664,O119034,2024-12-31,Full Return,824.09,Changed mind
R52665,O114229,2024-12-14,Full Return,266.44,Changed mind
R52666,O126317,2024-10-13,Full Return,104.19,Changed mind
R52667,O149334,2024-08-20,Full Return,4308.38,Not as described
R52668,O139890,2024-07-08,Partial Return,22.79,Defective
R52669,O114954,2024-07-17,Full Return,101.25,Wrong size
R52670,O105055,2024-08-11,Full Return,53.43,Not as described
R52671,O148485,2024-10-20,Full Return,144.18,Wrong size
R52672,O142413,2024-05-02,Partial Return,47.11,Wrong size
R52673,O141624,2024-02-09,Partial Return,7.74,Changed mind
R52674,O116010,2024-09-06,Full Return,295.65,Not as described
R52675,O134659,2024-06-25,Full Return,5333.41,Wrong size
R52676,O104588,2024-08-11,Full Return,13355.98,Not as described
R52677,O102792,2024-08-21,Full Return,246.99,Wrong size
R52678,O120109,2024-03-24,Partial Return,106.06,Defective
R52679,O111940,2024-10-24,Partial Return,27.19,Changed mind
R52680,O143730,2024-10-07,Partial Return,56.25,Wrong size
R52681,O107720,2024-06-23,Full Return,1081.58,Wrong size
R52682,O117580,2024-10-12,Full Return,49.14,Not as described
R52683,O100255,2024-10-25,Full Return,22.94,Not as described
R52684,O146445,2024-10-27,Full Return,154.16,Changed mind
R52685,O100672,2024-11-14,Partial Return,84.22,Changed mind
R52686,O106855,2024-10-03,Full Return,18.23,Changed mind
R52687,O102462,2024-09-04,Full Return,134.17,Not as described
R52688,O116418,2024-09-14,Full Return,2938.77,Wrong size
R52689,O107544,2024-10-26,Full Return,246.91,Not as described
R52690,O129525,2024-02-20,Full Return,19.19,Defective
R52691,O125200,2024-12-05,Full Return,198.39,Not as described
R52692,O130032,2024-07-24,Full Return,56.87,Damaged in transit
R52693,O137112,2024-04-02,Full Return,75.17,Not as described
R52694,O144671,2024-02-07,Full Return,7874.68,Changed mind
R52695,O145148,2024-08-31,Partial Return,79.14,Damaged in transit
R52696,O127715,2024-11-13,Partial Return,17.98,Defective
R52697,O126583,2024-12-19,Partial Return,2069.67,Changed mind
R52698,O134024,2024-11-17,Full Return,818.46,Damaged in transit
R52699,O102051,2025-01-03,Full Return,465.17,Wrong size
R52700,O144186,2024-03-02,Full Return,413.22,Defective
R52701,O126977,2024-09-30,Full Return,131.63,Changed mind
R52702,O115444,2024-04-06,Full Return,40.15,Not as described
R52703,O120977,2024-09-10,Full Return,962.0,Defective
R52704,O141023,2024-07-25,Full Return,149.97,Defective
R52705,O130439,2025-01-06,Full Return,215.93,Changed mind
R52706,O108324,2024-01-17,Full Return,77.6,Not as described
R52707,O107201,2024-08-25,Partial Return,330.12,Changed mind
R52708,O145096,2024-05-31,Full Return,2348.88,Changed mind
R52709,O128765,2024-08-06,Partial Return,631.61,Defective
R52710,O116520,2024-09-14,Full Return,24.39,Damaged in transit
R52711,O147577,2024-11-26,Partial Return,57.09,Wrong size
R52712,O118708,2024-03-12,Full Return,306.64,Defective
R52713,O114350,2024-11-20,Full Return,713.3,Changed mind
R52714,O145422,2024-05-26,Full Return,417.42,Changed mind
R52715,O147251,2024-11-20,Full Return,712.3,Damaged in transit
R52716,O139528,2024-11-03,Full Return,17.46,Wrong size
R52717,O119423,2024-08-10,Full Return,130.4,Wrong size
R52718,O146896,2024-09-15,Full Return,771.24,Wrong size
R52719,O131037,2025-01-15,Full Return,3937.34,Wrong size
R52720,O100553,2024-09-22,Full Return,38.25,Changed mind
R52721,O130525,2024-08-17,Full Return,62.0,Changed mind
R52722,O110160,2024-09-11,Full Return,32.73,Defective
R52723,O141818,2024-10-15,Full Return,97.05,Defective
R52724,O139497,2024-06-30,Full Return,142.21,Defective
R52725,O138179,2024-11-24,Full Return,156.62,Wrong size
R52726,O126093,2024-11-29,Full Return,2072.12,Not as described
R52727,O144753,2024-09-12,Partial Return,424.1,Defective
R52728,O143685,2024-10-19,Full Return,32.53,Changed mind
R52729,O109879,2024-12-23,Partial Return,40.98,Damaged in transit
R52730,O138519,2024-12-27,Full Return,170.58,Not as described
R52731,O101626,2024-05-28,Full Return,24.44,Wrong size
R52732,O105063,2024-11-05,Full Return,697.76,Changed mind
R52733,O121015,2024-07-16,Full Return,444.53,Defective
R52734,O110357,2024-03-14,Full Return,14.48,Defective
R52735,O107449,2024-10-22,Partial Return,17.36,Not as described
R52736,O115293,2024-09-25,Full Return,719.06,Defective
R52737,O123602,2024-04-23,Full Return,63.15,Defective
R52738,O110360,2024-11-02,Full Return,25.51,Wrong size
R52739,O137549,2024-09-23,Partial Return,190.78,Changed mind
R52740,O131604,2024-09-21,Full Return,15.34,Damaged in transit
R52741,O118796,2024-04-30,Full Return,4308.38,Wrong size
R52742,O108309,2024-09-20,Partial Return,216.87,Not as described
R52743,O110406,2024-12-28,Full Return,69.6,Wrong size
R52744,O149331,2024-12-12,Full Return,55.76,Wrong size
R52745,O110211,2024-09-07,Full Return,75.0,Changed mind
R52746,O137341,2024-11-03,Full Return,322.78,Defective
R52747,O114976,2024-02-10,Full Return,582.15,Changed mind
R52748,O138310,2025-01-19,Full Return,4308.38,Defective
R52749,O132617,2024-04-23,Full Return,162.47,Not as described
R52750,O135781,2024-12-29,Full Return,264.44,Changed mind
R52751,O144084,2024-12-05,Full Return,79.12,Changed mind
R52752,O132914,2024-09-27,Full Return,246.91,Damaged in transit
R52753,O107424,2024-10-03,Partial Return,3231.28,Damaged in transit
R52754,O110374,2024-12-03,Full Return,151.74,Wrong size
R52755,O126214,2024-10-05,Full Return,30.96,Wrong size
R52756,O110691,2024-02-28,Partial Return,22.77,Changed mind
R52757,O113817,2025-01-04,Full Return,255.03,Changed mind
R52758,O118797,2024-11-30,Full Return,2022.08,Changed mind
R52759,O111455,2024-09-15,Full Return,174.98,Changed mind
R52760,O116017,2024-04-22,Full Return,23.49,Changed mind
R52761,O147219,2024-03-11,Full Return,303.75,Changed mind
R52762,O100880,2024-08-13,Full Return,150.9,Not as described
R52763,O116937,2024-07-24,Partial Return,443.0,Changed mind
R52764,O148599,2024-05-22,Full Return,139.27,Wrong size
R52765,O112940,2025-01-15,Full Return,2313.72,Wrong size
R52766,O149289,2024-10-06,Full Return,494.25,Defective
R52767,O129902,2024-05-21,Full Return,170.58,Changed mind
R52768,O115784,2024-10-29,Partial Return,206.61,Damaged in transit
R52769,O145527,2024-05-05,Full Return,135.15,Damaged in transit
R52770,O107595,2024-12-02,Full Return,8659.6,Changed mind
R52771,O129303,2024-11-03,Full Return,105.42,Changed mind
R52772,O113769,2024-12-11,Full Return,437.06,Defective
R52773,O143754,2024-06-26,Partial Return,162.05,Wrong size
R52774,O137936,2024-11-26,Full Return,230.48,Changed mind
R52775,O128660,2024-11-20,Full Return,174.33,Damaged in transit
R52776,O142203,2024-11-13,Full Return,1451.76,Changed mind
R52777,O129253,2024-06-19,Full Return,14.96,Changed mind
R52778,O115340,2024-10-01,Full Return,208.81,Not as described
R52779,O110938,2025-01-21,Full Return,215.93,Changed mind
R52780,O124230,2024-07-26,Full Return,25.73,Changed mind
R52781,O148046,2024-11-18,Full Return,213.32,Wrong size
R52782,O130871,2024-09-12,Partial Return,20.08,Defective
R52783,O111384,2025-01-08,Partial Return,535.38,Changed mind
R52784,O102209,2024-11-05,Full Return,267.26,Not as described
R52785,O149521,2024-07-01,Full Return,78.39,Defective
R52786,O148651,2024-11-30,Full Return,216.53,Defective
R52787,O114682,2024-05-02,Full Return,189.6,Changed mind
R52788,O143708,2024-07-07,Full Return,83.87,Changed mind
R52789,O131902,2024-08-27,Full Return,52.71,Not as described
R52790,O117736,2024-09-24,Full Return,19154.52,Wrong size
R52791,O131317,2024-11-10,Full Return,829.92,Wrong size
R52792,O100732,2024-03-15,Partial Return,63.2,Defective
R52793,O125717,2024-09-15,Partial Return,130.35,Damaged in transit
R52794,O143116,2024-05-17,Full Return,196.19,Damaged in transit
R52795,O115329,2024-11-12,Full Return,1164.3,Defective
R52796,O129726,2024-08-28,Partial Return,743.67,Changed mind
R52797,O142227,2024-12-02,Full Return,4329.8,Changed mind
R52798,O141447,2024-07-18,Partial Return,82.71,Not as described
R52799,O120970,2025-01-11,Full Return,1844.72,Damaged in transit
R52800,O146904,2024-02-15,Full Return,168.99,Defective
R52801,O113197,2024-09-03,Full Return,3740.47,Wrong size
R52802,O136691,2025-01-07,Full Return,435.96,Changed mind
R52803,O109708,2024-04-18,Full Return,8.48,Wrong size
R52804,O108847,2025-01-26,Full Return,6462.57,Defective
R52805,O113395,2024-11-16,Partial Return,17.3,Defective
R52806,O138371,2024-11-16,Full Return,7874.68,Defective
R52807,O143418,2024-05-14,Partial Return,46.1,Damaged in transit
R52808,O146326,2024-08-01,Full Return,4735.3,Changed mind
R52809,O147408,2024-08-07,Full Return,75.61,Not as described
R52810,O110184,2024-11-26,Full Return,46.7,Not as described
R52811,O124150,2025-01-02,Full Return,176.57,Changed mind
R52812,O149077,2024-10-10,Full Return,65.2,Defective
R52813,O129721,2024-12-05,Partial Return,15.45,Wrong size
R52814,O133016,2024-10-08,Full Return,189.33,Not as described
R52815,O107965,2024-11-01,Full Return,2177.64,Not as described
R52816,O130181,2024-08-04,Full Return,32.52,Changed mind
R52817,O113976,2024-06-30,Full Return,670.34,Wrong size
R52818,O132902,2024-10-18,Full Return,178.62,Defective
R52819,O133262,2024-08-09,Partial Return,725.88,Defective
R52820,O139764,2024-05-02,Full Return,203.08,Wrong size
R52821,O127555,2024-09-29,Full Return,92.02,Defective
R52822,O142957,2024-10-22,Full Return,783.56,Wrong size
R52823,O128792,2024-04-03,Full Return,2792.75,Not as described
R52824,O111289,2024-12-31,Full Return,666.8,Not as described
R52825,O114201,2024-12-06,Full Return,115.92,Defective
R52826,O122646,2024-05-16,Full Return,208.91,Defective
R52827,O147341,2024-04-23,Partial Return,34.8,Changed mind
R52828,O149583,2024-07-25,Full Return,261.02,Changed mind
R52829,O145864,2024-11-30,Full Return,34.73,Damaged in transit
R52830,O109696,2024-11-25,Partial Return,1510.92,Defective
R52831,O123934,2024-04-08,Full Return,207.96,Changed mind
R52832,O103949,2024-04-21,Full Return,13.97,Wrong size
R52833,O103248,2024-11-11,Full Return,142.42,Changed mind
R52834,O129476,2024-05-05,Full Return,135.15,Changed mind
R52835,O106364,2024-05-30,Full Return,5.36,Wrong size
R52836,O109760,2024-10-11,Full Return,264.29,Changed mind
R52837,O140482,2025-01-27,Full Return,258.81,Damaged in transit
R52838,O114434,2024-01-22,Partial Return,439.08,Not as described
R52839,O124004,2024-12-29,Partial Return,85.01,Changed mind
R52840,O145564,2025-01-21,Full Return,631.6,Wrong size
R52841,O138212,2024-05-07,Full Return,174.3,Changed mind
R52842,O139145,2024-05-01,Full Return,59.81,Defective
R52843,O125458,2024-07-17,Full Return,3937.34,Defective
R52844,O106997,2024-09-04,Full Return,459.3,Defective
R52845,O140023,2024-06-04,Full Return,236.12,Wrong size
R52846,O127536,2024-04-16,Partial Return,1966.18,Changed mind
R52847,O139342,2024-08-28,Partial Return,404.08,Changed mind
R52848,O107858,2025-01-30,Full Return,133.5,Wrong size
R52849,O100815,2024-11-24,Full Return,270.2,Wrong size
R52850,O144101,2024-11-06,Full Return,282.52,Changed mind
R52851,O143936,2024-07-08,Full Return,1540.98,Damaged in transit
R52852,O127091,2024-10-26,Full Return,438.99,Defective
R52853,O119792,2024-03-16,Full Return,15.48,Wrong size
R52854,O111539,2024-06-21,Full Return,42.79,Defective
R52855,O142650,2024-05-11,Full Return,1073.28,Wrong size
R52856,O136986,2024-06-16,Partial Return,2094.56,Wrong size
R52857,O127503,2024-11-11,Full Return,210.37,Damaged in transit
R52858,O104223,2024-12-26,Full Return,220.68,Defective
R52859,O119278,2024-09-26,Full Return,68.37,Damaged in transit
R52860,O116707,2024-06-15,Full Return,205.13,Defective
R52861,O128802,2024-11-24,Full Return,553.04,Wrong size
R52862,O131388,2024-05-07,Full Return,292.17,Changed mind
R52863,O111407,2024-06-08,Full Return,271.26,Changed mind
R52864,O126848,2024-06-23,Full Return,290.64,Changed mind
R52865,O139920,2024-01-28,Full Return,545.64,Changed mind
R52866,O129875,2024-11-26,Full Return,585.38,Defective
R52867,O128105,2024-11-08,Full Return,443.27,Wrong size
R52868,O125497,2024-07-13,Full Return,36.41,Damaged in transit
R52869,O135726,2024-11-08,Full Return,18.4,Wrong size
R52870,O104213,2024-06-10,Full Return,127.8,Wrong size
R52871,O143030,2024-04-30,Full Return,20.67,Changed mind
R52872,O134893,2024-10-11,Full Return,166.23,Wrong size
R52873,O108613,2024-01-28,Full Return,2069.67,Not as described
R52874,O137623,2024-12-06,Partial Return,61.94,Changed mind
R52875,O135443,2024-06-14,Full Return,28.79,Defective
R52876,O130888,2024-06-20,Full Return,505.52,Damaged in transit
R52877,O102884,2024-12-30,Full Return,66.43,Changed mind
R52878,O146596,2024-10-17,Full Return,314.96,Wrong size
R52879,O147263,2024-07-14,Partial Return,11.74,Changed mind
R52880,O127437,2024-09-24,Full Return,4139.34,Wrong size
R52881,O109052,2024-12-25,Full Return,110.16,Defective
R52882,O100842,2024-06-20,Full Return,7726.02,Changed mind
R52883,O129061,2024-06-02,Full Return,2472.5,Wrong size
R52884,O113979,2024-08-19,Full Return,47.95,Changed mind
R52885,O143434,2025-01-09,Full Return,503.04,Wrong size
R52886,O100267,2024-12-13,Partial Return,110.71,Changed mind
R52887,O114116,2024-09-24,Full Return,570.72,Defective
R52888,O132673,2024-04-30,Full Return,436.8,Wrong size
R52889,O143356,2024-09-23,Partial Return,115.2,Defective
R52890,O112753,2024-02-09,Partial Return,34.78,Wrong size
R52891,O112325,2024-06-09,Full Return,271.43,Wrong size
R52892,O124669,2024-08-20,Full Return,161.88,Changed mind
R52893,O117502,2024-07-27,Full Return,437.06,Wrong size
R52894,O102474,2024-07-25,Full Return,602.65,Changed mind
R52895,O106185,2024-05-22,Partial Return,57.62,Not as described
R52896,O118246,2025-01-03,Full Return,2250.23,Changed mind
R52897,O107227,2024-11-23,Full Return,23.86,Damaged in transit
R52898,O141051,2025-01-27,Full Return,991.56,Changed mind
R52899,O104618,2024-09-06,Full Return,1398.93,Damaged in transit
R52900,O116425,2024-05-08,Full Return,113.65,Changed mind
R52901,O145126,2024-11-11,Full Return,1622.37,Not as described
R52902,O127210,2024-08-25,Full Return,148.3,Damaged in transit
R52903,O137980,2024-10-12,Full Return,944.46,Defective
R52904,O120224,2024-05-15,Full Return,676.37,Changed mind
R52905,O130670,2024-09-22,Full Return,142.42,Defective
R52906,O106197,2024-04-16,Partial Return,142.66,Damaged in transit
R52907,O146540,2024-07-30,Partial Return,2069.67,Changed mind
R52908,O123027,2024-09-07,Full Return,186.38,Wrong size
R52909,O101433,2024-12-23,Partial Return,67.69,Changed mind
R52910,O108896,2024-11-13,Full Return,295.78,Defective
R52911,O120127,2024-04-04,Full Return,58.36,Wrong size
R52912,O132061,2024-05-21,Full Return,131.63,Not as described
R52913,O129007,2024-09-05,Full Return,270.21,Changed mind
R52914,O127183,2024-06-19,Full Return,873.6,Defective
R52915,O127131,2025-01-13,Full Return,25.8,Wrong size
R52916,O114979,2024-07-22,Full Return,955.09,Not as described
R52917,O143551,2024-09-01,Partial Return,360.75,Changed mind
R52918,O135032,2024-10-25,Full Return,7726.02,Changed mind
R52919,O120256,2024-12-05,Full Return,107.83,Changed mind
R52920,O107594,2024-02-06,Full Return,86.91,Damaged in transit
R52921,O149195,2024-12-25,Partial Return,227.3,Defective
R52922,O137946,2024-10-26,Full Return,81.32,Not as described
R52923,O121671,2024-11-15,Full Return,1014.56,Changed mind
R52924,O143840,2024-07-20,Partial Return,110.27,Wrong size
R52925,O111784,2024-11-17,Full Return,14.9,Damaged in transit
R52926,O123252,2024-03-12,Full Return,255.03,Defective
R52927,O113822,2024-12-26,Full Return,69.22,Wrong size
R52928,O114152,2024-11-29,Full Return,633.16,Defective
R52929,O114955,2024-02-13,Partial Return,150.53,Changed mind
R52930,O143613,2024-09-06,Full Return,348.66,Wrong size
R52931,O129408,2024-03-16,Full Return,247.12,Wrong size
R52932,O117066,2024-12-11,Full Return,20.73,Changed mind
R52933,O108681,2024-08-17,Partial Return,27.32,Defective
R52934,O134372,2025-01-06,Full Return,139.2,Not as described
R52935,O141807,2024-03-23,Full Return,8278.68,Not as described
R52936,O105252,2024-01-25,Full Return,2873.18,Damaged in transit
R52937,O134756,2024-10-22,Partial Return,6462.57,Changed mind
R52938,O145670,2024-10-09,Partial Return,1968.67,Changed mind
R52939,O139914,2024-09-20,Full Return,16557.36,Not as described
R52940,O100617,2024-08-19,Full Return,41.91,Wrong size
R52941,O138084,2024-01-13,Full Return,251.61,Defective
R52942,O123087,2024-10-22,Full Return,97.05,Defective
R52943,O143738,2024-10-10,Full Return,401.42,Changed mind
R52944,O117341,2024-05-08,Full Return,83.87,Not as described
R52945,O116638,2024-06-11,Full Return,267.41,Wrong size
R52946,O148279,2024-11-28,Partial Return,81.14,Changed mind
R52947,O102885,2024-04-24,Full Return,9730.17,Defective
R52948,O121570,2024-09-21,Full Return,86.55,Defective
R52949,O125974,2025-01-02,Partial Return,107.72,Wrong size
R52950,O117776,2025-01-05,Full Return,292.17,Changed mind
R52951,O115563,2024-09-10,Full Return,227.61,Damaged in transit
R52952,O106354,2025-01-15,Full Return,4139.34,Defective
R52953,O108543,2024-12-04,Full Return,61.35,Defective
R52954,O102814,2024-08-16,Full Return,65.91,Not as described
R52955,O135805,2024-03-10,Full Return,191.85,Wrong size
R52956,O101105,2024-10-12,Full Return,493.82,Wrong size
R52957,O110149,2024-03-11,Full Return,70.47,Damaged in transit
R52958,O137733,2024-03-26,Full Return,37.84,Damaged in transit
R52959,O126942,2024-12-17,Full Return,876.24,Wrong size
R52960,O120821,2024-12-30,Full Return,64.18,Defective
R52961,O147798,2024-08-15,Full Return,52.05,Changed mind
R52962,O111009,2024-03-01,Full Return,42.0,Changed mind
R52963,O130246,2024-12-02,Full Return,45.58,Changed mind
R52964,O122996,2024-11-12,Partial Return,136.41,Changed mind
R52965,O102004,2024-09-27,Full Return,991.56,Wrong size
R52966,O107369,2024-12-27,Full Return,68.48,Damaged in transit
R52967,O112668,2024-07-30,Full Return,156.56,Wrong size
R52968,O120546,2024-11-12,Partial Return,28.4,Changed mind
R52969,O100061,2024-09-08,Partial Return,461.18,Wrong size
R52970,O126726,2024-07-24,Full Return,31.88,Changed mind
R52971,O115451,2024-06-27,Partial Return,51.45,Defective
R52972,O117985,2024-11-21,Partial Return,298.61,Not as described
R52973,O126165,2024-12-02,Full Return,68.49,Not as described
R52974,O120562,2024-07-24,Full Return,135.39,Defective
R52975,O149063,2024-07-12,Full Return,61.35,Not as described
R52976,O148192,2024-01-25,Partial Return,13.63,Defective
R52977,O146201,2024-11-28,Full Return,298.6,Defective
R52978,O146982,2024-02-13,Partial Return,1236.25,Changed mind
R52979,O100505,2024-12-24,Partial Return,188.35,Wrong size
R52980,O121379,2024-09-23,Full Return,78.91,Changed mind
R52981,O103692,2024-07-08,Partial Return,98.09,Defective
R52982,O119350,2025-01-02,Full Return,177.45,Defective
R52983,O143174,2024-11-11,Full Return,174.98,Changed mind
R52984,O106763,2024-02-20,Full Return,148.15,Wrong size
R52985,O118577,2024-06-26,Full Return,505.52,Defective
R52986,O148884,2024-11-25,Full Return,11221.42,Wrong size
R52987,O116411,2024-07-28,Full Return,856.82,Defective
R52988,O112755,2024-12-04,Full Return,476.16,Not as described
R52989,O101136,2024-03-01,Full Return,172.86,Wrong size
R52990,O137587,2024-04-29,Full Return,4735.3,Wrong size
R52991,O122209,2024-09-10,Full Return,2634.48,Damaged in transit
R52992,O114530,2024-12-19,Partial Return,43.45,Defective
R52993,O145571,2024-10-05,Partial Return,30.42,Not as described
R52994,O108091,2025-01-16,Full Return,1521.92,Changed mind
R52995,O127216,2024-10-08,Full Return,469.13,Not as described
R52996,O136861,2024-10-27,Full Return,39.54,Defective
R52997,O102975,2024-12-07,Full Return,6486.78,Changed mind
R52998,O128556,2024-10-01,Full Return,128.16,Not as described
R52999,O145784,2024-03-30,Full Return,1487.34,Damaged in transit
R53000,O121034,2024-12-08,Full Return,35.24,Damaged in transit
R53001,O135201,2024-09-08,Full Return,588.57,Damaged in transit
R53002,O114014,2024-10-13,Full Return,157.41,Wrong size
R53003,O134207,2024-11-29,Full Return,38.51,Wrong size
R53004,O100144,2024-12-24,Partial Return,1968.67,Damaged in transit
R53005,O115280,2024-04-04,Full Return,270.21,Not as described
R53006,O116845,2024-10-21,Full Return,102.78,Changed mind
R53007,O132113,2024-09-23,Full Return,6486.78,Wrong size
R53008,O131949,2024-09-16,Full Return,960.63,Wrong size
R53009,O126262,2024-11-24,Full Return,257.19,Damaged in transit
R53010,O117488,2024-12-12,Partial Return,118.06,Changed mind
R53011,O139933,2024-03-17,Partial Return,33.38,Wrong size
R53012,O134234,2024-11-24,Full Return,164.48,Wrong size
R53013,O138670,2024-12-13,Full Return,118.7,Changed mind
R53014,O120693,2024-11-03,Full Return,282.73,Changed mind
R53015,O119342,2024-05-01,Full Return,115.23,Changed mind
R53016,O138859,2024-10-04,Partial Return,720.47,Wrong size
R53017,O133936,2024-05-22,Full Return,84.41,Defective
R53018,O102288,2024-08-28,Partial Return,14.22,Wrong size
R53019,O146019,2024-12-27,Full Return,9890.0,Defective
R53020,O116705,2024-05-03,Full Return,290.64,Damaged in transit
R53021,O129326,2024-09-29,Partial Return,80.33,Defective
R53022,O122247,2024-11-20,Full Return,35.56,Changed mind
R53023,O143101,2024-03-23,Partial Return,22.25,Wrong size
R53024,O148024,2024-11-21,Full Return,97.36,Wrong size
R53025,O113794,2024-10-30,Full Return,62.0,Defective
R53026,O136723,2024-10-16,Full Return,3243.39,Damaged in transit
R53027,O143021,2025-01-09,Partial Return,207.48,Wrong size
R53028,O111421,2024-08-31,Full Return,161.39,Wrong size
R53029,O100409,2024-05-02,Full Return,2938.77,Defective
R53030,O129335,2024-05-24,Full Return,2767.08,Defective
R53031,O113112,2024-04-21,Full Return,174.99,Changed mind
R53032,O118287,2024-10-13,Full Return,4984.53,Changed mind
R53033,O149623,2024-08-25,Full Return,858.12,Wrong size
R53034,O140715,2024-05-06,Full Return,150.0,Wrong size
R53035,O129794,2024-07-27,Partial Return,31.41,Defective
R53036,O126036,2024-08-30,Full Return,69.6,Changed mind
R53037,O110902,2024-08-02,Full Return,188.35,Wrong size
R53038,O110562,2024-12-27,Partial Return,88.55,Wrong size
R53039,O100135,2024-09-13,Full Return,142.47,Defective
R53040,O142948,2024-02-27,Partial Return,1326.56,Not as described
R53041,O130610,2024-11-26,Full Return,112.5,Defective
R53042,O121439,2024-11-01,Full Return,112.75,Changed mind
R53043,O139039,2024-09-25,Full Return,281.48,Damaged in transit
R53044,O126987,2024-03-26,Full Return,2029.11,Changed mind
R53045,O128022,2024-02-01,Full Return,734.13,Defective
R53046,O120015,2024-03-15,Full Return,118.57,Changed mind
R53047,O116555,2024-09-04,Full Return,455.22,Not as described
R53048,O109311,2024-12-14,Full Return,9890.0,Not as described
R53049,O121361,2024-12-03,Full Return,295.22,Defective
R53050,O123626,2024-07-01,Full Return,7874.68,Defective
R53051,O143246,2024-09-06,Full Return,176.07,Defective
R53052,O115777,2024-11-13,Full Return,62.81,Wrong size
R53053,O138328,2024-11-24,Full Return,19.19,Wrong size
R53054,O108195,2024-12-02,Full Return,3740.47,Not as described
R53055,O148417,2024-04-22,Full Return,565.05,Changed mind
R53056,O145673,2024-09-10,Partial Return,42.6,Defective
R53057,O108837,2024-11-23,Full Return,414.96,Defective
R53058,O124255,2024-12-15,Partial Return,18.17,Changed mind
R53059,O127569,2024-07-04,Full Return,9470.61,Not as described
R53060,O129464,2025-01-19,Full Return,2971.12,Changed mind
R53061,O120174,2024-08-16,Full Return,63.15,Defective
R53062,O115341,2024-09-12,Full Return,109.8,Changed mind
R53063,O113396,2024-07-16,Full Return,69.6,Wrong size
R53064,O131504,2024-11-07,Full Return,14.01,Defective
R53065,O139119,2024-04-04,Partial Return,8380.26,Wrong size
R53066,O111597,2024-11-04,Full Return,642.55,Not as described
R53067,O105939,2024-10-29,Full Return,24.58,Changed mind
R53068,O106523,2024-11-24,Full Return,61.86,Not as described
R53069,O111066,2024-09-01,Full Return,191.85,Not as described
R53070,O128020,2024-09-08,Full Return,201.2,Wrong size
R53071,O124783,2024-11-16,Full Return,4408.16,Wrong size
R53072,O116394,2024-08-24,Full Return,10.61,Wrong size
R53073,O101910,2024-06-03,Full Return,18.23,Changed mind
R53074,O140679,2024-11-18,Full Return,441.5,Wrong size
R53075,O128301,2024-10-22,Full Return,115.96,Wrong size
R53076,O105350,2024-08-27,Partial Return,39.54,Changed mind
R53077,O143485,2024-11-01,Full Return,52.75,Changed mind
R53078,O130917,2024-03-19,Full Return,99.46,Changed mind
R53079,O127915,2024-12-23,Full Return,209.5,Defective
R53080,O113756,2024-11-08,Full Return,135.39,Damaged in transit
R53081,O145398,2024-09-21,Full Return,97.96,Not as described
R53082,O114320,2024-09-29,Full Return,108.91,Wrong size
R53083,O137712,2024-04-23,Full Return,1486.98,Not as described
R53084,O123308,2024-09-27,Full Return,749.32,Not as described
R53085,O116577,2024-05-29,Full Return,708.38,Wrong size
R53086,O143087,2025-01-19,Partial Return,7.53,Defective
R53087,O120000,2024-12-07,Partial Return,419.11,Not as described
R53088,O110637,2024-02-25,Full Return,85.45,Damaged in transit
R53089,O114735,2024-07-23,Full Return,102.54,Wrong size
R53090,O104662,2024-09-20,Full Return,34.41,Not as described
R53091,O120141,2024-11-26,Full Return,11.23,Changed mind
R53092,O128276,2024-07-05,Full Return,359.48,Changed mind
R53093,O103607,2024-07-01,Partial Return,45.0,Changed mind
R53094,O109259,2024-04-09,Partial Return,33.31,Defective
R53095,O112318,2024-11-22,Partial Return,42.6,Wrong size
R53096,O116241,2024-09-09,Full Return,185.86,Defective
R53097,O109377,2024-11-02,Full Return,212.13,Damaged in transit
R53098,O136515,2024-04-08,Full Return,292.17,Changed mind
R53099,O147210,2024-05-13,Full Return,643.02,Wrong size
R53100,O110455,2024-10-01,Partial Return,1854.38,Changed mind
R53101,O130091,2024-05-11,Full Return,11797.12,Wrong size
R53102,O115122,2024-08-30,Partial Return,1378.05,Not as described
R53103,O143680,2024-07-23,Full Return,340.8,Not as described
R53104,O130262,2024-12-31,Partial Return,617.55,Defective
R53105,O142658,2024-01-21,Full Return,25.68,Changed mind
R53106,O116517,2025-01-24,Full Return,161.39,Defective
R53107,O122866,2024-06-28,Full Return,2938.77,Not as described
R53108,O128928,2024-09-06,Full Return,289.45,Wrong size
R53109,O104711,2025-01-09,Full Return,115.58,Changed mind
R53110,O119602,2024-12-04,Partial Return,25.86,Wrong size
R53111,O112976,2024-12-19,Full Return,17718.03,Damaged in transit
R53112,O117106,2024-11-24,Full Return,145.57,Changed mind
R53113,O139017,2024-02-28,Full Return,104.4,Not as described
R53114,O142540,2024-04-25,Full Return,201.2,Defective
R53115,O137622,2024-12-04,Full Return,230.4,Wrong size
R53116,O133387,2025-01-15,Partial Return,7.55,Wrong size
R53117,O130292,2024-12-22,Full Return,56.15,Wrong size
R53118,O111820,2024-08-02,Full Return,13.27,Wrong size
R53119,O143062,2024-03-23,Partial Return,133.22,Wrong size
R53120,O117453,2024-07-27,Full Return,28.12,Not as described
R53121,O131431,2024-06-19,Partial Return,22.5,Not as described
R53122,O149716,2024-12-12,Full Return,459.3,Wrong size
R53123,O148455,2024-07-13,Full Return,97.8,Defective
R53124,O121380,2024-09-25,Full Return,62.99,Not as described
R53125,O132066,2024-05-25,Full Return,62.81,Not as described
R53126,O111039,2024-07-05,Full Return,113.53,Defective
R53127,O111153,2024-11-07,Partial Return,1394.61,Defective
R53128,O133758,2024-08-14,Full Return,64.87,Changed mind
R53129,O135213,2024-02-10,Full Return,69.55,Wrong size
R53130,O136820,2024-10-13,Full Return,398.14,Defective
R53131,O103460,2024-02-11,Full Return,328.8,Damaged in transit
R53132,O122114,2024-10-31,Full Return,66.12,Not as described
R53133,O120730,2024-12-29,Full Return,197.73,Changed mind
R53134,O113236,2024-04-13,Full Return,116.73,Damaged in transit
R53135,O101712,2024-12-19,Full Return,315.56,Not as described
R53136,O101717,2024-05-21,Full Return,15.11,Changed mind
R53137,O115699,2024-11-01,Full Return,86.27,Damaged in transit
R53138,O136544,2024-07-19,Full Return,631.6,Changed mind
R53139,O118354,2024-12-21,Full Return,115.92,Changed mind
R53140,O139651,2024-04-02,Full Return,58.69,Changed mind
R53141,O129897,2024-12-29,Full Return,433.06,Wrong size
R53142,O115068,2024-07-12,Full Return,25.73,Changed mind
R53143,O109238,2024-10-01,Full Return,1379.17,Wrong size
R53144,O141031,2024-12-16,Full Return,65.2,Changed mind
R53145,O122122,2024-12-07,Full Return,2472.5,Defective
R53146,O108449,2024-10-13,Full Return,170.58,Not as described
R53147,O143383,2024-06-24,Full Return,4308.38,Changed mind
R53148,O107998,2024-08-11,Full Return,315.63,Defective
R53149,O127534,2024-10-25,Full Return,3708.75,Defective
R53150,O122861,2024-10-03,Full Return,3937.34,Changed mind
R53151,O138505,2024-12-01,Full Return,213.32,Changed mind
R53152,O113568,2024-12-26,Full Return,94.22,Defective
R53153,O104230,2024-11-12,Full Return,81.31,Defective
R53154,O141826,2024-08-09,Full Return,676.37,Wrong size
R53155,O131993,2024-11-07,Partial Return,78.7,Wrong size
R53156,O109149,2024-10-18,Full Return,1913.83,Not as described
R53157,O114780,2024-11-19,Full Return,167.74,Wrong size
R53158,O121271,2024-10-06,Partial Return,107.72,Changed mind
R53159,O130722,2024-07-01,Full Return,811.18,Changed mind
R53160,O146033,2024-04-29,Full Return,886.54,Not as described
R53161,O149634,2024-11-19,Full Return,56.15,Changed mind
R53162,O130503,2024-12-25,Full Return,78.91,Not as described
R53163,O143974,2024-11-07,Partial Return,2938.77,Not as described
R53164,O118285,2024-04-19,Full Return,303.31,Changed mind
R53165,O139015,2024-04-16,Full Return,331.23,Wrong size
R53166,O140931,2024-06-26,Full Return,329.72,Changed mind
R53167,O125237,2024-07-30,Full Return,65.2,Changed mind
R53168,O150177,2024-07-11,Partial Return,135.09,Damaged in transit
R53169,O103199,2024-06-13,Full Return,522.99,Wrong size
R53170,O139215,2024-05-18,Partial Return,71.43,Not as described
R53171,O103601,2024-11-09,Full Return,382.28,Changed mind
R53172,O131987,2024-08-18,Full Return,475.53,Damaged in transit
R53173,O110843,2024-10-25,Full Return,2793.42,Changed mind
R53174,O146925,2025-01-12,Full Return,3708.75,Changed mind
R53175,O120629,2024-09-20,Full Return,217.82,Defective
R53176,O105732,2024-03-07,Partial Return,37.08,Wrong size
R53177,O125980,2024-11-25,Full Return,36.18,Damaged in transit
R53178,O104243,2024-05-04,Partial Return,47.36,Damaged in transit
R53179,O143996,2024-06-12,Full Return,4865.08,Not as described
R53180,O142841,2024-10-21,Full Return,22.35,Wrong size
R53181,O122900,2024-12-21,Full Return,58.36,Wrong size
R53182,O128594,2024-05-09,Partial Return,3937.34,Damaged in transit
R53183,O143487,2024-01-19,Full Return,38.56,Not as described
R53184,O131576,2024-12-04,Full Return,306.64,Not as described
R53185,O148323,2024-12-11,Full Return,2938.77,Changed mind
R53186,O146862,2025-01-15,Full Return,914.04,Defective
R53187,O146894,2024-05-17,Full Return,62.28,Wrong size
R53188,O123927,2024-04-27,Full Return,37.47,Changed mind
R53189,O106817,2024-11-29,Full Return,52.61,Changed mind
R53190,O134089,2024-12-16,Full Return,6677.99,Wrong size
R53191,O136125,2024-01-17,Full Return,142.42,Damaged in transit
R53192,O113649,2024-08-15,Full Return,119.78,Changed mind
R53193,O112121,2024-08-13,Partial Return,64.3,Damaged in transit
R53194,O135843,2024-09-30,Full Return,297.58,Defective
R53195,O130059,2024-12-04,Full Return,59.74,Not as described
R53196,O133169,2024-11-30,Full Return,78.92,Defective
R53197,O111621,2024-10-26,Full Return,1320.5,Changed mind
R53198,O103630,2024-12-25,Full Return,4329.8,Defective
R53199,O126383,2024-04-07,Full Return,343.61,Defective
R53200,O121760,2024-11-23,Full Return,221.42,Damaged in transit
R53201,O104963,2024-11-30,Full Return,51.46,Defective
R53202,O106085,2024-09-07,Full Return,8278.68,Wrong size
R53203,O123130,2024-11-18,Full Return,164.75,Changed mind
R53204,O116797,2024-03-31,Partial Return,573.49,Changed mind
R53205,O102120,2024-08-20,Full Return,154.16,Defective
R53206,O137646,2024-06-08,Full Return,67.65,Wrong size
R53207,O149815,2024-11-30,Full Return,228.52,Changed mind
R53208,O149903,2024-12-29,Full Return,33.69,Wrong size
R53209,O113456,2024-05-18,Full Return,323.9,Changed mind
R53210,O129280,2024-12-26,Partial Return,28.85,Not as described
R53211,O137854,2025-01-01,Full Return,939.64,Wrong size
R53212,O125492,2024-07-20,Full Return,67.47,Wrong size
R53213,O107411,2024-12-28,Partial Return,110.16,Changed mind
R53214,O112897,2024-11-12,Full Return,135.15,Wrong size
R53215,O121163,2024-09-24,Full Return,69.6,Changed mind
R53216,O147023,2024-07-02,Full Return,1164.3,Defective
R53217,O108668,2024-10-23,Full Return,2903.52,Defective
R53218,O107889,2024-08-15,Partial Return,98.09,Changed mind
R53219,O147380,2025-01-22,Full Return,760.96,Not as described
R53220,O106738,2024-10-24,Full Return,116.15,Defective
R53221,O128149,2024-12-10,Full Return,1659.68,Changed mind
R53222,O129324,2024-09-27,Full Return,108.47,Defective
R53223,O125132,2025-01-18,Full Return,1513.8,Defective
R53224,O130098,2024-08-15,Full Return,2653.11,Wrong size
R53225,O119855,2025-01-07,Partial Return,9.6,Defective
R53226,O100127,2024-11-04,Full Return,157.83,Changed mind
R53227,O129445,2024-07-26,Full Return,142.86,Changed mind
R53228,O101366,2025-01-27,Full Return,1082.25,Wrong size
R53229,O147226,2024-07-24,Full Return,142.42,Damaged in transit
R53230,O146820,2024-09-11,Full Return,63.2,Changed mind
R53231,O109397,2024-12-12,Full Return,29.6,Defective
R53232,O137087,2024-04-25,Partial Return,126.3,Changed mind
R53233,O124044,2024-11-25,Full Return,202.5,Changed mind
R53234,O133539,2024-10-05,Full Return,147.61,Changed mind
R53235,O146964,2025-01-25,Full Return,4735.3,Wrong size
R53236,O101967,2024-09-22,Full Return,415.21,Changed mind
R53237,O108268,2024-05-13,Full Return,33.59,Defective
R53238,O118157,2024-11-16,Full Return,922.36,Changed mind
R53239,O120029,2024-08-27,Partial Return,492.13,Changed mind
R53240,O107781,2024-07-31,Full Return,374.49,Changed mind
R53241,O134285,2024-11-29,Full Return,572.08,Wrong size
R53242,O139455,2024-08-30,Full Return,165.11,Defective
R53243,O121581,2024-05-18,Partial Return,8.61,Changed mind
R53244,O101592,2024-01-22,Full Return,14.9,Changed mind
R53245,O139176,2024-10-16,Full Return,56.15,Changed mind
R53246,O109654,2024-07-14,Full Return,7480.95,Wrong size
R53247,O150056,2024-04-05,Full Return,215.77,Changed mind
R53248,O129976,2025-01-02,Full Return,51.46,Wrong size
R53249,O119099,2024-03-07,Full Return,258.81,Changed mind
R53250,O107018,2024-09-03,Full Return,1129.77,Not as described
R53251,O123559,2024-07-21,Full Return,4788.63,Not as described
R53252,O102676,2025-01-25,Full Return,18.0,Changed mind
R53253,O149772,2024-12-31,Partial Return,507.28,Damaged in transit
R53254,O116784,2024-01-27,Full Return,257.24,Changed mind
R53255,O139515,2024-05-15,Full Return,49.14,Defective
R53256,O133464,2024-07-01,Full Return,44.4,Not as described
R53257,O148061,2024-09-10,Full Return,960.49,Changed mind
R53258,O141359,2025-01-05,Full Return,19938.12,Defective
R53259,O142316,2024-03-30,Full Return,19.19,Changed mind
R53260,O112657,2024-08-02,Partial Return,137.66,Wrong size
R53261,O147622,2024-11-19,Full Return,2029.11,Defective
R53262,O113866,2024-11-15,Partial Return,1241.13,Changed mind
R53263,O111198,2024-12-26,Full Return,99.15,Not as described
R53264,O127874,2024-09-03,Full Return,670.34,Changed mind
R53265,O109898,2024-11-08,Full Return,7874.68,Wrong size
R53266,O122745,2024-12-17,Partial Return,7.96,Not as described
R53267,O141849,2024-10-07,Full Return,228.36,Damaged in transit
R53268,O101149,2024-10-08,Full Return,8380.26,Changed mind
R53269,O101423,2024-06-05,Full Return,21.82,Changed mind
R53270,O126827,2025-01-11,Full Return,107.92,Defective
R53271,O129797,2024-12-24,Full Return,403.04,Damaged in transit
R53272,O145436,2024-01-28,Full Return,105.81,Changed mind
R53273,O141020,2025-01-23,Full Return,316.58,Not as described
R53274,O108463,2024-02-10,Partial Return,92.91,Changed mind
R53275,O129798,2025-01-07,Partial Return,30.42,Defective
R53276,O132426,2024-04-04,Partial Return,3591.47,Wrong size
R53277,O119202,2024-12-25,Partial Return,72.72,Defective
R53278,O101623,2024-06-10,Partial Return,57.98,Defective
R53279,O141062,2024-08-18,Full Return,1135.35,Changed mind
R53280,O116823,2024-10-14,Full Return,541.2,Changed mind
R53281,O103862,2024-09-11,Full Return,247.29,Not as described
R53282,O121231,2024-10-10,Full Return,162.27,Wrong size
R53283,O147309,2024-02-02,Full Return,268.34,Wrong size
R53284,O116127,2024-06-12,Full Return,246.91,Damaged in transit
R53285,O137847,2024-06-02,Partial Return,6.92,Defective
R53286,O138609,2024-12-25,Full Return,24.26,Damaged in transit
R53287,O123973,2024-10-06,Full Return,164.75,Defective
R53288,O123814,2024-12-25,Full Return,480.24,Wrong size
R53289,O116954,2024-06-10,Full Return,49.92,Not as described
R53290,O148428,2024-10-25,Full Return,34.73,Changed mind
R53291,O103780,2024-08-01,Full Return,3718.96,Wrong size
R53292,O101049,2024-04-22,Full Return,1173.2,Damaged in transit
R53293,O116924,2024-02-28,Full Return,75.0,Not as described
R53294,O110859,2024-07-08,Full Return,4092.96,Damaged in transit
R53295,O148571,2024-11-04,Full Return,380.48,Changed mind
R53296,O104390,2024-12-02,Full Return,27.3,Wrong size
R53297,O120731,2024-10-18,Full Return,49.98,Changed mind
R53298,O107702,2024-09-05,Full Return,142.21,Wrong size
R53299,O144086,2024-07-20,Full Return,176.57,Changed mind
R53300,O133904,2024-12-28,Full Return,4697.75,Changed mind
R53301,O122733,2024-08-25,Full Return,222.45,Not as described
R53302,O100576,2024-12-25,Partial Return,99.19,Wrong size
R53303,O113499,2024-03-04,Full Return,50.62,Changed mind
R53304,O114807,2024-07-28,Full Return,25.73,Not as described
R53305,O103042,2024-11-02,Full Return,63.15,Defective
R53306,O126535,2024-08-19,Full Return,57.7,Wrong size
R53307,O142363,2024-12-21,Full Return,340.8,Wrong size
R53308,O145121,2024-10-14,Full Return,89.22,Not as described
R53309,O117727,2024-10-14,Full Return,27.6,Defective
R53310,O115430,2024-06-06,Partial Return,81.14,Changed mind
R53311,O148296,2024-07-24,Full Return,63.2,Defective
R53312,O148261,2024-02-23,Partial Return,2432.54,Changed mind
R53313,O108084,2024-05-29,Full Return,1881.71,Wrong size
R53314,O108987,2024-02-06,Full Return,61.35,Defective
R53315,O109383,2024-11-06,Full Return,489.42,Wrong size
R53316,O127841,2024-05-14,Full Return,34.78,Not as described
R53317,O113098,2024-10-08,Partial Return,20.37,Damaged in transit
R53318,O116605,2024-08-05,Full Return,20.19,Damaged in transit
R53319,O126504,2025-01-08,Full Return,210.8,Changed mind
R53320,O135068,2024-12-18,Full Return,69.6,Changed mind
R53321,O139879,2024-10-25,Full Return,56.87,Defective
R53322,O103616,2024-11-12,Partial Return,13.65,Damaged in transit
R53323,O135295,2024-02-26,Full Return,2653.75,Not as described
R53324,O112456,2024-09-29,Full Return,54.85,Wrong size
R53325,O129598,2025-01-24,Full Return,61.35,Wrong size
R53326,O136354,2024-07-30,Full Return,6462.57,Not as described
R53327,O104982,2024-08-28,Full Return,78.91,Wrong size
R53328,O102517,2024-10-15,Full Return,151.88,Wrong size
R53329,O147149,2024-11-16,Full Return,15.74,Wrong size
R53330,O109350,2024-10-20,Full Return,128.99,Changed mind
R53331,O117664,2024-11-01,Full Return,2250.23,Defective
R53332,O100860,2024-12-18,Full Return,451.0,Wrong size
R53333,O128492,2024-03-15,Partial Return,35.0,Wrong size
R53334,O146092,2024-12-23,Full Return,7422.38,Defective
R53335,O118303,2024-12-24,Full Return,2177.64,Defective
R53336,O140148,2024-07-16,Full Return,91.42,Defective
R53337,O103868,2024-09-19,Full Return,174.3,Not as described
R53338,O120345,2024-08-27,Full Return,27.11,Wrong size
R53339,O130299,2024-12-27,Full Return,265.72,Damaged in transit
R53340,O135056,2024-09-01,Full Return,248.13,Changed mind
R53341,O147697,2024-08-06,Full Return,290.64,Changed mind
R53342,O146067,2024-09-24,Full Return,922.36,Changed mind
R53343,O119398,2024-12-25,Full Return,37.56,Wrong size
R53344,O146794,2024-08-14,Full Return,132.24,Changed mind
R53345,O137493,2024-08-12,Full Return,224.96,Changed mind
R53346,O101350,2024-11-09,Full Return,1497.36,Damaged in transit
R53347,O106717,2024-09-16,Full Return,8816.31,Defective
R53348,O123792,2024-04-16,Full Return,4945.0,Changed mind
R53349,O111571,2024-05-11,Full Return,165.61,Changed mind
R53350,O146390,2024-09-24,Full Return,213.57,Not as described
R53351,O126653,2024-04-15,Partial Return,150.53,Changed mind
R53352,O124796,2024-10-04,Full Return,441.91,Changed mind
R53353,O130676,2024-09-06,Full Return,52.05,Defective
R53354,O115916,2024-09-14,Partial Return,347.6,Changed mind
R53355,O139993,2024-02-29,Full Return,29.6,Changed mind
R53356,O110801,2024-09-04,Partial Return,82.19,Wrong size
R53357,O114046,2024-04-08,Full Return,142.47,Wrong size
R53358,O104949,2024-09-25,Full Return,800.73,Wrong size
R53359,O121587,2024-10-26,Full Return,159.7,Wrong size
R53360,O136731,2024-04-28,Full Return,4984.53,Wrong size
R53361,O147780,2025-01-26,Full Return,75.93,Not as described
R53362,O134567,2024-09-11,Full Return,7476.8,Damaged in transit
R53363,O137720,2024-10-02,Full Return,151.74,Defective
R53364,O128165,2024-09-17,Full Return,99.93,Wrong size
R53365,O110833,2024-08-15,Partial Return,135.63,Changed mind
R53366,O102662,2024-05-17,Full Return,54.82,Defective
R53367,O145969,2024-10-19,Full Return,361.69,Changed mind
R53368,O133331,2024-02-14,Partial Return,406.17,Damaged in transit
R53369,O149574,2024-08-19,Full Return,1201.1,Defective
R53370,O145385,2024-09-25,Full Return,213.32,Wrong size
R53371,O119636,2024-11-09,Full Return,125.9,Wrong size
R53372,O120800,2024-04-04,Full Return,115.92,Wrong size
R53373,O105032,2024-06-16,Full Return,177.63,Changed mind
R53374,O102878,2024-06-13,Full Return,61.94,Wrong size
R53375,O133068,2024-04-29,Full Return,140.53,Wrong size
R53376,O146719,2024-03-14,Full Return,16760.52,Wrong size
R53377,O128551,2024-12-14,Full Return,32.53,Changed mind
R53378,O147789,2024-07-02,Full Return,1070.76,Changed mind
R53379,O115863,2024-03-09,Full Return,105.21,Wrong size
R53380,O105411,2024-12-03,Full Return,177.63,Wrong size
R53381,O141585,2024-03-24,Partial Return,200.01,Wrong size
R53382,O141356,2024-05-19,Partial Return,7.36,Not as described
R53383,O138372,2024-05-03,Full Return,84.8,Changed mind
R53384,O124087,2024-03-31,Full Return,2620.8,Wrong size
R53385,O100261,2024-12-06,Full Return,163.09,Defective
R53386,O145608,2024-10-22,Full Return,396.66,Changed mind
R53387,O126684,2024-12-05,Full Return,36.34,Wrong size
R53388,O140866,2024-04-15,Full Return,252.6,Not as described
R53389,O131095,2024-10-09,Full Return,169.85,Defective
R53390,O133080,2024-04-24,Full Return,35.14,Not as described
R53391,O120114,2024-10-12,Partial Return,66.75,Changed mind
R53392,O144003,2025-01-20,Partial Return,399.49,Changed mind
R53393,O111004,2025-01-13,Full Return,152.35,Changed mind
R53394,O148957,2024-10-13,Full Return,64.08,Not as described
R53395,O109857,2024-12-29,Partial Return,67.69,Wrong size
R53396,O115530,2025-01-02,Partial Return,113.81,Changed mind
R53397,O123887,2024-03-22,Full Return,219.39,Changed mind
R53398,O121399,2024-12-24,Full Return,56.19,Not as described
R53399,O141502,2024-07-09,Full Return,66.43,Changed mind
R53400,O142832,2024-11-05,Partial Return,505.2,Changed mind
R53401,O135094,2024-11-28,Full Return,40.74,Damaged in transit
R53402,O127778,2024-01-13,Full Return,33.12,Damaged in transit
R53403,O138721,2024-12-26,Full Return,113.74,Changed mind
R53404,O123334,2024-07-21,Full Return,252.6,Changed mind
R53405,O106320,2024-12-09,Full Return,181.88,Wrong size
R53406,O120709,2025-01-02,Full Return,59.99,Defective
R53407,O140730,2024-10-01,Partial Return,255.03,Damaged in transit
R53408,O131664,2024-01-24,Full Return,2938.77,Defective
R53409,O132273,2024-11-02,Full Return,55.5,Changed mind
R53410,O127435,2024-12-25,Full Return,174.98,Wrong size
R53411,O128449,2024-09-18,Full Return,104.1,Not as described
R53412,O127919,2024-10-08,Partial Return,256.83,Changed mind
R53413,O125921,2024-07-26,Full Return,989.16,Changed mind
R53414,O122839,2024-08-03,Partial Return,122.7,Changed mind
R53415,O135586,2024-12-10,Full Return,74.15,Changed mind
R53416,O105258,2024-07-20,Full Return,269.58,Wrong size
R53417,O148104,2024-03-17,Full Return,42.79,Changed mind
R53418,O107377,2024-07-09,Full Return,58.36,Wrong size
R53419,O112217,2025-01-10,Full Return,272.82,Not as described
R53420,O115452,2024-01-24,Full Return,118.62,Defective
R53421,O143147,2024-12-21,Full Return,284.52,Changed mind
R53422,O123897,2024-02-29,Full Return,1156.86,Damaged in transit
R53423,O114491,2024-04-06,Full Return,4308.38,Wrong size
R53424,O100671,2024-11-27,Full Return,206.49,Not as described
R53425,O105658,2024-10-28,Full Return,119.34,Wrong size
R53426,O123184,2024-07-27,Full Return,66.31,Not as described
R53427,O148768,2024-06-23,Full Return,347.88,Wrong size
R53428,O126991,2024-07-20,Full Return,170.02,Defective
R53429,O100982,2024-07-13,Full Return,63.2,Changed mind
R53430,O149105,2024-10-29,Full Return,39.88,Not as described
R53431,O111754,2024-08-14,Partial Return,599.23,Damaged in transit
R53432,O129359,2024-08-21,Full Return,16.77,Changed mind
R53433,O142089,2024-11-04,Full Return,253.9,Damaged in transit
R53434,O118822,2024-04-27,Full Return,15.48,Wrong size
R53435,O109079,2024-09-29,Partial Return,76.91,Changed mind
R53436,O123253,2024-08-19,Full Return,271.26,Not as described
R53437,O116253,2024-08-27,Full Return,73.81,Defective
R53438,O131768,2024-02-02,Full Return,271.26,Wrong size
R53439,O130975,2024-12-19,Full Return,88.8,Changed mind
R53440,O101751,2024-07-13,Full Return,125.8,Wrong size
R53441,O124858,2024-12-19,Full Return,246.91,Wrong size
R53442,O147316,2024-09-28,Full Return,2482.26,Changed mind
R53443,O111169,2024-06-04,Full Return,66.62,Damaged in transit
R53444,O136386,2024-12-22,Partial Return,52.38,Not as described
R53445,O118375,2024-06-04,Full Return,4788.63,Wrong size
R53446,O106066,2024-09-06,Full Return,2472.5,Not as described
R53447,O108314,2024-07-21,Full Return,53.92,Wrong size
R53448,O126061,2024-10-02,Full Return,104.32,Defective
R53449,O122709,2024-09-18,Full Return,225.5,Wrong size
R53450,O116801,2024-09-04,Full Return,317.02,Defective
R53451,O110792,2024-10-18,Full Return,243.41,Not as described
R53452,O144108,2024-09-03,Full Return,307.5,Changed mind
R53453,O146177,2024-07-07,Full Return,756.9,Wrong size
R53454,O148168,2024-04-01,Full Return,71.25,Not as described
R53455,O117695,2024-11-14,Partial Return,63.15,Changed mind
R53456,O135697,2024-11-02,Full Return,1285.23,Changed mind
R53457,O132621,2024-08-09,Partial Return,1966.18,Not as described
R53458,O131307,2024-09-06,Full Return,9969.06,Damaged in transit
R53459,O101837,2024-12-20,Partial Return,361.69,Changed mind
R53460,O132053,2024-06-02,Partial Return,67.89,Changed mind
R53461,O140007,2024-01-28,Partial Return,44.02,Changed mind
R53462,O136276,2024-12-03,Full Return,660.25,Not as described
R53463,O127001,2024-12-21,Full Return,36.96,Changed mind
R53464,O133939,2024-03-19,Full Return,115.2,Changed mind
R53465,O130185,2024-11-08,Full Return,158.51,Changed mind
R53466,O134890,2025-01-12,Full Return,16.15,Not as described
R53467,O150083,2024-10-05,Partial Return,101.83,Wrong size
R53468,O103816,2024-04-14,Full Return,340.8,Wrong size
R53469,O111519,2024-09-24,Partial Return,32.73,Damaged in transit
R53470,O141861,2024-01-12,Partial Return,19.12,Defective
R53471,O127036,2024-11-10,Partial Return,1088.82,Defective
R53472,O117105,2024-12-02,Partial Return,441.43,Changed mind
R53473,O112689,2024-11-29,Full Return,811.18,Changed mind
R53474,O106252,2024-11-28,Full Return,303.48,Changed mind
R53475,O117464,2024-08-17,Partial Return,110.27,Defective
R53476,O144012,2024-09-26,Partial Return,63.95,Damaged in transit
R53477,O127236,2024-03-18,Partial Return,113.81,Changed mind
R53478,O110682,2024-11-07,Full Return,20.96,Not as described
R53479,O128692,2024-05-02,Full Return,313.22,Damaged in transit
R53480,O131737,2025-01-17,Partial Return,429.06,Wrong size
R53481,O120323,2024-09-01,Full Return,264.44,Defective
R53482,O138022,2024-10-06,Partial Return,660.25,Wrong size
R53483,O114200,2025-01-19,Full Return,1694.66,Wrong size
R53484,O144065,2024-03-26,Full Return,169.13,Wrong size
R53485,O133377,2024-07-29,Full Return,428.68,Defective
R53486,O115051,2024-12-20,Partial Return,79.13,Wrong size
R53487,O143426,2024-10-31,Full Return,428.41,Wrong size
R53488,O127168,2025-01-07,Partial Return,81.68,Not as described
R53489,O144220,2025-01-05,Full Return,295.22,Wrong size
R53490,O129554,2024-03-02,Full Return,164.75,Changed mind
R53491,O121526,2024-10-03,Full Return,63.2,Changed mind
R53492,O134481,2024-11-29,Full Return,649.08,Wrong size
R53493,O105721,2024-09-26,Full Return,38.56,Defective
R53494,O130509,2024-12-24,Partial Return,719.5,Wrong size
R53495,O148906,2024-05-21,Full Return,144.73,Defective
R53496,O136792,2024-06-28,Full Return,63.2,Wrong size
R53497,O137129,2024-11-13,Partial Return,503.64,Changed mind
R53498,O130421,2024-08-25,Full Return,257.7,Not as described
R53499,O116479,2024-10-28,Full Return,158.51,Wrong size
R53500,O141831,2024-12-15,Full Return,221.42,Not as described
R53501,O134933,2024-08-26,Full Return,12925.14,Wrong size
R53502,O127866,2024-04-08,Partial Return,324.54,Changed mind
R53503,O121321,2025-01-12,Partial Return,104.45,Defective
R53504,O122816,2024-06-12,Full Return,466.64,Defective
R53505,O107088,2024-02-02,Full Return,104.99,Not as described
R53506,O115560,2024-09-30,Full Return,3937.34,Changed mind
R53507,O134770,2024-05-02,Full Return,94.8,Changed mind
R53508,O119327,2024-09-24,Full Return,2938.77,Defective
R53509,O140835,2024-07-22,Full Return,243.41,Damaged in transit
R53510,O137012,2024-07-05,Partial Return,8.61,Not as described
R53511,O125030,2024-07-16,Partial Return,7182.94,Changed mind
R53512,O120294,2024-05-22,Full Return,70.44,Changed mind
R53513,O138059,2024-08-17,Full Return,54.46,Wrong size
R53514,O134496,2024-12-02,Full Return,83.48,Changed mind
R53515,O136167,2024-09-07,Full Return,1329.81,Defective
R53516,O108385,2024-11-07,Partial Return,691.77,Wrong size
R53517,O149337,2024-02-01,Partial Return,201.52,Damaged in transit
R53518,O140499,2025-01-12,Full Return,1056.72,Defective
R53519,O147213,2025-01-08,Full Return,4355.28,Defective
R53520,O122876,2024-06-01,Full Return,35.95,Not as described
R53521,O150007,2024-08-29,Full Return,148.65,Defective
R53522,O143132,2025-01-02,Full Return,215.19,Damaged in transit
R53523,O106989,2024-11-21,Partial Return,128.41,Defective
R53524,O103393,2025-01-03,Partial Return,97.89,Changed mind
R53525,O131292,2024-11-09,Full Return,38.25,Defective
R53526,O101637,2024-10-25,Partial Return,138.78,Changed mind
R53527,O127204,2024-12-30,Partial Return,272.82,Not as described
R53528,O140674,2024-08-13,Full Return,873.22,Wrong size
R53529,O116451,2024-06-20,Partial Return,141.88,Damaged in transit
R53530,O132598,2024-12-22,Partial Return,1070.76,Wrong size
R53531,O131199,2024-07-11,Full Return,210.37,Wrong size
R53532,O118706,2024-11-17,Full Return,47.27,Changed mind
R53533,O101995,2024-12-15,Full Return,269.14,Defective
R53534,O118827,2024-10-02,Full Return,413.22,Wrong size
R53535,O147951,2024-11-14,Full Return,1379.17,Defective
R53536,O108297,2024-09-01,Full Return,90.25,Not as described
R53537,O117446,2024-10-26,Full Return,204.84,Defective
R53538,O130454,2024-06-06,Full Return,153.1,Damaged in transit
R53539,O114020,2025-01-09,Full Return,14.16,Changed mind
R53540,O144475,2024-11-06,Full Return,47.95,Changed mind
R53541,O112274,2024-12-12,Full Return,13.76,Not as described
R53542,O104897,2024-11-26,Full Return,28.79,Wrong size
R53543,O126232,2024-09-19,Full Return,432.46,Not as described
R53544,O101019,2024-12-06,Full Return,3937.34,Wrong size
R53545,O114379,2024-10-06,Full Return,86.91,Damaged in transit
R53546,O107309,2024-05-08,Full Return,329.08,Changed mind
R53547,O105818,2024-10-12,Partial Return,315.82,Defective
R53548,O109799,2024-04-18,Partial Return,17.62,Wrong size
R53549,O115009,2024-10-13,Full Return,24.44,Changed mind
R53550,O146774,2024-04-17,Full Return,824.09,Not as described
R53551,O139364,2024-01-25,Partial Return,45.7,Not as described
R53552,O114403,2024-08-18,Partial Return,13.12,Changed mind
R53553,O121905,2024-11-28,Full Return,134.57,Changed mind
R53554,O104746,2024-05-14,Partial Return,438.78,Wrong size
R53555,O136536,2024-09-11,Full Return,361.69,Changed mind
R53556,O109763,2024-09-15,Full Return,197.44,Damaged in transit
R53557,O105090,2024-11-08,Full Return,44.61,Changed mind
R53558,O125603,2024-12-06,Full Return,782.1,Changed mind
R53559,O147949,2024-12-16,Partial Return,315.82,Changed mind
R53560,O141444,2024-11-24,Full Return,495.33,Damaged in transit
R53561,O150157,2024-10-31,Partial Return,29.14,Damaged in transit
R53562,O113612,2024-06-09,Full Return,70.62,Wrong size
R53563,O135103,2024-04-30,Full Return,542.24,Damaged in transit
R53564,O129042,2024-10-28,Partial Return,42.11,Wrong size
R53565,O149002,2024-07-05,Full Return,37.17,Wrong size
R53566,O147347,2024-10-17,Full Return,876.24,Wrong size
R53567,O147273,2024-06-29,Full Return,676.37,Not as described
R53568,O136341,2024-10-08,Partial Return,157.83,Changed mind
R53569,O147481,2024-02-18,Full Return,152.35,Changed mind
R53570,O110568,2024-08-19,Partial Return,57.79,Changed mind
R53571,O100343,2024-06-04,Full Return,80.5,Defective
R53572,O128196,2024-11-04,Full Return,86.36,Changed mind
R53573,O116736,2024-04-29,Partial Return,111.13,Wrong size
R53574,O137024,2024-06-03,Partial Return,301.06,Wrong size
R53575,O138445,2024-09-23,Full Return,76.8,Wrong size
R53576,O112026,2024-08-24,Full Return,65.26,Changed mind
R53577,O132158,2024-04-25,Full Return,97.89,Damaged in transit
R53578,O134346,2024-12-11,Partial Return,18.45,Defective
R53579,O148593,2024-05-14,Full Return,38.91,Changed mind
R53580,O114710,2025-01-20,Full Return,1007.28,Changed mind
R53581,O103087,2024-10-20,Full Return,181.88,Wrong size
R53582,O122353,2024-09-12,Full Return,75.54,Wrong size
R53583,O104680,2024-10-05,Full Return,437.06,Wrong size
R53584,O129364,2024-09-12,Full Return,237.15,Defective
R53585,O103314,2024-09-20,Full Return,261.45,Wrong size
R53586,O123914,2024-01-29,Full Return,185.45,Defective
R53587,O148955,2024-10-01,Full Return,4139.34,Defective
R53588,O124175,2025-01-01,Full Return,25.51,Changed mind
R53589,O103198,2024-09-05,Full Return,132.63,Defective
R53590,O149473,2024-09-08,Full Return,412.12,Not as described
R53591,O107983,2025-01-04,Full Return,157.15,Changed mind
R53592,O132711,2024-01-24,Full Return,153.1,Changed mind
R53593,O130152,2024-02-11,Full Return,283.77,Not as described
R53594,O138953,2024-11-25,Full Return,213.39,Defective
R53595,O103619,2024-11-28,Full Return,1030.17,Changed mind
R53596,O135532,2024-07-18,Partial Return,41.35,Changed mind
R53597,O109925,2025-01-03,Full Return,95.57,Changed mind
R53598,O140330,2024-12-31,Full Return,699.46,Not as described
R53599,O119248,2024-11-16,Full Return,628.51,Wrong size
R53600,O112408,2024-05-25,Partial Return,150.53,Changed mind
R53601,O125798,2024-02-22,Partial Return,2164.38,Wrong size
R53602,O125964,2024-03-24,Full Return,85.74,Damaged in transit
R53603,O117892,2024-09-25,Full Return,40.38,Not as described
R53604,O118368,2024-03-04,Full Return,396.78,Defective
R53605,O126879,2024-11-26,Partial Return,140.53,Wrong size
R53606,O142538,2024-03-27,Full Return,92.02,Changed mind
R53607,O111496,2024-09-29,Full Return,145.82,Wrong size
R53608,O113762,2024-10-22,Partial Return,271.74,Damaged in transit
R53609,O115881,2025-01-14,Full Return,66.87,Wrong size
R53610,O147262,2024-10-25,Full Return,325.61,Not as described
R53611,O104402,2024-11-16,Partial Return,959.34,Changed mind
R53612,O147767,2024-12-22,Partial Return,599.23,Defective
R53613,O139753,2024-11-19,Full Return,406.46,Not as described
